Type,ID,Name,Display Name,Workspace,Duration,Create Date,Account
Media Asset,3143815,3005 DECODE FULL,3005 DECODE FULL,Decode,3413760000,2025-05-31T05:01:13Z,208
Media Asset,3143735,KathaSaichi_EP19,KathaSaichi_EP19,DD Mumbai,1476320000,2025-05-30T12:30:01Z,208
Media Asset,3143734,AamchiAnanyaEp84,AamchiAnanyaEp84,DD Mumbai,1368200000,2025-05-30T11:52:27Z,208
Media Asset,3143733,KathaSaichi_EP16,KathaSaichi_EP16,DD Mumbai,1622040000,2025-05-30T11:46:47Z,208
Media Asset,3143732,KathaSaichi_EP15,KathaSaichi_EP15,DD Mumbai,1589800000,2025-05-30T11:37:26Z,208
Media Asset,3143731,KathaSaichi_EP14,KathaSaichi_EP14,DD Mumbai,1619040000,2025-05-30T11:28:24Z,208
Media Asset,3143728,Sarojini E15,Sarojini E15,DD Podhigai (Chennai),1422960000,2025-05-30T10:38:57Z,208
Media Asset,3143727,Sarojini E14,Sarojini E14,DD Podhigai (Chennai),1424160000,2025-05-30T10:32:46Z,208
Media Asset,3143726,Sarojini E13,Sarojini E13,DD Podhigai (Chennai),1448200000,2025-05-30T10:26:36Z,208
Media Asset,3139382,Sarojini E12,Sarojini E12,DD Podhigai (Chennai),1419240000,2025-05-30T10:20:49Z,208
Media Asset,3139379,KathaSaichi_EP13,KathaSaichi_EP13,DD Mumbai,1629040000,2025-05-30T10:20:06Z,208
Media Asset,3139378,Symphony of India Bharat Ki Goonj EP 06 Final,Symphony of India Bharat Ki Goonj EP 06 Final,DD National,2752160000,2025-05-30T09:03:29Z,208
Media Asset,3139377,Symphony of India Bharat Ki Goonj EP 19,Symphony of India Bharat Ki Goonj EP 19,DD National,2886120000,2025-05-30T09:03:21Z,208
Media Asset,3139376,Symphony of India Bharat Ki Goonj EP 17,Symphony of India Bharat Ki Goonj EP 17,DD National,2889160000,2025-05-30T08:58:48Z,208
Media Asset,3139375,Symphony of India Bharat Ki Goonj EP 22,Symphony of India Bharat Ki Goonj EP 22,DD National,2729200000,2025-05-30T08:50:08Z,208
Media Asset,3139374,Symphony of India Bharat Ki Goonj EP 21,Symphony of India Bharat Ki Goonj EP 21,DD National,2901040000,2025-05-30T08:49:37Z,208
Media Asset,3139373,Symphony of India Bharat Ki Goonj EP 18,Symphony of India Bharat Ki Goonj EP 18,DD National,2874760000,2025-05-30T08:49:18Z,208
Media Asset,3139372,Symphony of India Bharat Ki Goonj EP 23,Symphony of India Bharat Ki Goonj EP 23,DD National,2886680000,2025-05-30T08:48:57Z,208
Media Asset,3139371,Symphony of India Bharat Ki Goonj EP 20,Symphony of India Bharat Ki Goonj EP 20,DD National,2874000000,2025-05-30T08:48:47Z,208
Media Asset,3139370,Symphony of India Bharat Ki Goonj EP 16,Symphony of India Bharat Ki Goonj EP 16,DD National,2805520000,2025-05-30T08:48:27Z,208
Media Asset,3139369,Symphony of India Bharat Ki Goonj EP 14,Symphony of India Bharat Ki Goonj EP 14,DD National,2859160000,2025-05-30T08:47:57Z,208
Media Asset,3139368,Symphony of India Bharat Ki Goonj EP 13,Symphony of India Bharat Ki Goonj EP 13,DD National,2912320000,2025-05-30T08:47:27Z,208
Media Asset,3139367,Symphony of India Bharat Ki Goonj EP 15,Symphony of India Bharat Ki Goonj EP 15,DD National,2916920000,2025-05-30T08:43:30Z,208
Media Asset,3139360,Symphony of India Bharat Ki Goonj EP 12,Symphony of India Bharat Ki Goonj EP 12,DD National,2797360000,2025-05-30T08:37:40Z,208
Media Asset,3139359,Symphony of India Bharat Ki Goonj EP 10,Symphony of India Bharat Ki Goonj EP 10,DD National,2845240000,2025-05-30T08:30:52Z,208
Media Asset,3139358,Symphony of India Bharat Ki Goonj EP 11,Symphony of India Bharat Ki Goonj EP 11,DD National,2889000000,2025-05-30T08:30:52Z,208
Media Asset,3139357,Symphony of India Bharat Ki Goonj EP 05,Symphony of India Bharat Ki Goonj EP 05,DD National,2740160000,2025-05-30T08:29:50Z,208
Media Asset,3139356,Symphony of India Bharat Ki Goonj EP 09,Symphony of India Bharat Ki Goonj EP 09,DD National,2882160000,2025-05-30T08:29:50Z,208
Media Asset,3139355,Symphony of India Bharat Ki Goonj EP 07,Symphony of India Bharat Ki Goonj EP 07,DD National,2686280000,2025-05-30T08:29:50Z,208
Media Asset,3139354,Symphony of India Bharat Ki Goonj EP 06,Symphony of India Bharat Ki Goonj EP 06,DD National,2752720000,2025-05-30T08:29:50Z,208
Media Asset,3139353,Symphony of India Bharat Ki Goonj EP 04,Symphony of India Bharat Ki Goonj EP 04,DD National,2795920000,2025-05-30T08:29:50Z,208
Media Asset,3139352,Symphony of India Bharat Ki Goonj EP 08,Symphony of India Bharat Ki Goonj EP 08,DD National,2759240000,2025-05-30T08:29:50Z,208
Media Asset,3139351,Symphony of India Bharat Ki Goonj EP 02,Symphony of India Bharat Ki Goonj EP 02,DD National,2743600000,2025-05-30T08:28:47Z,208
Media Asset,3139350,Symphony of India Bharat Ki Goonj EP 01,Symphony of India Bharat Ki Goonj EP 01,DD National,2764720000,2025-05-30T08:28:47Z,208
Media Asset,3139349,Symphony of India Bharat Ki Goonj EP 03,Symphony of India Bharat Ki Goonj EP 03,DD National,2669920000,2025-05-30T08:28:47Z,208
Media Asset,3139348,2905 full episode new,2905 full episode new,Decode,3324560000,2025-05-30T08:18:44Z,208
Media Asset,3139347,KathaSaichi_EP08,KathaSaichi_EP08,DD Mumbai,1499840000,2025-05-30T07:34:39Z,208
Media Asset,3139346,KathaSaichi_EP07,KathaSaichi_EP07,DD Mumbai,1505840000,2025-05-30T07:26:57Z,208
Media Asset,3139342,Maitraheshabdsuranche_AshokHande_Part2,Maitraheshabdsuranche_AshokHande_Part2,DD Mumbai,3325520000,2025-05-30T06:23:14Z,208
Media Asset,3139324,Sarojini E5,Sarojini E5,DD Podhigai (Chennai),1426280000,2025-05-30T04:40:08Z,208
Media Asset,3139315,KathaSaichi_EP02,KathaSaichi_EP02,DD Mumbai,1318960000,2025-05-29T11:33:18Z,208
Media Asset,3138127,KathaSaichi_EP18,KathaSaichi_EP18,DD Mumbai,1550440000,2025-05-30T12:14:10Z,208
Media Asset,3138126,KathaSaichi_EP17,KathaSaichi_EP17,DD Mumbai,1593480000,2025-05-30T12:04:11Z,208
Media Asset,3138124,Sarojini E11,Sarojini E11,DD Podhigai (Chennai),1439680000,2025-05-30T10:13:22Z,208
Media Asset,3138118,KathaSaichi_EP12,KathaSaichi_EP12,DD Mumbai,1672120000,2025-05-30T10:12:08Z,208
Media Asset,3138115,KathaSaichi_EP11,KathaSaichi_EP11,DD Mumbai,1426640000,2025-05-30T09:25:15Z,208
Media Asset,3138114,BAGHBAN KI RASOI EP-06,BAGHBAN KI RASOI EP-06,DD Kisan,1362480000,2025-05-30T09:19:23Z,208
Media Asset,3138113,KathaSaichi_EP10,KathaSaichi_EP10,DD Mumbai,1489680000,2025-05-30T09:18:32Z,208
Media Asset,3138112,BAGHBAN KI RASOI EP-05,BAGHBAN KI RASOI EP-05,DD Kisan,1394960000,2025-05-30T09:14:33Z,208
Media Asset,3138110,KathaSaichi_EP09,KathaSaichi_EP09,DD Mumbai,1567760000,2025-05-30T09:08:20Z,208
Media Asset,3138109,BAGHBAN KI RASOI EP 02,BAGHBAN KI RASOI EP 02,DD Kisan,1368720000,2025-05-30T09:08:20Z,208
Media Asset,3138107,BAGHBAN KI RASOI EP 01,BAGHBAN KI RASOI EP 01,DD Kisan,1420440000,2025-05-30T09:07:51Z,208
Media Asset,3138106,Symphony of India Bharat Ki Goonj EP 25,Symphony of India Bharat Ki Goonj EP 25,DD National,2905280000,2025-05-30T09:07:11Z,208
Media Asset,3138105,Symphony of India Bharat Ki Goonj EP 24,Symphony of India Bharat Ki Goonj EP 24,DD National,2783120000,2025-05-30T09:07:01Z,208
Media Asset,3138104,Symphony of India Bharat Ki Goonj EP 26,Symphony of India Bharat Ki Goonj EP 26,DD National,4489360000,2025-05-30T09:04:09Z,208
Media Asset,3138101,KathaSaichi_EP06,KathaSaichi_EP06,DD Mumbai,1446440000,2025-05-30T07:14:39Z,208
Media Asset,3138100,KathaSaichi_EP05,KathaSaichi_EP05,DD Mumbai,1600520000,2025-05-30T07:08:29Z,208
Media Asset,3138096,KathaSaichi_EP04,KathaSaichi_EP04,DD Mumbai,1539360000,2025-05-30T06:53:21Z,208
Media Asset,3138090,KathaSaichi_EP03,KathaSaichi_EP03,DD Mumbai,1571680000,2025-05-30T05:53:47Z,208
Media Asset,3135712,Maitraheshabdsuranche_AshokHande_Part1,Maitraheshabdsuranche_AshokHande_Part1,DD Mumbai,3308360000,2025-05-29T11:23:25Z,208
Media Asset,3135671,Sarojini E9,Sarojini E9,DD Podhigai (Chennai),1415720000,2025-05-29T09:35:52Z,208
Media Asset,3135665,Dharti ka amrit jaivik kheti ep-26,Dharti ka amrit jaivik kheti ep-26,DD Kisan,1569400000,2025-05-29T08:58:59Z,208
Media Asset,3135661,Sarojini E8,Sarojini E8,DD Podhigai (Chennai),1425960000,2025-05-29T08:50:02Z,208
Media Asset,3134710,343d0ece-3630-4b73-98fb-e03dc7e4a2c3.mp4,343d0ece-3630-4b73-98fb-e03dc7e4a2c3.mp4,PB-Archives-A,3532982993,2025-05-29T08:32:48Z,208
Media Asset,3134709,35abd5f2-30fc-4e53-a51e-1ae20db70894.mp4,35abd5f2-30fc-4e53-a51e-1ae20db70894.mp4,PB-Archives-A,2093210998,2025-05-29T08:32:20Z,208
Media Asset,3134708,7f4b080a-42c7-47cd-ac06-6759dc532be5.mp4,7f4b080a-42c7-47cd-ac06-6759dc532be5.mp4,PB-Archives-A,1729985011,2025-05-29T08:32:00Z,208
Media Asset,3134707,48c1c21b-9f38-408b-b025-0a55b163330d.mp4,48c1c21b-9f38-408b-b025-0a55b163330d.mp4,PB-Archives-A,1344418005,2025-05-29T08:31:42Z,208
Media Asset,3134703,374a89f8-768c-45e3-9448-6463447b6028.mp4,374a89f8-768c-45e3-9448-6463447b6028.mp4,PB-Archives-A,296321995,2025-05-29T08:30:14Z,208
Media Asset,3134702,f44a6b8d-6b5d-4fcb-98ee-d88b5c51a8c2.mp4,f44a6b8d-6b5d-4fcb-98ee-d88b5c51a8c2.mp4,PB-Archives-A,279463991,2025-05-29T08:30:06Z,208
Media Asset,3134632,KathaSaichi_EP01,KathaSaichi_EP01,DD Mumbai,1452760000,2025-05-29T10:48:30Z,208
Media Asset,3134626,Maitraheshabdsuranche_DeeptiBhogale,Maitraheshabdsuranche_DeeptiBhogale,DD Mumbai,3311560000,2025-05-29T10:16:42Z,208
Media Asset,3134614,Maitraheshabdsuranche_VijayGokhale,Maitraheshabdsuranche_VijayGokhale,DD Mumbai,3308040000,2025-05-29T09:17:03Z,208
Media Asset,3134610,Sarojini E10,Sarojini E10,DD Podhigai (Chennai),1399760000,2025-05-29T09:08:25Z,208
Media Asset,3134600,Sarojini E7,Sarojini E7,DD Podhigai (Chennai),1446360000,2025-05-29T08:43:53Z,208
Media Asset,3134599,Dharti ka amrit jaivik kheti ep-25,Dharti ka amrit jaivik kheti ep-25,DD Kisan,1353200000,2025-05-29T08:43:38Z,208
Media Asset,3134595,Sarojini E6,Sarojini E6,DD Podhigai (Chennai),1431160000,2025-05-29T08:37:50Z,208
Media Asset,3134561,06-LATA MANGESHKAR SE ZUBAIR RIZVI KI BHENT,06-LATA MANGESHKAR SE ZUBAIR RIZVI KI BHENT,PB-Archives-A,2093211542,2025-05-29T08:30:22Z,208
Media Asset,3134560,02 - INTERVIEW WITH NARGIS DUTT - INTERVIEWER K,02 - INTERVIEW WITH NARGIS DUTT - INTERVIEWER K,PB-Archives-A,1729985306,2025-05-29T08:30:22Z,208
Media Asset,3134559,01 Interview with Dr,01 Interview with Dr,PB-Archives-A,1344417959,2025-05-29T08:30:22Z,208
Media Asset,3134558,05-DRAMA-MAHARAJA RANJIT SINGH PART I & II - Hindi,05-DRAMA-MAHARAJA RANJIT SINGH PART I & II - Hindi,PB-Archives-A,3532982857,2025-05-29T08:30:22Z,208
Media Asset,3134557,Dharti ka amrit jaivik kheti ep-24,Dharti ka amrit jaivik kheti ep-24,DD Kisan,1442160000,2025-05-29T08:30:04Z,208
Media Asset,3134556,03-RAJKAPOOR [INTERVIEW],03-RAJKAPOOR [INTERVIEW],PB-Archives-A,296322063,2025-05-29T08:29:19Z,208
Media Asset,3134555,04-NUTAN [INTERVIEW],04-NUTAN [INTERVIEW],PB-Archives-A,279464195,2025-05-29T08:29:19Z,208
Media Asset,3134552,Sarojini E2,Sarojini E2,DD Podhigai (Chennai),1443240000,2025-05-29T07:41:53Z,208
Media Asset,3134549,Sarojini E1,Sarojini E1,DD Podhigai (Chennai),1430960000,2025-05-29T07:34:39Z,208
Media Asset,3134546,Maitraheshabdsuranche_NandiniBedekar,Maitraheshabdsuranche_NandiniBedekar,DD Mumbai,3335880000,2025-05-29T07:31:46Z,208
Media Asset,3131908,Sarojini E4,Sarojini E4,DD Podhigai (Chennai),1400840000,2025-05-29T07:55:34Z,208
Media Asset,3131907,Sarojini E3,Sarojini E3,DD Podhigai (Chennai),1446920000,2025-05-29T07:49:11Z,208
Media Asset,3131845,2805 DECODE FINAL FULL,2805 DECODE FINAL FULL,Decode,3445880000,2025-05-29T05:41:45Z,208
Media Asset,3130994,Maitraheshabdsuranche_NirmalaGogthe,Maitraheshabdsuranche_NirmalaGogthe,DD Mumbai,3243160000,2025-05-29T06:28:19Z,208
Media Asset,3130982,MASTH MAZAA EP_39,MASTH MAZAA EP_39,DDK Hyderabad,3080880000,2025-05-29T06:25:52Z,208
Media Asset,3130979,MASTH MAZAA EP_34,MASTH MAZAA EP_34,DDK Hyderabad,3023960000,2025-05-29T06:24:53Z,208
Media Asset,3130978,MASTH MAZAA EP_33,MASTH MAZAA EP_33,DDK Hyderabad,3341400000,2025-05-29T06:24:53Z,208
Media Asset,3130977,MASTH MAZAA EP_37,MASTH MAZAA EP_37,DDK Hyderabad,3097040000,2025-05-29T06:24:53Z,208
Media Asset,3130976,MASTH MAZAA EP_35,MASTH MAZAA EP_35,DDK Hyderabad,3228080000,2025-05-29T06:24:53Z,208
Media Asset,3130975,MASTH MAZAA EP_38,MASTH MAZAA EP_38,DDK Hyderabad,3115040000,2025-05-29T06:24:53Z,208
Media Asset,3130974,MASTH MAZAA EP_36,MASTH MAZAA EP_36,DDK Hyderabad,3080360000,2025-05-29T06:24:49Z,208
Media Asset,3130973,MASTH MAZAA EP_31,MASTH MAZAA EP_31,DDK Hyderabad,3333480000,2025-05-29T06:23:47Z,208
Media Asset,3130972,MASTH MAZAA EP_32,MASTH MAZAA EP_32,DDK Hyderabad,3392480000,2025-05-29T06:23:47Z,208
Media Asset,3130954,Dharti ka amrit jaivik kheti ep-22,Dharti ka amrit jaivik kheti ep-22,DD Kisan,1459840000,2025-05-29T04:38:18Z,208
Media Asset,3130953,Dharti ka amrit jaivik kheti ep-23,Dharti ka amrit jaivik kheti ep-23,DD Kisan,1385360000,2025-05-29T04:32:15Z,208
Media Asset,3130952,Dharti ka amrit jaivik kheti ep-21,Dharti ka amrit jaivik kheti ep-21,DD Kisan,1341600000,2025-05-29T04:05:42Z,208
Media Asset,3130951,Dharti ka amrit jaivik kheti ep-20,Dharti ka amrit jaivik kheti ep-20,DD Kisan,1358880000,2025-05-29T03:54:28Z,208
Media Asset,3130942,Fantasy sports as a catalyst for India’s AI-006,Fantasy sports as a catalyst for India’s AI-006,PB-Archives-A,1933560000,2025-05-28T13:19:12Z,208
Media Asset,3130922,Maitraheshabdsuranche_MarathiRangabhumiDinVishesh,Maitraheshabdsuranche_MarathiRangabhumiDinVishesh,DD Mumbai,3341640000,2025-05-28T12:17:01Z,208
Media Asset,3128162,FAUJI02_EP_103_MASTER OTT,FAUJI02_EP_103_MASTER OTT,Fauji2.0,1319040000,2025-05-28T12:40:24Z,208
Media Asset,3128161,FAUJI02_EP_104_MASTER OTT,FAUJI02_EP_104_MASTER OTT,Fauji2.0,1324040000,2025-05-28T12:40:24Z,208
Media Asset,3128160,FAUJI02_EP_101_MASTER OTT,FAUJI02_EP_101_MASTER OTT,Fauji2.0,1310560000,2025-05-28T12:39:24Z,208
Media Asset,3128159,FAUJI02_EP_102_MASTER OTT,FAUJI02_EP_102_MASTER OTT,Fauji2.0,1331040000,2025-05-28T12:39:24Z,208
Media Asset,3124888,5DaysThrillerEp01,5DaysThrillerEp01,Adhikari Brothers,1174600000,2025-05-28T11:21:50Z,208
Media Asset,3124881,5DaysThrillerEp25,5DaysThrillerEp25,Adhikari Brothers,1577400000,2025-05-28T11:05:52Z,208
Media Asset,3124880,KhauffEp33,KhauffEp33,Adhikari Brothers,1285240000,2025-05-28T11:05:22Z,208
Media Asset,3124879,5DaysThrillerEp22,5DaysThrillerEp22,Adhikari Brothers,1302560000,2025-05-28T11:05:22Z,208
Media Asset,3124878,KhauffEp27,KhauffEp27,Adhikari Brothers,1373360000,2025-05-28T11:04:42Z,208
Media Asset,3124877,5DaysThrillerEp17,5DaysThrillerEp17,Adhikari Brothers,1355760000,2025-05-28T11:04:04Z,208
Media Asset,3124875,Dial100Ep29,Dial100Ep29,Adhikari Brothers,1122040000,2025-05-28T10:48:36Z,208
Media Asset,3124874,Dial100Ep30,Dial100Ep30,Adhikari Brothers,1197240000,2025-05-28T10:48:36Z,208
Media Asset,3124873,Dial100Ep24,Dial100Ep24,Adhikari Brothers,1111160000,2025-05-28T10:48:36Z,208
Media Asset,3124868,Dial100Ep23,Dial100Ep23,Adhikari Brothers,1221720000,2025-05-28T10:46:34Z,208
Media Asset,3124859,Guru Chengannur_004735,Guru Chengannur_004735,NFDC,1109720000,2025-05-28T10:26:39Z,208
Media Asset,3124844,Dharti ka amrit jaivik kheti ep-15,Dharti ka amrit jaivik kheti ep-15,DD Kisan,1390360000,2025-05-28T10:01:46Z,208
Media Asset,3124841,Kranti kari trimurti,Kranti kari trimurti,PB-Archives-A,1615800000,2025-05-28T10:00:47Z,208
Media Asset,3124108,AamchiAnanyaEp80,AamchiAnanyaEp80,DD Mumbai,1415880000,2025-05-28T11:29:58Z,208
Media Asset,3124094,5DaysThrillerEp16,5DaysThrillerEp16,Adhikari Brothers,1409720000,2025-05-28T10:59:51Z,208
Media Asset,3124092,5DaysThrillerEp14,5DaysThrillerEp14,Adhikari Brothers,1423360000,2025-05-28T10:58:21Z,208
Media Asset,3124091,5DaysThrillerEp13,5DaysThrillerEp13,Adhikari Brothers,1401520000,2025-05-28T10:57:51Z,208
Media Asset,3124090,5DaysThrillerEp12,5DaysThrillerEp12,Adhikari Brothers,1292040000,2025-05-28T10:57:41Z,208
Media Asset,3124088,KhauffEp28,KhauffEp28,Adhikari Brothers,1313280000,2025-05-28T10:57:21Z,208
Media Asset,3124086,Dial100Ep49,Dial100Ep49,Adhikari Brothers,1210400000,2025-05-28T10:56:43Z,208
Media Asset,3124084,Dial100Ep46,Dial100Ep46,Adhikari Brothers,1297080000,2025-05-28T10:56:40Z,208
Media Asset,3124082,Dial100Ep44,Dial100Ep44,Adhikari Brothers,1219400000,2025-05-28T10:55:10Z,208
Media Asset,3124081,Dial100Ep48,Dial100Ep48,Adhikari Brothers,1304680000,2025-05-28T10:54:50Z,208
Media Asset,3124076,Dial100Ep45,Dial100Ep45,Adhikari Brothers,1193560000,2025-05-28T10:49:36Z,208
Media Asset,3124075,Dial100Ep43,Dial100Ep43,Adhikari Brothers,1132600000,2025-05-28T10:49:36Z,208
Media Asset,3124074,Dial100Ep39,Dial100Ep39,Adhikari Brothers,1091880000,2025-05-28T10:49:36Z,208
Media Asset,3124073,Dial100Ep42,Dial100Ep42,Adhikari Brothers,1118240000,2025-05-28T10:49:36Z,208
Media Asset,3124072,Dial100Ep35,Dial100Ep35,Adhikari Brothers,1332320000,2025-05-28T10:49:36Z,208
Media Asset,3124067,Maitraheshabdsuranche_SaniyaPatankar,Maitraheshabdsuranche_SaniyaPatankar,DD Mumbai,3259120000,2025-05-28T10:29:53Z,208
Media Asset,3124065,I Point to India ( A Portrait of Friendrich Max Muller )_005144,I Point to India ( A Portrait of Friendrich Max Muller )_005144,NFDC,992000000,2025-05-28T10:26:39Z,208
Media Asset,3124064,Guru Babu – Man of Classical Manipuri Dance_009355,Guru Babu – Man of Classical Manipuri Dance_009355,NFDC,1587000000,2025-05-28T10:26:39Z,208
Media Asset,3124063,In The Footsteps of The Mahatma (Mahatma Gandhi Ke Padchinho Par)_008113,In The Footsteps of The Mahatma (Mahatma Gandhi Ke Padchinho Par)_008113,NFDC,784280000,2025-05-28T10:26:39Z,208
Media Asset,3124062,Glory of Maharashtr - A  Freedom Struggle_009055,Glory of Maharashtr - A  Freedom Struggle_009055,NFDC,1207400000,2025-05-28T10:26:39Z,208
Media Asset,3124061,Himalayan Lakes_002600,Himalayan Lakes_002600,NFDC,1014640000,2025-05-28T10:26:39Z,208
Media Asset,3124057,SWAD KA SAFAR EP 7 REVISED,SWAD KA SAFAR EP 7 REVISED,DD Kisan,1315080000,2025-05-28T09:59:21Z,208
Media Asset,3124047,MASALA INDIA EPI 08 Revised(Jaiphal) N,MASALA INDIA EPI 08 Revised(Jaiphal) N,DD Kisan,1411600000,2025-05-28T09:47:16Z,208
Media Asset,3124045,Maitraheshabdsuranche_SangramMalve,Maitraheshabdsuranche_SangramMalve,DD Mumbai,3323920000,2025-05-28T09:34:36Z,208
Media Asset,3124034,AamchiAnanyaEp97,AamchiAnanyaEp97,DD Mumbai,1331960000,2025-05-28T07:27:40Z,208
Media Asset,3124031,AamchiAnanyaEp96,AamchiAnanyaEp96,DD Mumbai,1420440000,2025-05-28T07:18:16Z,208
Media Asset,3122479,Maitraheshabdsuranche_ShubhaJoshi_Part2,Maitraheshabdsuranche_ShubhaJoshi_Part2,DD Mumbai,3253280000,2025-05-28T08:40:00Z,208
Media Asset,3122478,MASALA INDIA EPI 24(Revised),MASALA INDIA EPI 24(Revised),DD Kisan,1497840000,2025-05-28T08:24:53Z,208
Media Asset,3122459,AamchiAnanyaEp95,AamchiAnanyaEp95,DD Mumbai,1391120000,2025-05-28T07:04:41Z,208
Media Asset,3122442,AamchiAnanyaEp93,AamchiAnanyaEp93,DD Mumbai,1308440000,2025-05-28T06:40:25Z,208
Media Asset,3119586,AamchiAnanyaEp94,AamchiAnanyaEp94,DD Mumbai,1438600000,2025-05-28T07:15:59Z,208
Media Asset,3119569,AamchiAnanyaEp92,AamchiAnanyaEp92,DD Mumbai,1393120000,2025-05-28T06:32:17Z,208
Media Asset,3119567,UJALE KI AUR TRILOK CHAND & HEMANT KUMAR,UJALE KI AUR TRILOK CHAND & HEMANT KUMAR,DD Rajasthan,1635720000,2025-05-28T06:15:10Z,208
Media Asset,3119566,UJALE KI AUR PARMANAND & BADRI LAL MEENA,UJALE KI AUR PARMANAND & BADRI LAL MEENA,DD Rajasthan,1666560000,2025-05-28T06:15:10Z,208
Media Asset,3119565,UJALE KI AUR CHIMAN LAL VERMA,UJALE KI AUR CHIMAN LAL VERMA,DD Rajasthan,1588080000,2025-05-28T06:15:10Z,208
Media Asset,3119564,UJALE KI AUR RAJKUMAR MEENA,UJALE KI AUR RAJKUMAR MEENA,DD Rajasthan,1599360000,2025-05-28T06:15:10Z,208
Media Asset,3119561,AamchiAnanyaEp90,AamchiAnanyaEp90,DD Mumbai,1425720000,2025-05-28T06:14:11Z,208
Media Asset,3119556,AamchiAnanyaEp89,AamchiAnanyaEp89,DD Mumbai,1413680000,2025-05-28T06:09:32Z,208
Media Asset,3119554,AamchiAnanyaEp88,AamchiAnanyaEp88,DD Mumbai,1391520000,2025-05-28T05:52:42Z,208
Media Asset,3119553,AamchiAnanyaEp87,AamchiAnanyaEp87,DD Mumbai,1414520000,2025-05-28T05:46:27Z,208
Media Asset,3119501,MANN_KI_BAAT_25052025_1,MANN_KI_BAAT_25052025_1,DD News,1860440000,2025-05-27T12:39:28Z,208
Media Asset,3119500,AamchiAnanyaEp81,AamchiAnanyaEp81,DD Mumbai,1429280000,2025-05-27T11:38:32Z,208
Media Asset,3116445,AamchiAnanyaEp91,AamchiAnanyaEp91,DD Mumbai,1339440000,2025-05-28T06:21:33Z,208
Media Asset,3116444,UJALE KI AUR ASHOK KUMAR TYAGI,UJALE KI AUR ASHOK KUMAR TYAGI,DD Rajasthan,1603520000,2025-05-28T06:16:11Z,208
Media Asset,3116441,Veer Savarkar on freedom fighters,Veer Savarkar on freedom fighters,PB-Archives-A,169761088,2025-05-28T05:24:44Z,208
Media Asset,3116439,EKASILA_TELIFILM,EKASILA_TELIFILM,DDK Hyderabad,5473760000,2025-05-28T05:07:08Z,208
Media Asset,3116438,2705-DC-FULL EPISODE,2705-DC-FULL EPISODE,Decode,3286433333,2025-05-28T04:54:31Z,208
Media Asset,3116420,AamchiAnanyaEp86,AamchiAnanyaEp86,DD Mumbai,1376120000,2025-05-27T12:32:19Z,208
Media Asset,3116413,AamchiAnanyaEp85,AamchiAnanyaEp85,DD Mumbai,1398520000,2025-05-27T12:20:37Z,208
Media Asset,3116410,AamchiAnanyaEp83,AamchiAnanyaEp83,DD Mumbai,1404880000,2025-05-27T12:07:17Z,208
Media Asset,3116407,AamchiAnanyaEp82,AamchiAnanyaEp82,DD Mumbai,1370200000,2025-05-27T11:56:47Z,208
Media Asset,3116390,AamchiAnanyaEp77,AamchiAnanyaEp77,DD Mumbai,1431160000,2025-05-27T10:41:51Z,208
Media Asset,3116364,AamchiAnanyaEp76,AamchiAnanyaEp76,DD Mumbai,1401400000,2025-05-27T10:24:13Z,208
Media Asset,3116362,AamchiAnanyaEp75,AamchiAnanyaEp75,DD Mumbai,1425160000,2025-05-27T10:16:35Z,208
Media Asset,3116361,Maitraheshabdsuranche_DevdattaSable_Part01,Maitraheshabdsuranche_DevdattaSable_Part01,DD Mumbai,3210560000,2025-05-27T10:10:47Z,208
Media Asset,3116127,AamchiAnanyaEp79,AamchiAnanyaEp79,DD Mumbai,1434120000,2025-05-27T11:18:46Z,208
Media Asset,3116124,AamchiAnanyaEp78,AamchiAnanyaEp78,DD Mumbai,1470600000,2025-05-27T11:11:35Z,208
Media Asset,3116122,Maitraheshabdsuranche_VardaGodbole,Maitraheshabdsuranche_VardaGodbole,DD Mumbai,3217360000,2025-05-27T11:05:46Z,208
Media Asset,3116107,AamchiAnanyaEp73,AamchiAnanyaEp73,DD Mumbai,1444040000,2025-05-27T09:54:56Z,208
Media Asset,3114073,AamchiAnanyaEp72,AamchiAnanyaEp72,DD Mumbai,1387880000,2025-05-27T09:25:24Z,208
Media Asset,3114067,AamchiAnanyaEp70,AamchiAnanyaEp70,DD Mumbai,1456360000,2025-05-27T09:10:39Z,208
Media Asset,3114064,Maitraheshabdsuranche_DevdattaSable_Part2,Maitraheshabdsuranche_DevdattaSable_Part2,DD Mumbai,3290960000,2025-05-27T09:02:23Z,208
Media Asset,3113194,AamchiAnanyaEp74,AamchiAnanyaEp74,DD Mumbai,1454520000,2025-05-27T09:45:50Z,208
Media Asset,3113179,AamchiAnanyaEp71,AamchiAnanyaEp71,DD Mumbai,1475560000,2025-05-27T09:18:09Z,208
Media Asset,3113155,AamchiAnanyaEp69,AamchiAnanyaEp69,DD Mumbai,1484160000,2025-05-27T07:23:41Z,208
Media Asset,3113152,AamchiAnanyaEp68,AamchiAnanyaEp68,DD Mumbai,1482080000,2025-05-27T07:21:29Z,208
Media Asset,3113147,Maitraheshabdsuranche_DevakiPandit,Maitraheshabdsuranche_DevakiPandit,DD Mumbai,3358040000,2025-05-27T07:08:14Z,208
Media Asset,3113124,AamchiAnanyaEp65,AamchiAnanyaEp65,DD Mumbai,1388200000,2025-05-27T06:33:06Z,208
Media Asset,3113123,AamchiAnanyaEp63,AamchiAnanyaEp63,DD Mumbai,1530800000,2025-05-27T06:27:12Z,208
Media Asset,3109381,AamchiAnanyaEp66,AamchiAnanyaEp66,DD Mumbai,1409440000,2025-05-27T07:01:51Z,208
Media Asset,3109380,AamchiAnanyaEp67,AamchiAnanyaEp67,DD Mumbai,1478640000,2025-05-27T06:59:25Z,208
Media Asset,3109360,KBR_EP_110_MIX_MASTER_OTT,KBR_EP_110_MIX_MASTER_OTT,Sagar World,1597000000,2025-05-27T05:27:32Z,208
Media Asset,3109358,SRI_ANNAMACHARYA_EP_6,SRI_ANNAMACHARYA_EP_6,DDK Hyderabad,1784920000,2025-05-27T05:05:27Z,208
Media Asset,3109357,SRI_ANNAMACHARYA_EP_4,SRI_ANNAMACHARYA_EP_4,DDK Hyderabad,1753960000,2025-05-27T05:05:27Z,208
Media Asset,3109356,SRI_ANNAMACHARYA_EP_5,SRI_ANNAMACHARYA_EP_5,DDK Hyderabad,1535040000,2025-05-27T05:05:27Z,208
Media Asset,3109355,SRI_ANNAMACHARYA_EP_3,SRI_ANNAMACHARYA_EP_3,DDK Hyderabad,1783320000,2025-05-27T05:05:27Z,208
Media Asset,3109354,SRI_ANNAMACHARYA_EP_2,SRI_ANNAMACHARYA_EP_2,DDK Hyderabad,1780760000,2025-05-27T05:05:27Z,208
Media Asset,3109353,SRI_ANNAMACHARYA_EP_1,SRI_ANNAMACHARYA_EP_1,DDK Hyderabad,1789400000,2025-05-27T05:04:26Z,208
Media Asset,3109352,DECODE-2605-SOCIAL-MEDIA-FULL,DECODE-2605-SOCIAL-MEDIA-FULL,Decode,3409120000,2025-05-27T04:59:54Z,208
Media Asset,3109351,UNVEILING THE LEGACY- TOCKLAI,UNVEILING THE LEGACY- TOCKLAI,DDK Guwahati,1650680000,2025-05-27T04:58:16Z,208
Media Asset,3109340,AamchiAnanyaEp58,AamchiAnanyaEp58,DD Mumbai,1451440000,2025-05-26T12:08:48Z,208
Media Asset,3109339,KBR_EP_109_MIX_MASTER_OTT,KBR_EP_109_MIX_MASTER_OTT,Sagar World,1598000000,2025-05-26T12:03:25Z,208
Media Asset,3109336,KBR_EP_106_MIX_MASTER_OTT,KBR_EP_106_MIX_MASTER_OTT,Sagar World,1566000000,2025-05-26T11:59:18Z,208
Media Asset,3109335,KBR_EP_108_MIX_MASTER_OTT,KBR_EP_108_MIX_MASTER_OTT,Sagar World,1595000000,2025-05-26T11:59:18Z,208
Media Asset,3109334,KBR_EP_105_MIX_MASTER_OTT,KBR_EP_105_MIX_MASTER_OTT,Sagar World,1515000000,2025-05-26T11:59:18Z,208
Media Asset,3109333,KBR_EP_107_MIX_MASTER_OTT,KBR_EP_107_MIX_MASTER_OTT,Sagar World,1527000000,2025-05-26T11:59:18Z,208
Media Asset,3109332,AamchiAnanyaEp57,AamchiAnanyaEp57,DD Mumbai,1319680000,2025-05-26T11:55:50Z,208
Media Asset,3109326,AamchiAnanyaEp56,AamchiAnanyaEp56,DD Mumbai,1455120000,2025-05-26T11:37:41Z,208
Media Asset,3109309,Dharti ka amrit jaivik kheti EP-19 Mix,Dharti ka amrit jaivik kheti EP-19 Mix,DD Kisan,1310560000,2025-05-26T11:06:02Z,208
Media Asset,3109307,Dharti ka amrit jaivik kheti EP-18 Mix,Dharti ka amrit jaivik kheti EP-18 Mix,DD Kisan,1271320000,2025-05-26T11:05:02Z,208
Media Asset,3109306,Dharti ka amrit jaivik kheti EP-17 Mix,Dharti ka amrit jaivik kheti EP-17 Mix,DD Kisan,1432280000,2025-05-26T11:04:10Z,208
Media Asset,3109304,AamchiAnanyaEp53,AamchiAnanyaEp53,DD Mumbai,1308480000,2025-05-26T10:34:11Z,208
Media Asset,3109299,Maitraheshabdsuranche_BhimraoPanchale_Part2,Maitraheshabdsuranche_BhimraoPanchale_Part2,DD Mumbai,3281600000,2025-05-26T10:31:57Z,208
Media Asset,3109296,Dharti ka amrit jaivik kheti EP 12,Dharti ka amrit jaivik kheti EP 12,DD Kisan,1270760000,2025-05-26T10:28:23Z,208
Media Asset,3109293,Dharti ka amrit jaivik kheti EP 11,Dharti ka amrit jaivik kheti EP 11,DD Kisan,1300480000,2025-05-26T10:26:21Z,208
Media Asset,3109290,AamchiAnanyaEp52,AamchiAnanyaEp52,DD Mumbai,1363800000,2025-05-26T10:22:20Z,208
Media Asset,3108171,AamchiAnanyaEp64,AamchiAnanyaEp64,DD Mumbai,1491480000,2025-05-27T06:24:33Z,208
Media Asset,3108168,AamchiAnanyaEp62,AamchiAnanyaEp62,DD Mumbai,1459400000,2025-05-27T05:59:51Z,208
Media Asset,3108167,AamchiAnanyaEp61,AamchiAnanyaEp61,DD Mumbai,1495480000,2025-05-27T05:53:09Z,208
Media Asset,3108154,Girija Devi  Glimpses of Her Life & Music_008155,Girija Devi  Glimpses of Her Life & Music_008155,NFDC,2968679922,2025-05-26T12:55:23Z,208
Media Asset,3108151,AamchiAnanyaEp60,AamchiAnanyaEp60,DD Mumbai,1298880000,2025-05-26T12:25:27Z,208
Media Asset,3108134,AamchiAnanyaEp54,AamchiAnanyaEp54,DD Mumbai,1350200000,2025-05-26T11:26:02Z,208
Media Asset,3108122,Dharti ka amrit jaivik kheti EP 16 Mix,Dharti ka amrit jaivik kheti EP 16 Mix,DD Kisan,1258120000,2025-05-26T10:57:51Z,208
Media Asset,3108119,Dharti ka amrit jaivik kheti EP-14 Mix,Dharti ka amrit jaivik kheti EP-14 Mix,DD Kisan,1428160000,2025-05-26T10:44:35Z,208
Media Asset,3108116,Dharti ka amrit jaivik kheti EP-13 Mix,Dharti ka amrit jaivik kheti EP-13 Mix,DD Kisan,1244920000,2025-05-26T10:42:38Z,208
Media Asset,3108107,AamchiAnanyaEp51,AamchiAnanyaEp51,DD Mumbai,1448280000,2025-05-26T10:18:14Z,208
Media Asset,3108073,Maitraheshabdsuranche_Bhimrao Panchale_Part1,Maitraheshabdsuranche_Bhimrao Panchale_Part1,DD Mumbai,3305680000,2025-05-26T09:18:54Z,208
Media Asset,3105411,AamchiAnanyaEp50,AamchiAnanyaEp50,DD Mumbai,1515520000,2025-05-26T10:02:18Z,208
Media Asset,3105399,BahutKhoobEp16,BahutKhoobEp16,Adhikari Brothers,1373920000,2025-05-26T09:34:53Z,208
Media Asset,3105398,BahutKhoobEp19,BahutKhoobEp19,Adhikari Brothers,1321800000,2025-05-26T09:34:53Z,208
Media Asset,3105397,AamchiAnanyaEp49,AamchiAnanyaEp49,DD Mumbai,1378520000,2025-05-26T09:34:47Z,208
Media Asset,3105389,AamchiAnanyaEp48,AamchiAnanyaEp48,DD Mumbai,1345840000,2025-05-26T09:23:07Z,208
Media Asset,3105388,AamchiAnanyaEp47,AamchiAnanyaEp47,DD Mumbai,1392640000,2025-05-26T09:19:46Z,208
Media Asset,3105385,BahutKhoobEp20,BahutKhoobEp20,Adhikari Brothers,1065120000,2025-05-26T09:19:37Z,208
Media Asset,3105384,BahutKhoobEp18,BahutKhoobEp18,Adhikari Brothers,1287240000,2025-05-26T09:19:35Z,208
Media Asset,3105383,BahutKhoobEp17,BahutKhoobEp17,Adhikari Brothers,1240920000,2025-05-26T09:19:05Z,208
Media Asset,3105382,BahutKhoobEp80,BahutKhoobEp80,Adhikari Brothers,1353440000,2025-05-26T09:17:14Z,208
Media Asset,3103830,BahutKhoobEp11,BahutKhoobEp11,Adhikari Brothers,1352600000,2025-05-26T09:10:45Z,208
Media Asset,3103829,BahutKhoobEp15,BahutKhoobEp15,Adhikari Brothers,1265960000,2025-05-26T09:10:45Z,208
Media Asset,3103828,BahutKhoobEp47,BahutKhoobEp47,Adhikari Brothers,1265440000,2025-05-26T09:10:45Z,208
Media Asset,3103827,BahutKhoobEp42,BahutKhoobEp42,Adhikari Brothers,898960000,2025-05-26T09:10:45Z,208
Media Asset,3103826,BahutKhoobEp14,BahutKhoobEp14,Adhikari Brothers,1341200000,2025-05-26T09:10:45Z,208
Media Asset,3103825,BahutKhoobEp36,BahutKhoobEp36,Adhikari Brothers,1204640000,2025-05-26T09:10:44Z,208
Media Asset,3103824,BahutKhoobEp12,BahutKhoobEp12,Adhikari Brothers,1348200000,2025-05-26T09:10:44Z,208
Media Asset,3103823,BahutKhoobEp10,BahutKhoobEp10,Adhikari Brothers,1254000000,2025-05-26T09:10:44Z,208
Media Asset,3103822,BahutKhoobEp13,BahutKhoobEp13,Adhikari Brothers,1276040000,2025-05-26T09:10:44Z,208
Media Asset,3103821,BahutKhoobEp48,BahutKhoobEp48,Adhikari Brothers,1225257375,2025-05-26T09:10:44Z,208
Media Asset,3103742,Maitraheshabdsuranche_KalyaniSaluke,Maitraheshabdsuranche_KalyaniSaluke,DD Mumbai,3195680000,2025-05-26T07:32:36Z,208
Media Asset,3099465,MKB_ep_122,MKB_ep_122,DD News,1860440000,2025-05-25T12:00:56Z,208
Media Asset,3099462,174815320123148917242_1080,174815320123148917242_1080,DD News,1872009000,2025-05-25T07:32:59Z,208
Media Asset,3099458,VITAMINIX_PROMO,VITAMINIX_PROMO,Toonz Media,31600000,2025-05-24T08:08:47Z,208
Media Asset,3097085,VITAMINIX_EP 104_SHARE RIGHTS & RESPONSIBILITIES,VITAMINIX_EP 104_SHARE RIGHTS & RESPONSIBILITIES,Toonz Media,118440000,2025-05-24T07:07:07Z,208
Media Asset,3097084,VITAMINIX_EP 102_DISCUSS TO AGREE,VITAMINIX_EP 102_DISCUSS TO AGREE,Toonz Media,120240000,2025-05-24T07:06:36Z,208
Media Asset,3097083,VITAMINIX_EP 103_HELPING OTHER PEOPLE,VITAMINIX_EP 103_HELPING OTHER PEOPLE,Toonz Media,121600000,2025-05-24T07:06:26Z,208
Media Asset,3097082,VITAMINIX_EP 101_ACCEPTING DIFFERENCES,VITAMINIX_EP 101_ACCEPTING DIFFERENCES,Toonz Media,120560000,2025-05-24T07:06:26Z,208
Media Asset,3097081,VITAMINIX_EP 100_SHARE NEW DISCOVERIES,VITAMINIX_EP 100_SHARE NEW DISCOVERIES,Toonz Media,116920000,2025-05-24T07:06:16Z,208
Media Asset,3097080,VITAMINIX_EP 099_DEMONSTRATE AFFECTION,VITAMINIX_EP 099_DEMONSTRATE AFFECTION,Toonz Media,121920000,2025-05-24T07:05:56Z,208
Media Asset,3097079,VITAMINIX_EP 098_RESPECT OTHER OPINION,VITAMINIX_EP 098_RESPECT OTHER OPINION,Toonz Media,115320000,2025-05-24T07:05:26Z,208
Media Asset,3097078,VITAMINIX_EP 097_LISTEN TO OTHER PEOPLE,VITAMINIX_EP 097_LISTEN TO OTHER PEOPLE,Toonz Media,115840000,2025-05-24T07:05:26Z,208
Media Asset,3097077,VITAMINIX_EP 096_RESPECT THE ENVIRONMENT,VITAMINIX_EP 096_RESPECT THE ENVIRONMENT,Toonz Media,121920000,2025-05-24T07:05:26Z,208
Media Asset,3097076,VITAMINIX_EP 095_ON A TRIP,VITAMINIX_EP 095_ON A TRIP,Toonz Media,119960000,2025-05-24T07:05:26Z,208
Media Asset,3097075,VITAMINIX_EP 094_IN THE CAR,VITAMINIX_EP 094_IN THE CAR,Toonz Media,120560000,2025-05-24T07:04:45Z,208
Media Asset,3097074,VITAMINIX_EP 093_WALKING,VITAMINIX_EP 093_WALKING,Toonz Media,116800000,2025-05-24T07:04:05Z,208
Media Asset,3097073,VITAMINIX_EP 092_SHARING,VITAMINIX_EP 092_SHARING,Toonz Media,118840000,2025-05-24T07:04:05Z,208
Media Asset,3097072,VITAMINIX_EP 088_DON'T SPEAK WITH YOUR MOUTH FULL,VITAMINIX_EP 088_DON'T SPEAK WITH YOUR MOUTH FULL,Toonz Media,128200000,2025-05-24T07:04:05Z,208
Media Asset,3097071,VITAMINIX_EP 090_KEEPING YOUR ROOM TIDY,VITAMINIX_EP 090_KEEPING YOUR ROOM TIDY,Toonz Media,118160000,2025-05-24T07:03:54Z,208
Media Asset,3097070,VITAMINIX_EP 089_CLEAN YOUR BODY,VITAMINIX_EP 089_CLEAN YOUR BODY,Toonz Media,119440000,2025-05-24T07:03:34Z,208
Media Asset,3097069,VITAMINIX_EP 091_AT SCHOOL,VITAMINIX_EP 091_AT SCHOOL,Toonz Media,121280000,2025-05-24T07:03:05Z,208
Media Asset,3097068,VITAMINIX_EP 084_ARTICHOKE,VITAMINIX_EP 084_ARTICHOKE,Toonz Media,125720000,2025-05-24T07:02:55Z,208
Media Asset,3097067,VITAMINIX_EP 083_CHOCOLATE,VITAMINIX_EP 083_CHOCOLATE,Toonz Media,132640000,2025-05-24T07:02:55Z,208
Media Asset,3097066,VITAMINIX_EP 085_SHARING,VITAMINIX_EP 085_SHARING,Toonz Media,121880000,2025-05-24T07:02:55Z,208
Media Asset,3097065,VITAMINIX_EP 082_MELON & WATERMELON,VITAMINIX_EP 082_MELON & WATERMELON,Toonz Media,123760000,2025-05-24T07:02:35Z,208
Media Asset,3097064,VITAMINIX_EP 086_EATING ON YOUR OWN,VITAMINIX_EP 086_EATING ON YOUR OWN,Toonz Media,122480000,2025-05-24T07:01:54Z,208
Media Asset,3096562,VITAMINIX_EP 077_CELERY,VITAMINIX_EP 077_CELERY,Toonz Media,122040000,2025-05-24T07:01:34Z,208
Media Asset,3096561,VITAMINIX_EP 061_PEACH,VITAMINIX_EP 061_PEACH,Toonz Media,122040000,2025-05-24T06:57:02Z,208
Media Asset,3096560,VITAMINIX_EP 051_MUSSELS,VITAMINIX_EP 051_MUSSELS,Toonz Media,120680000,2025-05-24T06:56:02Z,208
Media Asset,3096559,VITAMINIX_EP 057_SOYA,VITAMINIX_EP 057_SOYA,Toonz Media,121120000,2025-05-24T06:56:02Z,208
Media Asset,3093831,VITAMINIX_EP 087_EAT WELL,VITAMINIX_EP 087_EAT WELL,Toonz Media,119360000,2025-05-24T07:01:44Z,208
Media Asset,3093830,VITAMINIX_EP 081_AUBERGINE,VITAMINIX_EP 081_AUBERGINE,Toonz Media,122160000,2025-05-24T07:01:44Z,208
Media Asset,3093829,VITAMINIX_EP 080_ASPARAGUS,VITAMINIX_EP 080_ASPARAGUS,Toonz Media,123080000,2025-05-24T07:01:14Z,208
Media Asset,3093828,VITAMINIX_EP 079_WATER,VITAMINIX_EP 079_WATER,Toonz Media,122160000,2025-05-24T07:00:54Z,208
Media Asset,3093827,VITAMINIX_EP 076_SUGAR & HONEY,VITAMINIX_EP 076_SUGAR & HONEY,Toonz Media,121720000,2025-05-24T07:00:33Z,208
Media Asset,3093826,VITAMINIX_EP 075_BERRIES,VITAMINIX_EP 075_BERRIES,Toonz Media,120480000,2025-05-24T07:00:33Z,208
Media Asset,3093825,VITAMINIX_EP 078_OIL,VITAMINIX_EP 078_OIL,Toonz Media,122440000,2025-05-24T07:00:33Z,208
Media Asset,3093824,VITAMINIX_EP 074_LEEK,VITAMINIX_EP 074_LEEK,Toonz Media,120320000,2025-05-24T07:00:23Z,208
Media Asset,3093823,VITAMINIX_EP 073_SPINACH & CHARD,VITAMINIX_EP 073_SPINACH & CHARD,Toonz Media,120840000,2025-05-24T06:59:32Z,208
Media Asset,3093822,VITAMINIX_EP 070_PUMPKIN & ZUCCHINI,VITAMINIX_EP 070_PUMPKIN & ZUCCHINI,Toonz Media,122480000,2025-05-24T06:59:24Z,208
Media Asset,3093821,VITAMINIX_EP 072_WHITE MEAT,VITAMINIX_EP 072_WHITE MEAT,Toonz Media,123320000,2025-05-24T06:59:24Z,208
Media Asset,3093820,VITAMINIX_EP 071_MUSHROOMS,VITAMINIX_EP 071_MUSHROOMS,Toonz Media,121760000,2025-05-24T06:59:24Z,208
Media Asset,3093819,VITAMINIX_EP 069_DRY FRUITS,VITAMINIX_EP 069_DRY FRUITS,Toonz Media,136000000,2025-05-24T06:58:52Z,208
Media Asset,3093818,VITAMINIX_EP 065_GRAPES,VITAMINIX_EP 065_GRAPES,Toonz Media,130040000,2025-05-24T06:58:32Z,208
Media Asset,3093817,VITAMINIX_EP 068_CABBAGE,VITAMINIX_EP 068_CABBAGE,Toonz Media,121720000,2025-05-24T06:58:22Z,208
Media Asset,3093816,VITAMINIX_EP 067_ONION & GARLIC,VITAMINIX_EP 067_ONION & GARLIC,Toonz Media,126400000,2025-05-24T06:58:22Z,208
Media Asset,3093815,VITAMINIX_EP 066_SQUID,VITAMINIX_EP 066_SQUID,Toonz Media,123360000,2025-05-24T06:58:12Z,208
Media Asset,3093814,VITAMINIX_EP 063_BEETROOT & RADISH,VITAMINIX_EP 063_BEETROOT & RADISH,Toonz Media,122400000,2025-05-24T06:58:12Z,208
Media Asset,3093813,VITAMINIX_EP 062_CEREALS,VITAMINIX_EP 062_CEREALS,Toonz Media,126240000,2025-05-24T06:57:12Z,208
Media Asset,3093812,VITAMINIX_EP 058_CAULIFLOWER,VITAMINIX_EP 058_CAULIFLOWER,Toonz Media,124720000,2025-05-24T06:57:02Z,208
Media Asset,3093811,VITAMINIX_EP 064_TOMATO,VITAMINIX_EP 064_TOMATO,Toonz Media,121400000,2025-05-24T06:57:02Z,208
Media Asset,3093810,VITAMINIX_EP 059_ANIMAL FATS,VITAMINIX_EP 059_ANIMAL FATS,Toonz Media,122440000,2025-05-24T06:56:32Z,208
Media Asset,3093809,VITAMINIX_EP 060_CUCUMBER,VITAMINIX_EP 060_CUCUMBER,Toonz Media,121800000,2025-05-24T06:56:02Z,208
Media Asset,3093808,VITAMINIX_EP 007_VITAMIN B8,VITAMINIX_EP 007_VITAMIN B8,Toonz Media,123120000,2025-05-24T06:43:54Z,208
Media Asset,3093807,VITAMINIX_EP 008_VITAMIN B9,VITAMINIX_EP 008_VITAMIN B9,Toonz Media,123120000,2025-05-24T06:43:54Z,208
Media Asset,3093806,VITAMINIX_EP 006_VITAMIN B6,VITAMINIX_EP 006_VITAMIN B6,Toonz Media,122240000,2025-05-24T06:43:54Z,208
Media Asset,3093805,VITAMINIX_EP 004_VITAMIN B3,VITAMINIX_EP 004_VITAMIN B3,Toonz Media,124440000,2025-05-24T06:43:54Z,208
Media Asset,3093804,VITAMINIX_EP 005_VITAMIN B5,VITAMINIX_EP 005_VITAMIN B5,Toonz Media,128720000,2025-05-24T06:43:54Z,208
Media Asset,3093803,VITAMINIX_EP 009_VITAMIN B12,VITAMINIX_EP 009_VITAMIN B12,Toonz Media,121280000,2025-05-24T06:43:54Z,208
Media Asset,3093802,VITAMINIX_EP 001_VITAMIN A,VITAMINIX_EP 001_VITAMIN A,Toonz Media,125200000,2025-05-24T06:42:51Z,208
Media Asset,3093801,VITAMINIX_EP 003_VITAMIN B2,VITAMINIX_EP 003_VITAMIN B2,Toonz Media,137160000,2025-05-24T06:42:51Z,208
Media Asset,3093800,VITAMINIX_EP 002_VITAMIN B1,VITAMINIX_EP 002_VITAMIN B1,Toonz Media,126560000,2025-05-24T06:42:51Z,208
Media Asset,3093796,2305 DECODE SOCIAL RAW FULL,2305 DECODE SOCIAL RAW FULL,Decode,3313800000,2025-05-24T05:17:46Z,208
Media Asset,3093767,AGENDA SASHAKT MAHILA SASHAKT RAASHTR,AGENDA SASHAKT MAHILA SASHAKT RAASHTR,DD Rajasthan,3476120000,2025-05-23T09:57:35Z,208
Media Asset,3093766,Vocal Recital by Manjiri Asnara Kelkar,Vocal Recital by Manjiri Asnara Kelkar,PB-Archives-A,1580320000,2025-05-23T09:57:15Z,208
Media Asset,3093764,Vocal Recital by Sharad Sutavane,Vocal Recital by Sharad Sutavane,PB-Archives-A,1631640000,2025-05-23T09:54:53Z,208
Media Asset,3093762,AGENDA AGRICULTURAL PROCESSING AND VALUE ADDITION,AGENDA AGRICULTURAL PROCESSING AND VALUE ADDITION,DD Rajasthan,3367360000,2025-05-23T09:54:02Z,208
Media Asset,3093760,AGENDA MAJABOOT PARIVAHAN TANTRA SE BADAL ATA BHAARAT,AGENDA MAJABOOT PARIVAHAN TANTRA SE BADAL ATA BHAARAT,DD Rajasthan,3090960000,2025-05-23T09:53:22Z,208
Media Asset,3093759,Violin Recital by Lalgudi Srimathi Brahmanadam & Anuradha Sridhar,Violin Recital by Lalgudi Srimathi Brahmanadam & Anuradha Sridhar,PB-Archives-A,1719640000,2025-05-23T09:52:02Z,208
Media Asset,3093757,Vocal Recital - Meeta Pandit,Vocal Recital - Meeta Pandit,PB-Archives-A,1944400000,2025-05-23T09:50:42Z,208
Media Asset,3093756,Vocal Recital by Amiya Ranjan Bandyopadhyay,Vocal Recital by Amiya Ranjan Bandyopadhyay,PB-Archives-A,1803040000,2025-05-23T09:50:32Z,208
Media Asset,3093755,Violin Recital by V,Violin Recital by V,PB-Archives-A,1794400000,2025-05-23T09:50:11Z,208
Media Asset,3093754,Violin Recital by T,Violin Recital by T,PB-Archives-A,1843280000,2025-05-23T09:50:02Z,208
Media Asset,3093753,AGENDA WAQF SANSHODHAN BADALAAV AUR PRABHAAV,AGENDA WAQF SANSHODHAN BADALAAV AUR PRABHAAV,DD Rajasthan,3376760000,2025-05-23T09:49:12Z,208
Media Asset,3093752,Maitraheshabdsuranche_HemantPendse_Part2,Maitraheshabdsuranche_HemantPendse_Part2,DD Mumbai,3386040000,2025-05-23T09:49:02Z,208
Media Asset,3093750,Veena Recital by E,Veena Recital by E,PB-Archives-A,1627320000,2025-05-23T09:46:41Z,208
Media Asset,3093749,Tabla Vadan by Pt,Tabla Vadan by Pt,PB-Archives-A,1745120000,2025-05-23T09:45:51Z,208
Media Asset,3093748,Tabla Recital by Yogendra Narayana Yadav,Tabla Recital by Yogendra Narayana Yadav,PB-Archives-A,1344040000,2025-05-23T09:45:02Z,208
Media Asset,3093747,Tabla Recital by Laxman Dixit,Tabla Recital by Laxman Dixit,PB-Archives-A,1629360000,2025-05-23T09:43:30Z,208
Media Asset,3093746,Sitar Vadan by Pt,Sitar Vadan by Pt,PB-Archives-A,1771840000,2025-05-23T09:43:01Z,208
Media Asset,3093745,Sarod recital by Pt,Sarod recital by Pt,PB-Archives-A,2075040000,2025-05-23T09:43:01Z,208
Media Asset,3093744,Sarod Recital by Rajiv Taranath,Sarod Recital by Rajiv Taranath,PB-Archives-A,1782920000,2025-05-23T09:42:40Z,208
Media Asset,3093743,Sarod Recital by Ustad Amjad Ali Khan,Sarod Recital by Ustad Amjad Ali Khan,PB-Archives-A,1823440000,2025-05-23T09:41:30Z,208
Media Asset,3093741,Sarangi Recital-Ustad Abdul Latif Khan,Sarangi Recital-Ustad Abdul Latif Khan,PB-Archives-A,1914680000,2025-05-23T09:40:39Z,208
Media Asset,3093740,Sarangi Vadan by Naseer Khan,Sarangi Vadan by Naseer Khan,PB-Archives-A,1371960000,2025-05-23T09:39:50Z,208
Media Asset,3093739,Santoor Recital by Pt,Santoor Recital by Pt,PB-Archives-A,1756160000,2025-05-23T09:39:30Z,208
Media Asset,3093738,Nadaswaram-Sheikh Chinna Maulana,Nadaswaram-Sheikh Chinna Maulana,PB-Archives-A,1778080000,2025-05-23T09:37:10Z,208
Media Asset,3093737,Mandalin Recital-U,Mandalin Recital-U,PB-Archives-A,1616720000,2025-05-23T09:36:49Z,208
Media Asset,3093736,Khayal-Pt,Khayal-Pt,PB-Archives-A,1787360000,2025-05-23T09:36:49Z,208
Media Asset,3093735,Karnatic Classical Vocal-Neela Ramgopal,Karnatic Classical Vocal-Neela Ramgopal,PB-Archives-A,1760360000,2025-05-23T09:35:49Z,208
Media Asset,3093734,Hindustani Classical Vocal Recital by Pt,Hindustani Classical Vocal Recital by Pt,PB-Archives-A,1808320000,2025-05-23T09:33:49Z,208
Media Asset,3093023,VITAMINIX_EP 053_PLUMS & CHERRY,VITAMINIX_EP 053_PLUMS & CHERRY,Toonz Media,122920000,2025-05-24T06:56:02Z,208
Media Asset,3093022,VITAMINIX_EP 055_MANGOES,VITAMINIX_EP 055_MANGOES,Toonz Media,119960000,2025-05-24T06:55:50Z,208
Media Asset,3093021,VITAMINIX_EP 054_CHEESE,VITAMINIX_EP 054_CHEESE,Toonz Media,114760000,2025-05-24T06:55:00Z,208
Media Asset,3093020,VITAMINIX_EP 048_TUBERS,VITAMINIX_EP 048_TUBERS,Toonz Media,122000000,2025-05-24T06:54:50Z,208
Media Asset,3093019,VITAMINIX_EP 043_WHITE FISH,VITAMINIX_EP 043_WHITE FISH,Toonz Media,124840000,2025-05-24T06:54:50Z,208
Media Asset,3093018,VITAMINIX_EP 046_NUTS,VITAMINIX_EP 046_NUTS,Toonz Media,126920000,2025-05-24T06:54:40Z,208
Media Asset,3093017,VITAMINIX_EP 044_APPLES & PEARS,VITAMINIX_EP 044_APPLES & PEARS,Toonz Media,127760000,2025-05-24T06:54:00Z,208
Media Asset,3093016,VITAMINIX_EP 045_YOGURT,VITAMINIX_EP 045_YOGURT,Toonz Media,119920000,2025-05-24T06:53:50Z,208
Media Asset,3093015,VITAMINIX_EP 047_GREEN BEANS,VITAMINIX_EP 047_GREEN BEANS,Toonz Media,125560000,2025-05-24T06:53:40Z,208
Media Asset,3093014,VITAMINIX_EP 042_RICE,VITAMINIX_EP 042_RICE,Toonz Media,125280000,2025-05-24T06:53:30Z,208
Media Asset,3093013,VITAMINIX_EP 049_BLUE FISH,VITAMINIX_EP 049_BLUE FISH,Toonz Media,118840000,2025-05-24T06:53:30Z,208
Media Asset,3093012,VITAMINIX_EP 038_LETTUCE,VITAMINIX_EP 038_LETTUCE,Toonz Media,121040000,2025-05-24T06:53:30Z,208
Media Asset,3093011,VITAMINIX_EP 040_CARROT,VITAMINIX_EP 040_CARROT,Toonz Media,121360000,2025-05-24T06:52:29Z,208
Media Asset,3093010,VITAMINIX_EP 041_CITRUS,VITAMINIX_EP 041_CITRUS,Toonz Media,121760000,2025-05-24T06:52:19Z,208
Media Asset,3093009,VITAMINIX_EP 037_PULSES,VITAMINIX_EP 037_PULSES,Toonz Media,120320000,2025-05-24T06:52:19Z,208
Media Asset,3093008,"VITAMINIX_EP 056_FIGS, CUSTARD APPLES & AVACADOS","VITAMINIX_EP 056_FIGS, CUSTARD APPLES & AVACADOS",Toonz Media,126720000,2025-05-24T06:52:10Z,208
Media Asset,3093007,VITAMINIX_EP 033_EGG,VITAMINIX_EP 033_EGG,Toonz Media,119400000,2025-05-24T06:51:09Z,208
Media Asset,3093006,VITAMINIX_EP 036_CORN,VITAMINIX_EP 036_CORN,Toonz Media,122360000,2025-05-24T06:51:09Z,208
Media Asset,3093005,VITAMINIX_EP 052_PEPPERS,VITAMINIX_EP 052_PEPPERS,Toonz Media,123240000,2025-05-24T06:51:09Z,208
Media Asset,3093004,VITAMINIX_EP 050_SPICES & SEASONING,VITAMINIX_EP 050_SPICES & SEASONING,Toonz Media,135720000,2025-05-24T06:51:09Z,208
Media Asset,3093003,VITAMINIX_EP 039_RED MEAT,VITAMINIX_EP 039_RED MEAT,Toonz Media,124640000,2025-05-24T06:51:09Z,208
Media Asset,3093002,VITAMINIX_EP 031_MOLYBDENUM,VITAMINIX_EP 031_MOLYBDENUM,Toonz Media,120160000,2025-05-24T06:50:58Z,208
Media Asset,3093001,VITAMINIX_EP 034_BANANA,VITAMINIX_EP 034_BANANA,Toonz Media,121560000,2025-05-24T06:49:58Z,208
Media Asset,3093000,VITAMINIX_EP 035_SHELL FISH,VITAMINIX_EP 035_SHELL FISH,Toonz Media,125520000,2025-05-24T06:49:58Z,208
Media Asset,3092999,VITAMINIX_EP 032_MILK,VITAMINIX_EP 032_MILK,Toonz Media,126920000,2025-05-24T06:49:48Z,208
Media Asset,3092998,VITAMINIX_EP 030_SULPUR,VITAMINIX_EP 030_SULPUR,Toonz Media,127320000,2025-05-24T06:49:48Z,208
Media Asset,3092997,VITAMINIX_EP 026_ZINC,VITAMINIX_EP 026_ZINC,Toonz Media,125400000,2025-05-24T06:48:48Z,208
Media Asset,3092996,VITAMINIX_EP 025_IODINE,VITAMINIX_EP 025_IODINE,Toonz Media,122840000,2025-05-24T06:48:48Z,208
Media Asset,3092995,VITAMINIX_EP 028_SILICON,VITAMINIX_EP 028_SILICON,Toonz Media,127360000,2025-05-24T06:48:48Z,208
Media Asset,3092994,VITAMINIX_EP 027_CHROMIUM,VITAMINIX_EP 027_CHROMIUM,Toonz Media,134480000,2025-05-24T06:48:48Z,208
Media Asset,3092993,VITAMINIX_EP 023_SELENIUM,VITAMINIX_EP 023_SELENIUM,Toonz Media,133520000,2025-05-24T06:48:48Z,208
Media Asset,3092992,VITAMINIX_EP 029_CHLORINE,VITAMINIX_EP 029_CHLORINE,Toonz Media,123320000,2025-05-24T06:48:37Z,208
Media Asset,3092991,VITAMINIX_EP 022_POTASSIUM,VITAMINIX_EP 022_POTASSIUM,Toonz Media,122440000,2025-05-24T06:47:37Z,208
Media Asset,3092990,VITAMINIX_EP 017_FLORIDE,VITAMINIX_EP 017_FLORIDE,Toonz Media,129800000,2025-05-24T06:47:37Z,208
Media Asset,3092989,VITAMINIX_EP 024_SODIUM,VITAMINIX_EP 024_SODIUM,Toonz Media,124560000,2025-05-24T06:47:37Z,208
Media Asset,3092988,VITAMINIX_EP 019_IRON,VITAMINIX_EP 019_IRON,Toonz Media,131400000,2025-05-24T06:47:27Z,208
Media Asset,3092987,VITAMINIX_EP 016_COPPER,VITAMINIX_EP 016_COPPER,Toonz Media,123320000,2025-05-24T06:46:27Z,208
Media Asset,3092986,VITAMINIX_EP 020_MAGNESIUM,VITAMINIX_EP 020_MAGNESIUM,Toonz Media,117800000,2025-05-24T06:46:27Z,208
Media Asset,3092985,VITAMINIX_EP 018_PHOSPHORUS,VITAMINIX_EP 018_PHOSPHORUS,Toonz Media,124400000,2025-05-24T06:46:27Z,208
Media Asset,3092984,VITAMINIX_EP 021_MANGANESE,VITAMINIX_EP 021_MANGANESE,Toonz Media,128160000,2025-05-24T06:46:27Z,208
Media Asset,3092983,VITAMINIX_EP 012_VITAMIN E,VITAMINIX_EP 012_VITAMIN E,Toonz Media,125000000,2025-05-24T06:46:16Z,208
Media Asset,3092982,VITAMINIX_EP 011_VITAMIN D,VITAMINIX_EP 011_VITAMIN D,Toonz Media,125680000,2025-05-24T06:46:16Z,208
Media Asset,3092981,VITAMINIX_EP 015_COBALT,VITAMINIX_EP 015_COBALT,Toonz Media,121560000,2025-05-24T06:45:16Z,208
Media Asset,3092980,VITAMINIX_EP 014_CALCIUM,VITAMINIX_EP 014_CALCIUM,Toonz Media,125040000,2025-05-24T06:45:16Z,208
Media Asset,3092979,VITAMINIX_EP 013_VITAMIN K,VITAMINIX_EP 013_VITAMIN K,Toonz Media,119360000,2025-05-24T06:45:16Z,208
Media Asset,3092978,VITAMINIX_EP 010_VITAMIN C,VITAMINIX_EP 010_VITAMIN C,Toonz Media,130280000,2025-05-24T06:44:55Z,208
Media Asset,3092967,Maitraheshabdsuranche_AshishKeskar,Maitraheshabdsuranche_AshishKeskar,DD Mumbai,3254120000,2025-05-23T11:22:12Z,208
Media Asset,3092960,Maitraheshabdsuranche_GauriPathare,Maitraheshabdsuranche_GauriPathare,DD Mumbai,2993760000,2025-05-23T10:25:15Z,208
Media Asset,3092958,Vocal by Pt,Vocal by Pt,PB-Archives-A,1791640000,2025-05-23T10:18:45Z,208
Media Asset,3092956,Vocal Recital-Rajan Sajan Mishra,Vocal Recital-Rajan Sajan Mishra,PB-Archives-A,1835600000,2025-05-23T10:11:25Z,208
Media Asset,3092955,Vocal Recital-Kishori Amonkar,Vocal Recital-Kishori Amonkar,PB-Archives-A,4068920000,2025-05-23T10:08:55Z,208
Media Asset,3092953,Vocal Recital-Pt,Vocal Recital-Pt,PB-Archives-A,1780080000,2025-05-23T10:04:14Z,208
Media Asset,3092952,Vocal Recital-Pt,Vocal Recital-Pt,PB-Archives-A,1606160000,2025-05-23T10:02:03Z,208
Media Asset,3092951,Vocal Recital-Gayathari Venkataraghvan,Vocal Recital-Gayathari Venkataraghvan,PB-Archives-A,1815440000,2025-05-23T10:01:48Z,208
Media Asset,3092949,AGENDA AAPNO GAURAV RANG RANGILO RAJASTHAN,AGENDA AAPNO GAURAV RANG RANGILO RAJASTHAN,DD Rajasthan,3313320000,2025-05-23T09:59:04Z,208
Media Asset,3092948,Vocal Recital by Pt,Vocal Recital by Pt,PB-Archives-A,1699840000,2025-05-23T09:57:34Z,208
Media Asset,3092947,Veena Recital by S Rukmani,Veena Recital by S Rukmani,PB-Archives-A,1736080000,2025-05-23T09:47:31Z,208
Media Asset,3092946,Karnatak Vocal T,Karnatak Vocal T,PB-Archives-A,1763560000,2025-05-23T09:35:59Z,208
Media Asset,3092945,Flute Recital by Pt,Flute Recital by Pt,PB-Archives-A,1842480000,2025-05-23T09:32:59Z,208
Media Asset,3092943,Guitar Recital-Salil Bhatt,Guitar Recital-Salil Bhatt,PB-Archives-A,1739360000,2025-05-23T09:32:08Z,208
Media Asset,3092942,Chitraveena Recital-N,Chitraveena Recital-N,PB-Archives-A,1811000000,2025-05-23T09:32:08Z,208
Media Asset,3092941,Clarionet Recital-AKC Natrajan,Clarionet Recital-AKC Natrajan,PB-Archives-A,1753120000,2025-05-23T09:32:08Z,208
Media Asset,3092938,Carnatic Vocal-Shyamala Venkateshwaram,Carnatic Vocal-Shyamala Venkateshwaram,PB-Archives-A,1897000000,2025-05-23T09:29:19Z,208
Media Asset,3092937,Dhrupad-Uday Bhawalkar,Dhrupad-Uday Bhawalkar,PB-Archives-A,1628400000,2025-05-23T09:29:09Z,208
Media Asset,3092935,Mohiniattam-Dr,Mohiniattam-Dr,PB-Archives-A,1744880000,2025-05-23T09:13:26Z,208
Media Asset,3092934,Odissi by Aruna Mohanty,Odissi by Aruna Mohanty,PB-Archives-A,1552600000,2025-05-23T09:12:25Z,208
Media Asset,3092933,Mohiniattam by Thara Kalyan,Mohiniattam by Thara Kalyan,PB-Archives-A,1605200000,2025-05-23T09:11:45Z,208
Media Asset,3092932,Manipuri by Devjani Chalia,Manipuri by Devjani Chalia,PB-Archives-A,2015800000,2025-05-23T09:11:04Z,208
Media Asset,3092930,Kathak by Madhavi Jhala,Kathak by Madhavi Jhala,PB-Archives-A,1671720000,2025-05-23T09:10:15Z,208
Media Asset,3092929,Kathak by Chandrani Kalita Ojah,Kathak by Chandrani Kalita Ojah,PB-Archives-A,1813560000,2025-05-23T09:10:05Z,208
Media Asset,3092927,Bharatnatyam- Bharathi Kannamma by M,Bharatnatyam- Bharathi Kannamma by M,PB-Archives-A,1834440000,2025-05-23T09:09:45Z,208
Media Asset,3092923,Bharatnatyam by Subhashini Vasantha,Bharatnatyam by Subhashini Vasantha,PB-Archives-A,1772240000,2025-05-23T09:08:44Z,208
Media Asset,3089472,Flute Recital by Dr,Flute Recital by Dr,PB-Archives-A,1840280000,2025-05-23T09:28:28Z,208
Media Asset,3089471,Swad Sehat Aur India EP-19 Revised,Swad Sehat Aur India EP-19 Revised,DD Kisan,1394760000,2025-05-23T09:27:58Z,208
Media Asset,3089470,Swad Sehat Aur India EP -18 Revised,Swad Sehat Aur India EP -18 Revised,DD Kisan,1386760000,2025-05-23T09:26:38Z,208
Media Asset,3089469,Carnatic Vocal by Dr,Carnatic Vocal by Dr,PB-Archives-A,1699640000,2025-05-23T09:26:38Z,208
Media Asset,3089468,Carnatic Vocal Recital by Thirupoonthurty V,Carnatic Vocal Recital by Thirupoonthurty V,PB-Archives-A,1594560000,2025-05-23T09:26:10Z,208
Media Asset,3089467,Carnatic Vocal Recital by T,Carnatic Vocal Recital by T,PB-Archives-A,1763440000,2025-05-23T09:25:17Z,208
Media Asset,3089466,Carnatic Classical Violin Concert by Dwaram Satyanarayana Rao,Carnatic Classical Violin Concert by Dwaram Satyanarayana Rao,PB-Archives-A,1678640000,2025-05-23T09:24:57Z,208
Media Asset,3089465,Carnatic Classical Veena Concert by D,Carnatic Classical Veena Concert by D,PB-Archives-A,1877320000,2025-05-23T09:24:37Z,208
Media Asset,3089461,Sattriya-Ramkrishna Talukdar,Sattriya-Ramkrishna Talukdar,PB-Archives-A,1656160000,2025-05-23T09:21:16Z,208
Media Asset,3089460,Sattriya by Rinjumoni Saikia,Sattriya by Rinjumoni Saikia,PB-Archives-A,1801680000,2025-05-23T09:21:06Z,208
Media Asset,3089458,Sattriya by Ms,Sattriya by Ms,PB-Archives-A,1797840000,2025-05-23T09:20:49Z,208
Media Asset,3089457,Sattriya by Shatarupa Chatterjee,Sattriya by Shatarupa Chatterjee,PB-Archives-A,1468720000,2025-05-23T09:19:36Z,208
Media Asset,3089456,Sattriya by Tarali Das -II,Sattriya by Tarali Das -II,PB-Archives-A,1649960000,2025-05-23T09:19:17Z,208
Media Asset,3089455,Sattriya by Anwesa Mahanta,Sattriya by Anwesa Mahanta,PB-Archives-A,1752440000,2025-05-23T09:19:10Z,208
Media Asset,3089454,Odissi-Barnali Mitra,Odissi-Barnali Mitra,PB-Archives-A,1818120000,2025-05-23T09:17:46Z,208
Media Asset,3089453,Odissi by Ms,Odissi by Ms,PB-Archives-A,1781280000,2025-05-23T09:17:37Z,208
Media Asset,3089452,Odissi-Rajshree Behera,Odissi-Rajshree Behera,PB-Archives-A,1655000000,2025-05-23T09:17:37Z,208
Media Asset,3089451,Odissi by Meera Das,Odissi by Meera Das,PB-Archives-A,1794240000,2025-05-23T09:16:56Z,208
Media Asset,3089449,Nupur-Bharatnatyam-Jayanti Subramaniam,Nupur-Bharatnatyam-Jayanti Subramaniam,PB-Archives-A,1662520000,2025-05-23T09:14:16Z,208
Media Asset,3089448,Odissi by Devi Basu,Odissi by Devi Basu,PB-Archives-A,1746040000,2025-05-23T09:14:06Z,208
Media Asset,3089447,Kathak-Swati Sinha,Kathak-Swati Sinha,PB-Archives-A,1651920000,2025-05-23T08:57:41Z,208
Media Asset,3089446,Kathak by Vikram Iyengar,Kathak by Vikram Iyengar,PB-Archives-A,1845120000,2025-05-23T08:56:37Z,208
Media Asset,3089445,Kathak by Swati Sinha,Kathak by Swati Sinha,PB-Archives-A,1646920000,2025-05-23T08:56:37Z,208
Media Asset,3089444,Kathak by Shobha Koser,Kathak by Shobha Koser,PB-Archives-A,1579320000,2025-05-23T08:56:37Z,208
Media Asset,3089443,Kathak by Pandita Uma Dogra,Kathak by Pandita Uma Dogra,PB-Archives-A,1797760000,2025-05-23T08:55:32Z,208
Media Asset,3089442,Kathak by Nalini Kamalini,Kathak by Nalini Kamalini,PB-Archives-A,1878480000,2025-05-23T08:55:32Z,208
Media Asset,3089441,Bharatnatyam by J,Bharatnatyam by J,PB-Archives-A,1859240000,2025-05-23T08:54:28Z,208
Media Asset,3089440,FAUJI02_EP_96_MASTER OTT,FAUJI02_EP_96_MASTER OTT,Fauji2.0,1317000000,2025-05-23T08:41:55Z,208
Media Asset,3089439,FAUJI02_EP_94_MASTER OTT,FAUJI02_EP_94_MASTER OTT,Fauji2.0,1313040000,2025-05-23T08:40:55Z,208
Media Asset,3089438,Maitraheshabdsuranche_HemantPendse_Part1,Maitraheshabdsuranche_HemantPendse_Part1,DD Mumbai,3195760000,2025-05-23T08:18:33Z,208
Media Asset,3089434,Maitraheshabdsuranche_PadmajaPhenanyJoglekar,Maitraheshabdsuranche_PadmajaPhenanyJoglekar,DD Mumbai,3288640000,2025-05-23T07:30:35Z,208
Media Asset,3089416,FAUJI02_EP_93_MASTER OTT,FAUJI02_EP_93_MASTER OTT,Fauji2.0,1317000000,2025-05-23T05:10:45Z,208
Media Asset,3089415,2205-DECODE-SOCIAL-RW-FULL,2205-DECODE-SOCIAL-RW-FULL,Decode,3364160000,2025-05-23T04:59:05Z,208
Media Asset,3089385,Kuchipudi-Rathana Kumar,Kuchipudi-Rathana Kumar,PB-Archives-A,1742240000,2025-05-23T09:06:53Z,208
Media Asset,3089384,Kuchipudi-Deepika Reddy,Kuchipudi-Deepika Reddy,PB-Archives-A,1757320000,2025-05-23T09:06:53Z,208
Media Asset,3089382,Manipuri by Baishali Basu,Manipuri by Baishali Basu,PB-Archives-A,1792560000,2025-05-23T09:06:13Z,208
Media Asset,3089377,Kuchipudi by Yashoda Thakore,Kuchipudi by Yashoda Thakore,PB-Archives-A,1787560000,2025-05-23T09:04:23Z,208
Media Asset,3089376,Kuchipudi by Uma Murali Krishna,Kuchipudi by Uma Murali Krishna,PB-Archives-A,1897360000,2025-05-23T09:04:13Z,208
Media Asset,3089375,Kuchipudi by Dr,Kuchipudi by Dr,PB-Archives-A,1608720000,2025-05-23T09:04:01Z,208
Media Asset,3089374,Kathakali-R,Kathakali-R,PB-Archives-A,1517160000,2025-05-23T09:03:52Z,208
Media Asset,3089372,Kathakali by N,Kathakali by N,PB-Archives-A,1573320000,2025-05-23T09:03:13Z,208
Media Asset,3089371,Kathakali-Kalamandalam C,Kathakali-Kalamandalam C,PB-Archives-A,1805520000,2025-05-23T09:02:52Z,208
Media Asset,3089370,Kathakali by Kalamandalam Venkitt,Kathakali by Kalamandalam Venkitt,PB-Archives-A,1587920000,2025-05-23T09:02:01Z,208
Media Asset,3089369,Kathakali by Kalamandalam T,Kathakali by Kalamandalam T,PB-Archives-A,1866520000,2025-05-23T08:58:46Z,208
Media Asset,3089368,Kathak-Uma Sharma,Kathak-Uma Sharma,PB-Archives-A,1715000000,2025-05-23T08:58:46Z,208
Media Asset,3089367,Kathak-Beena Singh,Kathak-Beena Singh,PB-Archives-A,1478120000,2025-05-23T08:57:41Z,208
Media Asset,3084827,Maitraheshabdsuranche_VinayRajwade,Maitraheshabdsuranche_VinayRajwade,DD Mumbai,3110760000,2025-05-22T12:04:10Z,208
Media Asset,3084742,Maitraheshabdsuranche_ShivaliRanade,Maitraheshabdsuranche_ShivaliRanade,DD Mumbai,2530680000,2025-05-22T09:27:02Z,208
Media Asset,3083528,Maitraheshabdsuranche_DrRewaNatu,Maitraheshabdsuranche_DrRewaNatu,DD Mumbai,2794880000,2025-05-22T11:09:41Z,208
Media Asset,3079675,Maitraheshabdsuranche_Harsshit Abhiraj,Maitraheshabdsuranche_Harsshit Abhiraj,DD Mumbai,3173480000,2025-05-22T07:49:21Z,208
Media Asset,3077729,FAUJI02_EP_99_MASTER OTT,FAUJI02_EP_99_MASTER OTT,Fauji2.0,1317040000,2025-05-22T06:07:57Z,208
Media Asset,3077728,FAUJI02_EP_98_MASTER OTT,FAUJI02_EP_98_MASTER OTT,Fauji2.0,1304000000,2025-05-22T06:06:26Z,208
Media Asset,3077727,FAUJI02_EP_97_MASTER OTT,FAUJI02_EP_97_MASTER OTT,Fauji2.0,1325040000,2025-05-22T06:05:57Z,208
Media Asset,3077724,FAUJI02_EP_95_MASTER OTT,FAUJI02_EP_95_MASTER OTT,Fauji2.0,1306160000,2025-05-22T05:50:24Z,208
Media Asset,3077719,SERIAL-APNI VACHHE DARIYA EPI 08,SERIAL-APNI VACHHE DARIYA EPI 08,DDK Ahemdabad,1577880000,2025-05-22T05:49:44Z,208
Media Asset,3077717,SERIAL-APNI VACHHE DARIYA EPI 05,SERIAL-APNI VACHHE DARIYA EPI 05,DDK Ahemdabad,1543320000,2025-05-22T05:49:34Z,208
Media Asset,3077715,SERIAL-APNI VACHHE DARIYA EPI 04,SERIAL-APNI VACHHE DARIYA EPI 04,DDK Ahemdabad,8302520000,2025-05-22T05:49:24Z,208
Media Asset,3077691,SERIAL-APNI VACHHE DARIYA EPI 07,SERIAL-APNI VACHHE DARIYA EPI 07,DDK Ahemdabad,1548440000,2025-05-22T05:34:30Z,208
Media Asset,3077684,SERIAL-APNI VACHHE DARIYA EPI 06,SERIAL-APNI VACHHE DARIYA EPI 06,DDK Ahemdabad,1557560000,2025-05-22T05:33:28Z,208
Media Asset,3077297,FAUJI02_EP_100_MASTER OTT,FAUJI02_EP_100_MASTER OTT,Fauji2.0,1350040000,2025-05-22T05:40:16Z,208
Media Asset,3074228,SERIAL-APNI VACHHE DARIYA EPI 03,SERIAL-APNI VACHHE DARIYA EPI 03,DDK Ahemdabad,4751800000,2025-05-22T05:23:24Z,208
Media Asset,3074227,SERIAL-APNI VACHHE DARIYA EPI 02,SERIAL-APNI VACHHE DARIYA EPI 02,DDK Ahemdabad,4751800000,2025-05-22T05:22:24Z,208
Media Asset,3074225,SERIAL-APNI VACHHE DARIYA EPI 01,SERIAL-APNI VACHHE DARIYA EPI 01,DDK Ahemdabad,4751800000,2025-05-22T05:21:24Z,208
Media Asset,3074220,2105 DECODE SOCIAL-RAW-FULL,2105 DECODE SOCIAL-RAW-FULL,Decode,2986160000,2025-05-22T04:55:17Z,208
Media Asset,3074218,KRISHI VISHESH -EP 13,KRISHI VISHESH -EP 13,DD Kisan,1297960000,2025-05-22T04:32:39Z,208
Media Asset,3074217,KRISHI VISHESH -EP 12,KRISHI VISHESH -EP 12,DD Kisan,1462120000,2025-05-22T04:21:50Z,208
Media Asset,3074216,KRISHI VISHESH -EP 11,KRISHI VISHESH -EP 11,DD Kisan,1574920000,2025-05-22T04:09:51Z,208
Media Asset,3070532,MaitraHeTaalSuranche_MuktaJoshi,MaitraHeTaalSuranche_MuktaJoshi,DD Mumbai,3295800000,2025-05-21T12:03:12Z,208
Media Asset,3067830,MaitraHeTaalSuranche_UmashankarDate,MaitraHeTaalSuranche_UmashankarDate,DD Mumbai,3300320000,2025-05-21T10:12:38Z,208
Media Asset,3067824,Dharti ka amrit jaivik kheti ep-05,Dharti ka amrit jaivik kheti ep-05,DD Kisan,1342760000,2025-05-21T09:42:29Z,208
Media Asset,3067800,MaitraHeShabdSuranche_RamDeshpande_Part1,MaitraHeShabdSuranche_RamDeshpande_Part1,DD Mumbai,3268760000,2025-05-21T07:58:09Z,208
Media Asset,3067065,KRISHI VISHESH -EP 10,KRISHI VISHESH -EP 10,DD Kisan,1541920000,2025-05-21T09:59:52Z,208
Media Asset,3067064,Dharti ka amrit jaivik kheti ep-04,Dharti ka amrit jaivik kheti ep-04,DD Kisan,1257640000,2025-05-21T09:34:27Z,208
Media Asset,3067062,Dharti ka amrit jaivik kheti ep-03,Dharti ka amrit jaivik kheti ep-03,DD Kisan,1242520000,2025-05-21T09:20:02Z,208
Media Asset,3067060,MaitraHeShabdSuranche_RamDeshpande_Part2,MaitraHeShabdSuranche_RamDeshpande_Part2,DD Mumbai,3899040000,2025-05-21T09:17:02Z,208
Media Asset,3067059,Dharti ka amrit jaivik kheti ep-02,Dharti ka amrit jaivik kheti ep-02,DD Kisan,1255600000,2025-05-21T09:15:32Z,208
Media Asset,3067058,Dharti ka amrit jaivik kheti ep-01,Dharti ka amrit jaivik kheti ep-01,DD Kisan,1243120000,2025-05-21T09:14:22Z,208
Media Asset,3067057,MONONITO BAGDOTTA BUARI GORAKIR GEET,MONONITO BAGDOTTA BUARI GORAKIR GEET,DDK Guwahati,1472880000,2025-05-21T09:12:12Z,208
Media Asset,3067029,MaitraHeTaalSuranche_NinadAjgaonkar,MaitraHeTaalSuranche_NinadAjgaonkar,DD Mumbai,3268560000,2025-05-21T07:04:27Z,208
Media Asset,3066977,2005 DECODE SOCIAL FULL RAW,2005 DECODE SOCIAL FULL RAW,Decode,3222160000,2025-05-21T05:34:16Z,208
Media Asset,3066975,Dharti ka amrit jaivik kheti ep-10,Dharti ka amrit jaivik kheti ep-10,DD Kisan,1460000000,2025-05-21T04:58:36Z,208
Media Asset,3066973,Dharti ka amrit jaivik kheti ep-09,Dharti ka amrit jaivik kheti ep-09,DD Kisan,1252480000,2025-05-21T04:46:37Z,208
Media Asset,3066972,Dharti ka amrit jaivik kheti ep-08,Dharti ka amrit jaivik kheti ep-08,DD Kisan,1189360000,2025-05-21T04:33:40Z,208
Media Asset,3066971,Dharti ka amrit jaivik kheti ep-07,Dharti ka amrit jaivik kheti ep-07,DD Kisan,1232800000,2025-05-21T04:21:04Z,208
Media Asset,3066970,Dharti ka amrit jaivik kheti ep-06,Dharti ka amrit jaivik kheti ep-06,DD Kisan,1325560000,2025-05-21T04:09:05Z,208
Media Asset,3065741,c65d938c-3676-411f-a3a2-049ea122a497.mp4,c65d938c-3676-411f-a3a2-049ea122a497.mp4,PB-Archives-A,2962072993,2025-05-20T13:19:21Z,208
Media Asset,3064033,01 DR,01 DR,PB-Archives-A,2962073243,2025-05-20T13:16:00Z,208
Media Asset,3058128,MaitraHeShabdSuranche_ManjiriAsnareKelkar_Part2,MaitraHeShabdSuranche_ManjiriAsnareKelkar_Part2,DD Mumbai,3245640000,2025-05-20T10:46:23Z,208
Media Asset,3057924,MaitraHeShabdSuranche_ManjiriAsnareKelkar_Part1,MaitraHeShabdSuranche_ManjiriAsnareKelkar_Part1,DD Mumbai,3312800000,2025-05-20T09:38:39Z,208
Media Asset,3052488,KRISHI VISHESH -EP 09,KRISHI VISHESH -EP 09,DD Kisan,1297800000,2025-05-20T07:29:49Z,208
Media Asset,3048218,KRISHI VISHESH -EP 04,KRISHI VISHESH -EP 04,DD Kisan,1501880000,2025-05-20T06:46:37Z,208
Media Asset,3048215,KRISHI VISHESH -EP 03,KRISHI VISHESH -EP 03,DD Kisan,1383040000,2025-05-20T06:36:09Z,208
Media Asset,3045458,KRISHI VISHESH -EP 01 AVOCADO,KRISHI VISHESH -EP 01 AVOCADO,DD Kisan,1502520000,2025-05-20T06:10:21Z,208
Media Asset,3044336,KRISHI VISHESH -EP 02,KRISHI VISHESH -EP 02,DD Kisan,1315840000,2025-05-20T06:20:52Z,208
Media Asset,3041457,1905 DECODE SOCIAL FULL EPISODE,1905 DECODE SOCIAL FULL EPISODE,Decode,3165880000,2025-05-20T04:59:23Z,208
Media Asset,3041435,Indian Games ( Bharatiy Vyayam Aur Khel )_002042,Indian Games ( Bharatiy Vyayam Aur Khel )_002042,NFDC,675000000,2025-05-19T13:24:20Z,208
Media Asset,3041432,Housla EP- 21,Housla EP- 21,DD Kisan,1307280000,2025-05-19T13:24:11Z,208
Media Asset,3040570,International rights holders� perspectives-001.mp4,International rights holders� perspectives-001.mp4,PB-Archives-A,,2025-05-19T13:22:07Z,208
Media Asset,3034975,HOUSLA EP 26,HOUSLA EP 26,DD Kisan,1333360000,2025-05-19T10:30:37Z,208
Media Asset,3034974,HOUSLA EP 25,HOUSLA EP 25,DD Kisan,1358120000,2025-05-19T10:30:18Z,208
Media Asset,3034968,HOUSLA EP 24,HOUSLA EP 24,DD Kisan,1380880000,2025-05-19T10:01:21Z,208
Media Asset,3034966,HOUSLA EP 23,HOUSLA EP 23,DD Kisan,1322920000,2025-05-19T10:01:11Z,208
Media Asset,3034584,LOLA & VIRGINIA_EP 49_DEAR LOLA,LOLA & VIRGINIA_EP 49_DEAR LOLA,Toonz Media,729520000,2025-05-19T10:01:10Z,208
Media Asset,3034583,LOLA & VIRGINIA_EP 50_A BOYFRIEND FOR HAIDE,LOLA & VIRGINIA_EP 50_A BOYFRIEND FOR HAIDE,Toonz Media,776000000,2025-05-19T10:00:40Z,208
Media Asset,3034582,LOLA & VIRGINIA_EP 47_21ST CENTURY CINDERELLA,LOLA & VIRGINIA_EP 47_21ST CENTURY CINDERELLA,Toonz Media,752240000,2025-05-19T10:00:30Z,208
Media Asset,3034581,LOLA & VIRGINIA_EP 43_BRUSHSTROKES,LOLA & VIRGINIA_EP 43_BRUSHSTROKES,Toonz Media,734920000,2025-05-19T10:00:20Z,208
Media Asset,3034580,LOLA & VIRGINIA_EP 42_SAN LORENZO VS COLUMBUS,LOLA & VIRGINIA_EP 42_SAN LORENZO VS COLUMBUS,Toonz Media,757880000,2025-05-19T10:00:20Z,208
Media Asset,3034579,LOLA & VIRGINIA_EP 45_DEAR DIARY,LOLA & VIRGINIA_EP 45_DEAR DIARY,Toonz Media,733720000,2025-05-19T10:00:10Z,208
Media Asset,3034578,LOLA & VIRGINIA_EP 46_THE LIGHTNING MAN,LOLA & VIRGINIA_EP 46_THE LIGHTNING MAN,Toonz Media,767800000,2025-05-19T10:00:10Z,208
Media Asset,3034577,LOLA & VIRGINIA_EP 44_THE UNIFORM,LOLA & VIRGINIA_EP 44_THE UNIFORM,Toonz Media,765600000,2025-05-19T10:00:00Z,208
Media Asset,3034576,LOLA & VIRGINIA_EP 52_SECRET LOVE,LOLA & VIRGINIA_EP 52_SECRET LOVE,Toonz Media,740560000,2025-05-19T09:59:39Z,208
Media Asset,3034574,LOLA & VIRGINIA_EP 51_HIGH TREASON,LOLA & VIRGINIA_EP 51_HIGH TREASON,Toonz Media,770040000,2025-05-19T09:59:29Z,208
Media Asset,3034573,LOLA & VIRGINIA_EP 48_COMPULSIVE BUYER,LOLA & VIRGINIA_EP 48_COMPULSIVE BUYER,Toonz Media,805880000,2025-05-19T09:59:19Z,208
Media Asset,3034572,LOLA & VIRGINIA_EP 41_PYJAMA PARTY,LOLA & VIRGINIA_EP 41_PYJAMA PARTY,Toonz Media,737520000,2025-05-19T09:59:09Z,208
Media Asset,3034571,LOLA & VIRGINIA_EP 34_LOVE SOAP,LOLA & VIRGINIA_EP 34_LOVE SOAP,Toonz Media,770440000,2025-05-19T09:58:58Z,208
Media Asset,3034569,LOLA & VIRGINIA_EP 38_FROZEN HEART,LOLA & VIRGINIA_EP 38_FROZEN HEART,Toonz Media,742440000,2025-05-19T09:58:39Z,208
Media Asset,3034568,LOLA & VIRGINIA_EP 28_FAN CLUB,LOLA & VIRGINIA_EP 28_FAN CLUB,Toonz Media,767360000,2025-05-19T09:58:38Z,208
Media Asset,3034567,LOLA & VIRGINIA_EP 36_TYRANOSAURUS,LOLA & VIRGINIA_EP 36_TYRANOSAURUS,Toonz Media,749640000,2025-05-19T09:58:29Z,208
Media Asset,3034566,LOLA & VIRGINIA_EP 37_CARNIVAL,LOLA & VIRGINIA_EP 37_CARNIVAL,Toonz Media,736200000,2025-05-19T09:58:29Z,208
Media Asset,3034565,LOLA & VIRGINIA_EP 35_FROG PARTY,LOLA & VIRGINIA_EP 35_FROG PARTY,Toonz Media,746080000,2025-05-19T09:58:19Z,208
Media Asset,3034563,LOLA & VIRGINIA_EP 19_A MOPED FOR TWO,LOLA & VIRGINIA_EP 19_A MOPED FOR TWO,Toonz Media,731840000,2025-05-19T09:57:48Z,208
Media Asset,3034562,LOLA & VIRGINIA_EP 21_HEADLINE NEWS,LOLA & VIRGINIA_EP 21_HEADLINE NEWS,Toonz Media,737640000,2025-05-19T09:57:48Z,208
Media Asset,3034561,LOLA & VIRGINIA_EP 39_OLYMPIC TORCH,LOLA & VIRGINIA_EP 39_OLYMPIC TORCH,Toonz Media,735000000,2025-05-19T09:57:48Z,208
Media Asset,3034559,LOLA & VIRGINIA_EP 27_HUGO IN LOVE,LOLA & VIRGINIA_EP 27_HUGO IN LOVE,Toonz Media,739240000,2025-05-19T09:57:38Z,208
Media Asset,3034558,LOLA & VIRGINIA_EP 24_KINKY KINDRED,LOLA & VIRGINIA_EP 24_KINKY KINDRED,Toonz Media,739800000,2025-05-19T09:57:18Z,208
Media Asset,3034556,LOLA & VIRGINIA_EP 31_ON THE SIDELINES,LOLA & VIRGINIA_EP 31_ON THE SIDELINES,Toonz Media,721560000,2025-05-19T09:56:47Z,208
Media Asset,3034555,LOLA & VIRGINIA_EP 15_UNHAPPY BIRTHDAY,LOLA & VIRGINIA_EP 15_UNHAPPY BIRTHDAY,Toonz Media,839600000,2025-05-19T09:56:37Z,208
Media Asset,3034554,LOLA & VIRGINIA_EP 32_I SURVIVED 100 DAYS IN SAN LORENZO,LOLA & VIRGINIA_EP 32_I SURVIVED 100 DAYS IN SAN LORENZO,Toonz Media,748000000,2025-05-19T09:56:37Z,208
Media Asset,3034553,LOLA & VIRGINIA_EP 30_30 MINUTES FLAT,LOLA & VIRGINIA_EP 30_30 MINUTES FLAT,Toonz Media,707200000,2025-05-19T09:56:17Z,208
Media Asset,3034552,LOLA & VIRGINIA_EP 25_AFRAID OF WHAT,LOLA & VIRGINIA_EP 25_AFRAID OF WHAT,Toonz Media,745280000,2025-05-19T09:56:07Z,208
Media Asset,3034551,LOLA & VIRGINIA_EP 20_PERFECT FRIENDSHIP,LOLA & VIRGINIA_EP 20_PERFECT FRIENDSHIP,Toonz Media,762160000,2025-05-19T09:55:37Z,208
Media Asset,3034550,"LOLA & VIRGINIA_EP 26_OH NO, NOT HER!","LOLA & VIRGINIA_EP 26_OH NO, NOT HER!",Toonz Media,741720000,2025-05-19T09:55:27Z,208
Media Asset,3034549,LOLA & VIRGINIA_EP 33_GOOD MORNING SAN LORENZO,LOLA & VIRGINIA_EP 33_GOOD MORNING SAN LORENZO,Toonz Media,720920000,2025-05-19T09:55:27Z,208
Media Asset,3034548,"LOLA & VIRGINIA_EP 10_BYE, DOLL","LOLA & VIRGINIA_EP 10_BYE, DOLL",Toonz Media,747040000,2025-05-19T09:55:27Z,208
Media Asset,3034547,LOLA & VIRGINIA_EP 09_MAYHEM IN THE SNOW,LOLA & VIRGINIA_EP 09_MAYHEM IN THE SNOW,Toonz Media,747320000,2025-05-19T09:54:57Z,208
Media Asset,3034545,LOLA & VIRGINIA_EP 22_PAIR OF ACES,LOLA & VIRGINIA_EP 22_PAIR OF ACES,Toonz Media,778680000,2025-05-19T09:54:36Z,208
Media Asset,3033433,LOLA & VIRGINIA_EP 23_A SHOULDER TO CRY ON,LOLA & VIRGINIA_EP 23_A SHOULDER TO CRY ON,Toonz Media,746680000,2025-05-19T09:54:07Z,208
Media Asset,3033432,LOLA & VIRGINIA_EP 29_BLACKMAIL,LOLA & VIRGINIA_EP 29_BLACKMAIL,Toonz Media,721920000,2025-05-19T09:54:07Z,208
Media Asset,3033431,LOLA & VIRGINIA_EP 06_HAUNTED HOUSE,LOLA & VIRGINIA_EP 06_HAUNTED HOUSE,Toonz Media,745960000,2025-05-19T09:54:07Z,208
Media Asset,3033430,LOLA & VIRGINIA_EP 04_IDEAL BOYFRIEND,LOLA & VIRGINIA_EP 04_IDEAL BOYFRIEND,Toonz Media,740280000,2025-05-19T09:53:26Z,208
Media Asset,3033429,LOLA & VIRGINIA_EP 18_THE SECRET CLUB,LOLA & VIRGINIA_EP 18_THE SECRET CLUB,Toonz Media,740560000,2025-05-19T09:53:16Z,208
Media Asset,3033428,LOLA & VIRGINIA_EP 13_DREAM TEAM,LOLA & VIRGINIA_EP 13_DREAM TEAM,Toonz Media,732560000,2025-05-19T09:52:56Z,208
Media Asset,3033427,LOLA & VIRGINIA_EP 12_PROBLEM PETS,LOLA & VIRGINIA_EP 12_PROBLEM PETS,Toonz Media,732600000,2025-05-19T09:52:47Z,208
Media Asset,3033426,LOLA & VIRGINIA_EP 03_I SAW IT FIRST,LOLA & VIRGINIA_EP 03_I SAW IT FIRST,Toonz Media,763200000,2025-05-19T09:52:46Z,208
Media Asset,3033425,LOLA & VIRGINIA_EP 14_ELDER BROTHER,LOLA & VIRGINIA_EP 14_ELDER BROTHER,Toonz Media,711520000,2025-05-19T09:52:46Z,208
Media Asset,3033424,LOLA & VIRGINIA_EP 02_INCOGNITO,LOLA & VIRGINIA_EP 02_INCOGNITO,Toonz Media,776360000,2025-05-19T09:52:15Z,208
Media Asset,3033423,LOLA & VIRGINIA_EP 11_ROLLER COASTER,LOLA & VIRGINIA_EP 11_ROLLER COASTER,Toonz Media,742480000,2025-05-19T09:51:45Z,208
Media Asset,3033422,LOLA & VIRGINIA_EP 16_LOLA FASHION,LOLA & VIRGINIA_EP 16_LOLA FASHION,Toonz Media,744440000,2025-05-19T09:51:16Z,208
Media Asset,3033421,LOLA & VIRGINIA_EP 05_BEAUTY TREATMENT,LOLA & VIRGINIA_EP 05_BEAUTY TREATMENT,Toonz Media,757280000,2025-05-19T09:51:16Z,208
Media Asset,3033420,LOLA & VIRGINIA_EP 01_THE ONION TRICK,LOLA & VIRGINIA_EP 01_THE ONION TRICK,Toonz Media,760400000,2025-05-19T09:50:35Z,208
Media Asset,3033418,LOLA & VIRGINIA_EP 08_PLANET GIRL,LOLA & VIRGINIA_EP 08_PLANET GIRL,Toonz Media,754760000,2025-05-19T09:50:05Z,208
Media Asset,3032510,LOLA & VIRGINIA_EP 07_GOOD FOOD & ROCK 'N' ROLL,LOLA & VIRGINIA_EP 07_GOOD FOOD & ROCK 'N' ROLL,Toonz Media,729360000,2025-05-19T10:02:52Z,208
Media Asset,3032453,HOUSLA EP 22,HOUSLA EP 22,DD Kisan,1337720000,2025-05-19T08:27:37Z,208
Media Asset,3030752,LOLA & VIRGINIA_PROMO,LOLA & VIRGINIA_PROMO,Toonz Media,28520000,2025-05-19T07:35:44Z,208
Media Asset,3030751,LOLA & VIRGINIA_EP 40_TEACHER'S PET,LOLA & VIRGINIA_EP 40_TEACHER'S PET,Toonz Media,773280000,2025-05-19T07:34:58Z,208
Media Asset,3028706,EP 18_MAHAKUMBH - EK AADHYATMIK SANGAM YATRA_JUNA AKHADA,EP 18_MAHAKUMBH - EK AADHYATMIK SANGAM YATRA_JUNA AKHADA,PB-Archives-A,2840560000,2025-05-19T05:44:11Z,208
Media Asset,3028704,EP_22_MAHAKUMBH - EK AADHYATMIK SANGAM YATRA_MAHA NIRVANI AKHADA,EP_22_MAHAKUMBH - EK AADHYATMIK SANGAM YATRA_MAHA NIRVANI AKHADA,PB-Archives-A,2772320000,2025-05-19T05:44:06Z,208
Media Asset,3028703,EP_19_MAHAKUMBH - EK AADHYATMIK SANGAM YATRA_KINNAR AKHADA,EP_19_MAHAKUMBH - EK AADHYATMIK SANGAM YATRA_KINNAR AKHADA,PB-Archives-A,2946400000,2025-05-19T05:44:06Z,208
Media Asset,3028702,EP_21_MAHAKUMBH - EK AADHYATMIK SANGAM YATRA_MAHA NIRVANI AKHADA,EP_21_MAHAKUMBH - EK AADHYATMIK SANGAM YATRA_MAHA NIRVANI AKHADA,PB-Archives-A,2760760000,2025-05-19T05:44:06Z,208
Media Asset,3028701,EP_20_MAHAKUMBH - EK AADHYATMIK SANGAM YATRA_NIRANJANI AKHADA,EP_20_MAHAKUMBH - EK AADHYATMIK SANGAM YATRA_NIRANJANI AKHADA,PB-Archives-A,2958880000,2025-05-19T05:44:06Z,208
Media Asset,3028218,HOUSLA EP 20,HOUSLA EP 20,DD Kisan,1319480000,2025-05-19T06:52:02Z,208
Media Asset,3028216,SCIENCE SPARK EPISODE 16,SCIENCE SPARK EPISODE 16,DD News,1327560000,2025-05-19T06:36:53Z,208
Media Asset,3028215,SCIENCE SPARK EPISODE 17,SCIENCE SPARK EPISODE 17,DD News,1337440000,2025-05-19T06:30:50Z,208
Media Asset,3028190,Krack_Kannada_Trailer,Krack_Kannada_Trailer,Mango Mass Media,74791667,2025-05-19T05:27:48Z,208
Media Asset,3024302,THAYAMMA_EPISODE_Final_128,THAYAMMA_EPISODE_Final_128,DD Podhigai (Chennai),1378410375,2025-05-18T14:19:05Z,208
Media Asset,3024301,THAYAMMA_EPISODE_Final_127,THAYAMMA_EPISODE_Final_127,DD Podhigai (Chennai),1368033333,2025-05-18T14:13:59Z,208
Media Asset,3024300,THAYAMMA_EPISODE_Final_126,THAYAMMA_EPISODE_Final_126,DD Podhigai (Chennai),1383782400,2025-05-18T14:08:23Z,208
Media Asset,3024289,Decode1605_1080,Decode1605_1080,Decode,2928009000,2025-05-17T11:49:04Z,208
Media Asset,3024282,DECODE 1505 Full,DECODE 1505 Full,Decode,3168177052,2025-05-17T11:12:55Z,208
Media Asset,3024278,Housla Ep-19 (Pankaj Kalita),Housla Ep-19 (Pankaj Kalita),DD Kisan,1308640000,2025-05-17T10:28:27Z,208
Media Asset,3024277,Housla EP-18,Housla EP-18,DD Kisan,1347800000,2025-05-17T10:11:23Z,208
Media Asset,3024276,Housla  EP-17,Housla  EP-17,DD Kisan,1338960000,2025-05-17T10:05:04Z,208
Media Asset,3024275,Housla  EP-16 Jagat Ram,Housla  EP-16 Jagat Ram,DD Kisan,1371280000,2025-05-17T10:00:27Z,208
Media Asset,3024274,Housla  EP-15 Hiren Sharma,Housla  EP-15 Hiren Sharma,DD Kisan,1360480000,2025-05-17T09:59:02Z,208
Media Asset,3024273,Housla EP-14 Shyam Singh,Housla EP-14 Shyam Singh,DD Kisan,1424120000,2025-05-17T09:57:05Z,208
Media Asset,3020991,KBR_EP_104_MIX_MASTER_OTT,KBR_EP_104_MIX_MASTER_OTT,Sagar World,1559000000,2025-05-17T05:28:11Z,208
Media Asset,3020990,KBR_EP_103_MIX_MASTER_OTT,KBR_EP_103_MIX_MASTER_OTT,Sagar World,1563000000,2025-05-17T05:27:11Z,208
Media Asset,3020989,EP_30_MAHAKUMBH - EK AADHYATMIK SANGAM YATRA_MAHA NIRVANI AKHADA,EP_30_MAHAKUMBH - EK AADHYATMIK SANGAM YATRA_MAHA NIRVANI AKHADA,PB-Archives-A,2852680000,2025-05-16T13:42:22Z,208
Media Asset,3020988,EP_29_MAHAKUMBH - EK AADHYATMIK SANGAM YATRA_MAHA NIRVANI AKHADA,EP_29_MAHAKUMBH - EK AADHYATMIK SANGAM YATRA_MAHA NIRVANI AKHADA,PB-Archives-A,2904480000,2025-05-16T13:42:22Z,208
Media Asset,3020987,EP_28_MAHAKUMBH - EK AADHYATMIK SANGAM YATRA_MAHA NIRVANI AKHADA,EP_28_MAHAKUMBH - EK AADHYATMIK SANGAM YATRA_MAHA NIRVANI AKHADA,PB-Archives-A,2723600000,2025-05-16T13:42:22Z,208
Media Asset,3020986,EP_25_MAHAKUMBH - EK AADHYATMIK SANGAM YATRA_MAHA NIRVANI AKHADA,EP_25_MAHAKUMBH - EK AADHYATMIK SANGAM YATRA_MAHA NIRVANI AKHADA,PB-Archives-A,2719440000,2025-05-16T13:39:10Z,208
Media Asset,3020985,EP_24_MAHAKUMBH - EK AADHYATMIK SANGAM YATRA_MAHA NIRVANI AKHADA,EP_24_MAHAKUMBH - EK AADHYATMIK SANGAM YATRA_MAHA NIRVANI AKHADA,PB-Archives-A,2777760000,2025-05-16T13:39:10Z,208
Media Asset,3020984,EP_26_MAHAKUMBH - EK AADHYATMIK SANGAM YATRA_MAHA NIRVANI AKHADA,EP_26_MAHAKUMBH - EK AADHYATMIK SANGAM YATRA_MAHA NIRVANI AKHADA,PB-Archives-A,2778840000,2025-05-16T13:39:10Z,208
Media Asset,3020983,EP_27_MAHAKUMBH - EK AADHYATMIK SANGAM YATRA_MAHA NIRVANI AKHADA,EP_27_MAHAKUMBH - EK AADHYATMIK SANGAM YATRA_MAHA NIRVANI AKHADA,PB-Archives-A,2667520000,2025-05-16T13:39:10Z,208
Media Asset,3020982,EP_23_MAHAKUMBH - EK AADHYATMIK SANGAM YATRA_MAHA NIRVANI AKHADA,EP_23_MAHAKUMBH - EK AADHYATMIK SANGAM YATRA_MAHA NIRVANI AKHADA,PB-Archives-A,2786160000,2025-05-16T13:39:09Z,208
Media Asset,3020946,Investment Pitches,Investment Pitches,PB-Archives-A,5499050667,2025-05-16T10:04:09Z,208
Media Asset,3020925,Guru Manyo Granth EP-07,Guru Manyo Granth EP-07,PB-Archives-A,1641880000,2025-05-16T09:11:11Z,208
Media Asset,3020923,Guru Manyo Granth EP-06,Guru Manyo Granth EP-06,PB-Archives-A,1396200000,2025-05-16T09:10:07Z,208
Media Asset,3020922,Guru Manyo Granth EP-03,Guru Manyo Granth EP-03,PB-Archives-A,1374120000,2025-05-16T09:10:07Z,208
Media Asset,3020921,Guru Manyo Granth EP-05,Guru Manyo Granth EP-05,PB-Archives-A,1336360000,2025-05-16T09:10:07Z,208
Media Asset,3020920,Guru Manyo Granth EP-01,Guru Manyo Granth EP-01,PB-Archives-A,1375320000,2025-05-16T09:10:07Z,208
Media Asset,3020919,Guru Manyo Granth EP-04,Guru Manyo Granth EP-04,PB-Archives-A,1345320000,2025-05-16T09:10:06Z,208
Media Asset,3020918,Guru Manyo Granth EP-02,Guru Manyo Granth EP-02,PB-Archives-A,1388440000,2025-05-16T09:10:06Z,208
Media Asset,3017363,Krack_Kanada_Feature_Revised_15,Krack_Kanada_Feature_Revised_15,Mango Mass Media,8969400000,2025-05-17T07:54:51Z,208
Media Asset,3017329,BHED BHARAM EP#117 Revised 4K MASTER,BHED BHARAM EP#117 Revised 4K MASTER,Sunshine Pictures,1342920000,2025-05-16T11:36:48Z,208
Media Asset,3011766,Tere Ghar Ke Saamne ShowMeta,Tere Ghar Ke Saamne ShowMeta,Adhikari Brothers,11114000,2025-05-15T12:06:26Z,208
Media Asset,3011765,Suraag ShowMeta,Suraag ShowMeta,Adhikari Brothers,11114000,2025-05-15T12:06:16Z,208
Media Asset,3011764,Tamanna ShowMeta,Tamanna ShowMeta,Adhikari Brothers,11114000,2025-05-15T12:06:16Z,208
Media Asset,3011763,Supriya ShowMeta,Supriya ShowMeta,Adhikari Brothers,11114000,2025-05-15T12:06:08Z,208
Media Asset,3011762,Satyavaadi Raja Harishchandra ShowMeta,Satyavaadi Raja Harishchandra ShowMeta,Adhikari Brothers,11114000,2025-05-15T12:06:08Z,208
Media Asset,3011761,Sati Savitri ShowMeta,Sati Savitri ShowMeta,Adhikari Brothers,11114000,2025-05-15T12:06:05Z,208
Media Asset,3011760,Pratishodh ShowMeta,Pratishodh ShowMeta,Adhikari Brothers,11114000,2025-05-15T12:06:05Z,208
Media Asset,3011759,Shrimaan Shrimati ShowMeta,Shrimaan Shrimati ShowMeta,Adhikari Brothers,11114000,2025-05-15T12:05:55Z,208
Media Asset,3011734,Sambandh ShowMeta,Sambandh ShowMeta,Adhikari Brothers,11114000,2025-05-15T12:03:16Z,208
Media Asset,3011733,Madam Ki Paathshala ShowMeta,Madam Ki Paathshala ShowMeta,Adhikari Brothers,11114000,2025-05-15T12:03:16Z,208
Media Asset,3011732,Khauff ShowMeta,Khauff ShowMeta,Adhikari Brothers,11114000,2025-05-15T12:03:16Z,208
Media Asset,3011731,Alif Laila ShowMeta,Alif Laila ShowMeta,Adhikari Brothers,11114000,2025-05-15T12:03:16Z,208
Media Asset,3011730,Dial 100 ShowMeta,Dial 100 ShowMeta,Adhikari Brothers,11114000,2025-05-15T12:03:16Z,208
Media Asset,3011729,Karam ShowMeta,Karam ShowMeta,Adhikari Brothers,11114000,2025-05-15T12:03:16Z,208
Media Asset,3011728,Indian ShowMeta,Indian ShowMeta,Adhikari Brothers,11114000,2025-05-15T12:03:16Z,208
Media Asset,3011727,Love Mein Kabhi Kabhi ShowMeta,Love Mein Kabhi Kabhi ShowMeta,Adhikari Brothers,11114000,2025-05-15T12:03:16Z,208
Media Asset,3011726,Bahut khoob ShowMeta,Bahut khoob ShowMeta,Adhikari Brothers,11114000,2025-05-15T12:03:16Z,208
Media Asset,3011725,Galat Family ShowMeta,Galat Family ShowMeta,Adhikari Brothers,11114000,2025-05-15T12:03:16Z,208
Media Asset,3011724,All the Best ShowMeta,All the Best ShowMeta,Adhikari Brothers,11114000,2025-05-15T12:03:16Z,208
Media Asset,3011723,AMRUTAVARSHINI_EPI_4,AMRUTAVARSHINI_EPI_4,DDK Hyderabad,1326960000,2025-05-15T11:27:43Z,208
Media Asset,3011722,AMRUTAVARSHINI_EPI_5,AMRUTAVARSHINI_EPI_5,DDK Hyderabad,1393840000,2025-05-15T11:27:43Z,208
Media Asset,3011721,AMRUTAVARSHINI_EPI_7,AMRUTAVARSHINI_EPI_7,DDK Hyderabad,1364440000,2025-05-15T11:27:43Z,208
Media Asset,3011720,AMRUTAVARSHINI_EPI_2,AMRUTAVARSHINI_EPI_2,DDK Hyderabad,1375360000,2025-05-15T11:27:43Z,208
Media Asset,3011719,AMRUTAVARSHINI_EPI_6,AMRUTAVARSHINI_EPI_6,DDK Hyderabad,1374680000,2025-05-15T11:27:43Z,208
Media Asset,3010943,AMRUTAVARSHINI_EPI_3,AMRUTAVARSHINI_EPI_3,DDK Hyderabad,1378080000,2025-05-15T11:27:43Z,208
Media Asset,3010942,AMRUTAVARSHINI_EPI_9,AMRUTAVARSHINI_EPI_9,DDK Hyderabad,1505320000,2025-05-15T11:27:43Z,208
Media Asset,3010941,AMRUTAVARSHINI_EPI_8,AMRUTAVARSHINI_EPI_8,DDK Hyderabad,1334040000,2025-05-15T11:27:43Z,208
Media Asset,3008385,AMRUTAVARSHINI_EPI_11,AMRUTAVARSHINI_EPI_11,DDK Hyderabad,1488160000,2025-05-15T11:26:43Z,208
Media Asset,3008384,AMRUTAVARSHINI_EPI_13,AMRUTAVARSHINI_EPI_13,DDK Hyderabad,1526360000,2025-05-15T11:26:43Z,208
Media Asset,3008383,AMRUTAVARSHINI_EPI_10,AMRUTAVARSHINI_EPI_10,DDK Hyderabad,1476560000,2025-05-15T11:26:43Z,208
Media Asset,3008382,AMRUTAVARSHINI_EPI_12,AMRUTAVARSHINI_EPI_12,DDK Hyderabad,1496600000,2025-05-15T11:26:43Z,208
Media Asset,3008380,Housla EP-13 Vikram Sindhu,Housla EP-13 Vikram Sindhu,DD Kisan,1344160000,2025-05-15T11:18:58Z,208
Media Asset,3008378,Housla EP-12 Amiya Devi (1),Housla EP-12 Amiya Devi (1),DD Kisan,1326320000,2025-05-15T11:12:42Z,208
Media Asset,3008377,Housla Ep-7 (Akmal & Iqbal),Housla Ep-7 (Akmal & Iqbal),DD Kisan,1348560000,2025-05-15T11:11:50Z,208
Media Asset,3008376,Housla EP-11 Shobha Rani,Housla EP-11 Shobha Rani,DD Kisan,1332400000,2025-05-15T11:09:59Z,208
Media Asset,3008375,Housla Ep-6 (Sanjay Chamoli),Housla Ep-6 (Sanjay Chamoli),DD Kisan,1280040000,2025-05-15T11:09:00Z,208
Media Asset,3008374,AMRUTAVARSHINI_EPI_0,AMRUTAVARSHINI_EPI_0,DDK Hyderabad,11114000,2025-05-15T11:07:37Z,208
Media Asset,3008373,AMRUTAVARSHINI_Show0,AMRUTAVARSHINI_Show0,DDK Hyderabad,11114000,2025-05-15T11:07:37Z,208
Media Asset,3008341,Housla Ep-5 (Kuldeep Dhariwal),Housla Ep-5 (Kuldeep Dhariwal),DD Kisan,1299640000,2025-05-15T10:50:32Z,208
Media Asset,3008333,Housla Ep-10 Ajay Tyagi,Housla Ep-10 Ajay Tyagi,DD Kisan,1316080000,2025-05-15T10:49:32Z,208
Media Asset,3008325,Housla Ep-4 (Sudha Gunvant),Housla Ep-4 (Sudha Gunvant),DD Kisan,1281040000,2025-05-15T10:42:28Z,208
Media Asset,3008324,Housla Ep-9 (Bhawar Singh Pilibanga),Housla Ep-9 (Bhawar Singh Pilibanga),DD Kisan,1282240000,2025-05-15T10:40:53Z,208
Media Asset,3008321,Housla Ep-3 (Jasbir Singh),Housla Ep-3 (Jasbir Singh),DD Kisan,1326040000,2025-05-15T10:38:22Z,208
Media Asset,3008320,Housla Ep-8 (Amandeep Singh),Housla Ep-8 (Amandeep Singh),DD Kisan,1263080000,2025-05-15T10:38:01Z,208
Media Asset,3008316,RAMAYAN_S1_EP280,RAMAYAN_S1_EP280,Ramayana,1121800000,2025-05-15T10:07:51Z,208
Media Asset,3008314,RAMAYAN_S1_EP294,RAMAYAN_S1_EP294,Ramayana,1172000000,2025-05-15T10:06:52Z,208
Media Asset,3008313,RAMAYAN_S1_EP297,RAMAYAN_S1_EP297,Ramayana,1658160000,2025-05-15T10:06:52Z,208
Media Asset,3008312,RAMAYAN_S1_EP298,RAMAYAN_S1_EP298,Ramayana,1186800000,2025-05-15T10:06:52Z,208
Media Asset,3008311,RAMAYAN_S1_EP295,RAMAYAN_S1_EP295,Ramayana,1218000000,2025-05-15T10:06:52Z,208
Media Asset,3008310,RAMAYAN_S1_EP299,RAMAYAN_S1_EP299,Ramayana,1213000000,2025-05-15T10:06:52Z,208
Media Asset,3008309,RAMAYAN_S1_EP291,RAMAYAN_S1_EP291,Ramayana,1187840000,2025-05-15T10:06:51Z,208
Media Asset,3008308,RAMAYAN_S1_EP292,RAMAYAN_S1_EP292,Ramayana,1161000000,2025-05-15T10:06:51Z,208
Media Asset,3008307,RAMAYAN_S1_EP300,RAMAYAN_S1_EP300,Ramayana,1724200000,2025-05-15T10:06:51Z,208
Media Asset,3008306,RAMAYAN_S1_EP293,RAMAYAN_S1_EP293,Ramayana,1288640000,2025-05-15T10:06:51Z,208
Media Asset,3008305,RAMAYAN_S1_EP296,RAMAYAN_S1_EP296,Ramayana,1190000000,2025-05-15T10:06:51Z,208
Media Asset,3006867,AMRUTAVARSHINI_EPI_1,AMRUTAVARSHINI_EPI_1,DDK Hyderabad,1415920000,2025-05-15T10:54:17Z,208
Media Asset,3006855,Housla Ep-2 (Paramjit Singh),Housla Ep-2 (Paramjit Singh),DD Kisan,1325000000,2025-05-15T10:37:52Z,208
Media Asset,3006854,Housla Ep-1 (Heeralal Meena),Housla Ep-1 (Heeralal Meena),DD Kisan,1299880000,2025-05-15T10:36:51Z,208
Media Asset,3006853,RAMAYAN_S1_EP268,RAMAYAN_S1_EP268,Ramayana,1017200000,2025-05-15T10:36:20Z,208
Media Asset,3006851,RAMAYAN_S1_EP264,RAMAYAN_S1_EP264,Ramayana,1035000000,2025-05-15T10:34:21Z,208
Media Asset,3006850,RAMAYAN_S1_EP263,RAMAYAN_S1_EP263,Ramayana,1064600000,2025-05-15T10:33:10Z,208
Media Asset,3006848,RAMAYAN_S1_EP266,RAMAYAN_S1_EP266,Ramayana,1165000000,2025-05-15T10:32:59Z,208
Media Asset,3006847,RAMAYAN_S1_EP262,RAMAYAN_S1_EP262,Ramayana,1183480000,2025-05-15T10:31:19Z,208
Media Asset,3006846,RAMAYAN_S1_EP261,RAMAYAN_S1_EP261,Ramayana,1079560000,2025-05-15T10:31:09Z,208
Media Asset,3006845,RAMAYAN_S1_EP269,RAMAYAN_S1_EP269,Ramayana,1052720000,2025-05-15T10:30:39Z,208
Media Asset,3006844,RAMAYAN_S1_EP265,RAMAYAN_S1_EP265,Ramayana,1179000000,2025-05-15T10:30:08Z,208
Media Asset,3006843,RAMAYAN_S1_EP267,RAMAYAN_S1_EP267,Ramayana,1125600000,2025-05-15T10:28:58Z,208
Media Asset,3006842,RAMAYAN_S1_EP279,RAMAYAN_S1_EP279,Ramayana,1090000000,2025-05-15T10:28:38Z,208
Media Asset,3006841,RAMAYAN_S1_EP275,RAMAYAN_S1_EP275,Ramayana,1179760000,2025-05-15T10:28:27Z,208
Media Asset,3006840,RAMAYAN_S1_EP274,RAMAYAN_S1_EP274,Ramayana,1150000000,2025-05-15T10:26:28Z,208
Media Asset,3006839,RAMAYAN_S1_EP273,RAMAYAN_S1_EP273,Ramayana,1181160000,2025-05-15T10:25:07Z,208
Media Asset,3006838,RAMAYAN_S1_EP271,RAMAYAN_S1_EP271,Ramayana,1135240000,2025-05-15T10:23:37Z,208
Media Asset,3006837,RAMAYAN_S1_EP270,RAMAYAN_S1_EP270,Ramayana,1119600000,2025-05-15T10:23:27Z,208
Media Asset,3006836,RAMAYAN_S1_EP272,RAMAYAN_S1_EP272,Ramayana,1115000000,2025-05-15T10:22:57Z,208
Media Asset,3006834,RAMAYAN_S1_EP278,RAMAYAN_S1_EP278,Ramayana,1108360000,2025-05-15T10:22:36Z,208
Media Asset,3006833,RAMAYAN_S1_EP277,RAMAYAN_S1_EP277,Ramayana,1204880000,2025-05-15T10:22:26Z,208
Media Asset,3006832,RAMAYAN_S1_EP276,RAMAYAN_S1_EP276,Ramayana,1425440000,2025-05-15T10:22:06Z,208
Media Asset,3006830,RAMAYAN_S1_EP290,RAMAYAN_S1_EP290,Ramayana,1140000000,2025-05-15T10:19:16Z,208
Media Asset,3006829,RAMAYAN_S1_EP289,RAMAYAN_S1_EP289,Ramayana,1116880000,2025-05-15T10:19:07Z,208
Media Asset,3006828,RAMAYAN_S1_EP287,RAMAYAN_S1_EP287,Ramayana,1199400000,2025-05-15T10:18:57Z,208
Media Asset,3006827,RAMAYAN_S1_EP286,RAMAYAN_S1_EP286,Ramayana,1144640000,2025-05-15T10:18:46Z,208
Media Asset,3006826,RAMAYAN_S1_EP283,RAMAYAN_S1_EP283,Ramayana,1181480000,2025-05-15T10:15:35Z,208
Media Asset,3006825,RAMAYAN_S1_EP281,RAMAYAN_S1_EP281,Ramayana,1123000000,2025-05-15T10:15:14Z,208
Media Asset,3006824,RAMAYAN_S1_EP288,RAMAYAN_S1_EP288,Ramayana,1079320000,2025-05-15T10:15:06Z,208
Media Asset,3006823,RAMAYAN_S1_EP284,RAMAYAN_S1_EP284,Ramayana,1112000000,2025-05-15T10:15:05Z,208
Media Asset,3006822,RAMAYAN_S1_EP282,RAMAYAN_S1_EP282,Ramayana,1205600000,2025-05-15T10:15:05Z,208
Media Asset,3006821,RAMAYAN_S1_EP285,RAMAYAN_S1_EP285,Ramayana,1160680000,2025-05-15T10:15:04Z,208
Media Asset,3004732,AmarTestVideo,AmarTestVideo,DD Urdu,355242086,2025-05-15T08:26:29Z,208
Media Asset,3001423,Padmavyuha_Kannada_Trailer,Padmavyuha_Kannada_Trailer,MJF,87378958,2025-05-14T10:40:01Z,208
Media Asset,3000531,KBR_EP_102_MIX_MASTER_OTT,KBR_EP_102_MIX_MASTER_OTT,Sagar World,1471000000,2025-05-14T10:21:30Z,208
Media Asset,3000529,KBR_EP_101_MIX_MASTER_OTT,KBR_EP_101_MIX_MASTER_OTT,Sagar World,1589000000,2025-05-14T10:20:59Z,208
Media Asset,3000527,KBR_EP_99_MIX_MASTER_OTT,KBR_EP_99_MIX_MASTER_OTT,Sagar World,1540000000,2025-05-14T10:20:18Z,208
Media Asset,2998173,KBR_EP_100_MIX_MASTER_OTT,KBR_EP_100_MIX_MASTER_OTT,Sagar World,1552000000,2025-05-14T10:14:58Z,208
Media Asset,2998119,Pandmavuha_Kanada_UHD_Feature_Revised_24,Pandmavuha_Kanada_UHD_Feature_Revised_24,MJF,8240066667,2025-05-14T07:27:52Z,208
Media Asset,2998114,SasuralJhunkiKa_Ep21,SasuralJhunkiKa_Ep21,DD Mumbai,1351000000,2025-05-14T07:17:14Z,208
Media Asset,2997443,SasuralJhunkiKa_Ep25,SasuralJhunkiKa_Ep25,DD Mumbai,1369000000,2025-05-14T08:51:21Z,208
Media Asset,2997442,SasuralJhunkiKa_Ep24,SasuralJhunkiKa_Ep24,DD Mumbai,1352000000,2025-05-14T08:26:51Z,208
Media Asset,2997439,SasuralJhunkiKa_Ep23,SasuralJhunkiKa_Ep23,DD Mumbai,1297000000,2025-05-14T08:04:46Z,208
Media Asset,2997432,SasuralJhunkiKa_Ep22,SasuralJhunkiKa_Ep22,DD Mumbai,1340000000,2025-05-14T07:43:05Z,208
Media Asset,2994079,SasuralJhunkiKa_Ep96,SasuralJhunkiKa_Ep96,DD Mumbai,1335000000,2025-05-13T12:25:14Z,208
Media Asset,2994059,SasuralJhunkiKa_Ep93,SasuralJhunkiKa_Ep93,DD Mumbai,1340000000,2025-05-13T11:26:37Z,208
Media Asset,2992767,SasuralJhunkiKa_Ep95,SasuralJhunkiKa_Ep95,DD Mumbai,1383000000,2025-05-13T12:05:59Z,208
Media Asset,2992760,SasuralJhunkiKa_Ep94,SasuralJhunkiKa_Ep94,DD Mumbai,1388000000,2025-05-13T11:46:06Z,208
Media Asset,2992757,SasuralJhunkiKa_Ep92,SasuralJhunkiKa_Ep92,DD Mumbai,1343000000,2025-05-13T11:09:38Z,208
Media Asset,2992749,SasuralJhunkiKa_Ep91,SasuralJhunkiKa_Ep91,DD Mumbai,1349000000,2025-05-13T10:51:34Z,208
Media Asset,2992739,SasuralJhunkiKa_Ep89,SasuralJhunkiKa_Ep89,DD Mumbai,1364000000,2025-05-13T09:39:16Z,208
Media Asset,2989881,SasuralJhunkiKa_Ep90,SasuralJhunkiKa_Ep90,DD Mumbai,1352000000,2025-05-13T09:56:22Z,208
Media Asset,2989835,SasuralJhunkiKa_Ep87,SasuralJhunkiKa_Ep87,DD Mumbai,1344000000,2025-05-13T07:57:07Z,208
Media Asset,2989831,SasuralJhunkiKa_Ep86,SasuralJhunkiKa_Ep86,DD Mumbai,1337000000,2025-05-13T07:39:46Z,208
Media Asset,2989792,SasuralJhunkiKa_Ep88,SasuralJhunkiKa_Ep88,DD Mumbai,1361000000,2025-05-13T09:20:27Z,208
Media Asset,2987242,SasuralJhunkiKa_Ep85,SasuralJhunkiKa_Ep85,DD Mumbai,1349000000,2025-05-13T07:06:51Z,208
Media Asset,2987210,SasuralJhunkiKa_Ep84,SasuralJhunkiKa_Ep84,DD Mumbai,1343000000,2025-05-13T06:45:15Z,208
Media Asset,2987205,RAMAYAN_S1_EP221,RAMAYAN_S1_EP221,Ramayana,1153560000,2025-05-13T05:59:33Z,208
Media Asset,2987204,RAMAYAN_S1_EP231,RAMAYAN_S1_EP231,Ramayana,1034960000,2025-05-13T05:57:53Z,208
Media Asset,2987203,RAMAYAN_S1_EP222,RAMAYAN_S1_EP222,Ramayana,1052720000,2025-05-13T05:56:33Z,208
Media Asset,2987202,RAMAYAN_S1_EP230,RAMAYAN_S1_EP230,Ramayana,1135000000,2025-05-13T05:56:33Z,208
Media Asset,2987201,RAMAYAN_S1_EP224,RAMAYAN_S1_EP224,Ramayana,1161720000,2025-05-13T05:56:23Z,208
Media Asset,2987200,RAMAYAN_S1_EP226,RAMAYAN_S1_EP226,Ramayana,1091600000,2025-05-13T05:56:03Z,208
Media Asset,2987199,RAMAYAN_S1_EP227,RAMAYAN_S1_EP227,Ramayana,1066440000,2025-05-13T05:56:03Z,208
Media Asset,2987198,RAMAYAN_S1_EP229,RAMAYAN_S1_EP229,Ramayana,1151800000,2025-05-13T05:55:53Z,208
Media Asset,2987191,RAMAYAN_S1_EP223,RAMAYAN_S1_EP223,Ramayana,1024920000,2025-05-13T05:54:52Z,208
Media Asset,2987190,RAMAYAN_S1_EP228,RAMAYAN_S1_EP228,Ramayana,1145000000,2025-05-13T05:53:52Z,208
Media Asset,2987189,RAMAYAN_S1_EP225,RAMAYAN_S1_EP225,Ramayana,1137760000,2025-05-13T05:53:42Z,208
Media Asset,2987187,RAMAYAN_S1_EP235,RAMAYAN_S1_EP235,Ramayana,1128000000,2025-05-13T05:52:02Z,208
Media Asset,2987186,RAMAYAN_S1_EP259,RAMAYAN_S1_EP259,Ramayana,1092560000,2025-05-13T05:32:22Z,208
Media Asset,2987185,RAMAYAN_S1_EP256,RAMAYAN_S1_EP256,Ramayana,1082960000,2025-05-13T05:32:22Z,208
Media Asset,2987184,RAMAYAN_S1_EP255,RAMAYAN_S1_EP255,Ramayana,1151000000,2025-05-13T05:32:22Z,208
Media Asset,2987183,RAMAYAN_S1_EP253,RAMAYAN_S1_EP253,Ramayana,1102000000,2025-05-13T05:32:22Z,208
Media Asset,2986423,Savirada Sharanavva Kannada Thaye Episode-12,Savirada Sharanavva Kannada Thaye Episode-12,DDK BANGALORE,1795800000,2025-05-13T06:11:54Z,208
Media Asset,2986421,Savirada Sharanavva Kannada Thaye Episode-13,Savirada Sharanavva Kannada Thaye Episode-13,DDK BANGALORE,1816680000,2025-05-13T06:10:54Z,208
Media Asset,2986418,SasuralJhunkiKa_Ep83,SasuralJhunkiKa_Ep83,DD Mumbai,1386000000,2025-05-13T06:03:15Z,208
Media Asset,2986417,SasuralJhunkiKa_Ep82,SasuralJhunkiKa_Ep82,DD Mumbai,1343000000,2025-05-13T06:03:15Z,208
Media Asset,2986415,RAMAYAN_S1_EP238,RAMAYAN_S1_EP238,Ramayana,1113000000,2025-05-13T05:48:52Z,208
Media Asset,2986414,RAMAYAN_S1_EP234,RAMAYAN_S1_EP234,Ramayana,1155000000,2025-05-13T05:48:42Z,208
Media Asset,2986413,RAMAYAN_S1_EP232,RAMAYAN_S1_EP232,Ramayana,1151360000,2025-05-13T05:48:21Z,208
Media Asset,2986412,RAMAYAN_S1_EP241,RAMAYAN_S1_EP241,Ramayana,1158000000,2025-05-13T05:48:11Z,208
Media Asset,2986411,RAMAYAN_S1_EP239,RAMAYAN_S1_EP239,Ramayana,1167800000,2025-05-13T05:47:52Z,208
Media Asset,2986410,RAMAYAN_S1_EP240,RAMAYAN_S1_EP240,Ramayana,1174000000,2025-05-13T05:47:31Z,208
Media Asset,2986409,RAMAYAN_S1_EP233,RAMAYAN_S1_EP233,Ramayana,1196000000,2025-05-13T05:45:01Z,208
Media Asset,2986408,RAMAYAN_S1_EP236,RAMAYAN_S1_EP236,Ramayana,1139720000,2025-05-13T05:44:21Z,208
Media Asset,2986407,RAMAYAN_S1_EP237,RAMAYAN_S1_EP237,Ramayana,1187000000,2025-05-13T05:43:31Z,208
Media Asset,2986406,RAMAYAN_S1_EP252,RAMAYAN_S1_EP252,Ramayana,1121000000,2025-05-13T05:43:11Z,208
Media Asset,2986405,RAMAYAN_S1_EP247,RAMAYAN_S1_EP247,Ramayana,1181720000,2025-05-13T05:40:51Z,208
Media Asset,2986404,RAMAYAN_S1_EP246,RAMAYAN_S1_EP246,Ramayana,1103520000,2025-05-13T05:40:40Z,208
Media Asset,2986403,RAMAYAN_S1_EP249,RAMAYAN_S1_EP249,Ramayana,1199000000,2025-05-13T05:40:21Z,208
Media Asset,2986402,RAMAYAN_S1_EP245,RAMAYAN_S1_EP245,Ramayana,1235000000,2025-05-13T05:40:11Z,208
Media Asset,2986401,RAMAYAN_S1_EP250,RAMAYAN_S1_EP250,Ramayana,1142000000,2025-05-13T05:40:03Z,208
Media Asset,2986400,RAMAYAN_S1_EP251,RAMAYAN_S1_EP251,Ramayana,1055880000,2025-05-13T05:40:01Z,208
Media Asset,2986399,RAMAYAN_S1_EP248,RAMAYAN_S1_EP248,Ramayana,1409600000,2025-05-13T05:39:49Z,208
Media Asset,2986396,RAMAYAN_S1_EP243,RAMAYAN_S1_EP243,Ramayana,1075000000,2025-05-13T05:33:20Z,208
Media Asset,2986395,RAMAYAN_S1_EP244,RAMAYAN_S1_EP244,Ramayana,1005000000,2025-05-13T05:33:20Z,208
Media Asset,2986394,RAMAYAN_S1_EP242,RAMAYAN_S1_EP242,Ramayana,1147880000,2025-05-13T05:33:20Z,208
Media Asset,2986393,RAMAYAN_S1_EP254,RAMAYAN_S1_EP254,Ramayana,1128720000,2025-05-13T05:32:22Z,208
Media Asset,2986392,RAMAYAN_S1_EP258,RAMAYAN_S1_EP258,Ramayana,1102600000,2025-05-13T05:32:22Z,208
Media Asset,2986391,RAMAYAN_S1_EP257,RAMAYAN_S1_EP257,Ramayana,1055000000,2025-05-13T05:32:22Z,208
Media Asset,2986390,RAMAYAN_S1_EP260,RAMAYAN_S1_EP260,Ramayana,1181760000,2025-05-13T05:32:22Z,208
Media Asset,2986385,Rudaali,Rudaali,NFDC,6916951708,2025-05-10T06:48:04Z,208
Media Asset,2986384,Land of The Camel  Rajasthan Series - III _001239,Land of The Camel  Rajasthan Series - III _001239,NFDC,644400000,2025-05-10T06:48:04Z,208
Media Asset,2986383,Karmayogi Acharya Kaka Saheb Kalelkar_006767,Karmayogi Acharya Kaka Saheb Kalelkar_006767,NFDC,1273280000,2025-05-10T06:48:04Z,208
Media Asset,2986382,The Tribal Resistance_007010,The Tribal Resistance_007010,NFDC,1164120000,2025-05-10T06:48:04Z,208
Media Asset,2986381,Grameen shodhshalaein Ep  26,Grameen shodhshalaein Ep  26,DD Kisan,1336980000,2025-05-10T06:24:28Z,208
Media Asset,2986380,Grameen shodhshalaein Ep  25,Grameen shodhshalaein Ep  25,DD Kisan,1314680000,2025-05-10T06:23:37Z,208
Media Asset,2986379,Grameen shodhshalaein Ep  24,Grameen shodhshalaein Ep  24,DD Kisan,1354180000,2025-05-10T06:22:47Z,208
Media Asset,2986378,Grameen shodhshalaein Ep 23,Grameen shodhshalaein Ep 23,DD Kisan,1300600000,2025-05-10T06:09:03Z,208
Media Asset,2986377,Grameen shodhshalaein Ep 22,Grameen shodhshalaein Ep 22,DD Kisan,1400280000,2025-05-10T06:08:08Z,208
Media Asset,2986376,Grameen shodhshalaein Ep 21,Grameen shodhshalaein Ep 21,DD Kisan,1302240000,2025-05-10T06:03:28Z,208
Media Asset,2986375,Grameen shodhshalaein Ep 19,Grameen shodhshalaein Ep 19,DD Kisan,1413880000,2025-05-10T05:51:22Z,208
Media Asset,2986374,Grameen shodhshalaein Ep 20,Grameen shodhshalaein Ep 20,DD Kisan,1292520000,2025-05-10T05:50:28Z,208
Media Asset,2986373,Grameen shodhshalaein Ep 18,Grameen shodhshalaein Ep 18,DD Kisan,1248520000,2025-05-10T05:48:28Z,208
Media Asset,2986372,Grameen shodhshalaein Ep 17,Grameen shodhshalaein Ep 17,DD Kisan,1336720000,2025-05-10T05:37:27Z,208
Media Asset,2986371,Grameen shodhshalaein Ep 16,Grameen shodhshalaein Ep 16,DD Kisan,1326680000,2025-05-10T05:36:20Z,208
Media Asset,2986370,Grameen shodhshalaein Ep 14,Grameen shodhshalaein Ep 14,DD Kisan,1243320000,2025-05-10T05:28:43Z,208
Media Asset,2986369,Grameen shodhshalaein Ep 15,Grameen shodhshalaein Ep 15,DD Kisan,1249960000,2025-05-10T05:27:33Z,208
Media Asset,2986368,Grameen shodhshalaein Ep 13,Grameen shodhshalaein Ep 13,DD Kisan,1265640000,2025-05-10T05:23:54Z,208
Media Asset,2985065,RAMAYAN_S1_EP204,RAMAYAN_S1_EP204,Ramayana,1060760000,2025-05-09T11:12:40Z,208
Media Asset,2985063,RAMAYAN_S1_EP205,RAMAYAN_S1_EP205,Ramayana,1055000000,2025-05-09T11:05:44Z,208
Media Asset,2985062,RAMAYAN_S1_EP208,RAMAYAN_S1_EP208,Ramayana,1088560000,2025-05-09T11:05:44Z,208
Media Asset,2985061,RAMAYAN_S1_EP206,RAMAYAN_S1_EP206,Ramayana,934000000,2025-05-09T11:05:44Z,208
Media Asset,2985060,RAMAYAN_S1_EP207,RAMAYAN_S1_EP207,Ramayana,1065000000,2025-05-09T11:05:44Z,208
Media Asset,2985058,RAMAYAN_S1_EP220,RAMAYAN_S1_EP220,Ramayana,1167840000,2025-05-09T11:04:43Z,208
Media Asset,2985057,RAMAYAN_S1_EP214,RAMAYAN_S1_EP214,Ramayana,1030000000,2025-05-09T11:04:43Z,208
Media Asset,2985056,RAMAYAN_S1_EP218,RAMAYAN_S1_EP218,Ramayana,1236000000,2025-05-09T11:04:43Z,208
Media Asset,2985055,RAMAYAN_S1_EP216,RAMAYAN_S1_EP216,Ramayana,1074000000,2025-05-09T11:04:43Z,208
Media Asset,2984209,SasuralJhunkiKa_Ep81,SasuralJhunkiKa_Ep81,DD Mumbai,1359000000,2025-05-09T12:22:32Z,208
Media Asset,2984191,RAMAYAN_S1_EP213,RAMAYAN_S1_EP213,Ramayana,1089000000,2025-05-09T11:12:29Z,208
Media Asset,2984190,RAMAYAN_S1_EP210,RAMAYAN_S1_EP210,Ramayana,1108520000,2025-05-09T11:12:19Z,208
Media Asset,2984189,RAMAYAN_S1_EP212,RAMAYAN_S1_EP212,Ramayana,1083800000,2025-05-09T11:12:19Z,208
Media Asset,2984187,RAMAYAN_S1_EP211,RAMAYAN_S1_EP211,Ramayana,1110560000,2025-05-09T11:12:09Z,208
Media Asset,2984186,RAMAYAN_S1_EP209,RAMAYAN_S1_EP209,Ramayana,1368000000,2025-05-09T11:11:39Z,208
Media Asset,2982327,RAMAYAN_S1_EP215,RAMAYAN_S1_EP215,Ramayana,1037880000,2025-05-09T11:04:43Z,208
Media Asset,2982326,RAMAYAN_S1_EP217,RAMAYAN_S1_EP217,Ramayana,1060520000,2025-05-09T11:04:43Z,208
Media Asset,2982325,RAMAYAN_S1_EP219,RAMAYAN_S1_EP219,Ramayana,1048240000,2025-05-09T11:04:43Z,208
Media Asset,2982259,Lokopriya Gopinath Bordoloi_007881,Lokopriya Gopinath Bordoloi_007881,NFDC,1229999922,2025-05-09T10:19:35Z,208
Media Asset,2982258,Sumang Leela (Manipuri Folk Theatre)_008783,Sumang Leela (Manipuri Folk Theatre)_008783,NFDC,990751979,2025-05-09T10:18:34Z,208
Media Asset,2982257,Dr Rajkumar - The Living Legend_008488,Dr Rajkumar - The Living Legend_008488,NFDC,3444991979,2025-05-09T10:18:34Z,208
Media Asset,2982253,The Last Chapter_002735,The Last Chapter_002735,NFDC,1208000000,2025-05-09T10:16:30Z,208
Media Asset,2982252,A Family Reunion_004764,A Family Reunion_004764,NFDC,1690999922,2025-05-09T10:16:30Z,208
Media Asset,2982247,MASSEY SAHIB 25 fps,MASSEY SAHIB 25 fps,NFDC,7550360000,2025-05-09T10:15:28Z,208
Media Asset,2979676,SasuralJhunkiKa_Ep80,SasuralJhunkiKa_Ep80,DD Mumbai,1365000000,2025-05-09T10:28:06Z,208
Media Asset,2979656,SasuralJhunkiKa_Ep79,SasuralJhunkiKa_Ep79,DD Mumbai,1388000000,2025-05-09T10:00:51Z,208
Media Asset,2975276,SMIGHTIES_EP 37_FLOWER POWER,SMIGHTIES_EP 37_FLOWER POWER,Toonz Media,487440000,2025-05-09T09:05:14Z,208
Media Asset,2975275,SMIGHTIES_EP 36_SILLY SMIGHTY DAY,SMIGHTIES_EP 36_SILLY SMIGHTY DAY,Toonz Media,490080000,2025-05-09T09:05:10Z,208
Media Asset,2975274,SMIGHTIES_EP 39_SMORIGINS,SMIGHTIES_EP 39_SMORIGINS,Toonz Media,489240000,2025-05-09T09:05:10Z,208
Media Asset,2975273,SMIGHTIES_EP 34_TOO CUTE,SMIGHTIES_EP 34_TOO CUTE,Toonz Media,491120000,2025-05-09T09:05:10Z,208
Media Asset,2975272,SMIGHTIES_EP 32_LITTLE LOST DINO,SMIGHTIES_EP 32_LITTLE LOST DINO,Toonz Media,491200000,2025-05-09T09:05:10Z,208
Media Asset,2975271,SMIGHTIES_EP 38_SNEEVIL GENIE,SMIGHTIES_EP 38_SNEEVIL GENIE,Toonz Media,491720000,2025-05-09T09:05:10Z,208
Media Asset,2975270,SMIGHTIES_EP 35_SMIGHTY JAM,SMIGHTIES_EP 35_SMIGHTY JAM,Toonz Media,487280000,2025-05-09T09:05:10Z,208
Media Asset,2974306,CHARCHA MEIN MANISH GODHA,CHARCHA MEIN MANISH GODHA,DD Rajasthan,1619200000,2025-05-09T09:03:45Z,208
Media Asset,2973833,CHARCHA MEIN SUNAINA SHARMA,CHARCHA MEIN SUNAINA SHARMA,DD Rajasthan,1605360000,2025-05-09T09:03:45Z,208
Media Asset,2972514,SMIGHTIES_PROMO,SMIGHTIES_PROMO,Toonz Media,93320000,2025-05-09T09:06:48Z,208
Media Asset,2972513,SMIGHTIES_EP 33_SMIGHTYCORNS,SMIGHTIES_EP 33_SMIGHTYCORNS,Toonz Media,487240000,2025-05-09T09:05:10Z,208
Media Asset,2972512,SMIGHTIES_EP 31_TREASURE MAP,SMIGHTIES_EP 31_TREASURE MAP,Toonz Media,486720000,2025-05-09T09:05:10Z,208
Media Asset,2972488,SasuralJhunkiKa_Ep78,SasuralJhunkiKa_Ep78,DD Mumbai,1380000000,2025-05-09T09:03:12Z,208
Media Asset,2972487,SMIGHTIES_EP 29_EGG-STRAVAGANZA,SMIGHTIES_EP 29_EGG-STRAVAGANZA,Toonz Media,490440000,2025-05-09T09:00:13Z,208
Media Asset,2972486,SMIGHTIES_EP 28_PINEAPPLE RAIN,SMIGHTIES_EP 28_PINEAPPLE RAIN,Toonz Media,487560000,2025-05-09T09:00:13Z,208
Media Asset,2972485,SMIGHTIES_EP 30_THE SMIGHTY EXPRESS,SMIGHTIES_EP 30_THE SMIGHTY EXPRESS,Toonz Media,487800000,2025-05-09T09:00:13Z,208
Media Asset,2972484,SMIGHTIES_EP 25_CASTLE DOWN,SMIGHTIES_EP 25_CASTLE DOWN,Toonz Media,485720000,2025-05-09T09:00:04Z,208
Media Asset,2972483,SMIGHTIES_EP 27_CAKE CONTEST,SMIGHTIES_EP 27_CAKE CONTEST,Toonz Media,488080000,2025-05-09T09:00:04Z,208
Media Asset,2972482,SMIGHTIES_EP 26_SUPER FUN COLOR RUN,SMIGHTIES_EP 26_SUPER FUN COLOR RUN,Toonz Media,487600000,2025-05-09T09:00:03Z,208
Media Asset,2972481,SMIGHTIES_EP 24_MELODY'S POWERFUL MUSIC,SMIGHTIES_EP 24_MELODY'S POWERFUL MUSIC,Toonz Media,489720000,2025-05-09T08:59:53Z,208
Media Asset,2972480,SMIGHTIES_EP 23_TOOTH TROUBLE,SMIGHTIES_EP 23_TOOTH TROUBLE,Toonz Media,487640000,2025-05-09T08:58:33Z,208
Media Asset,2972479,SMIGHTIES_EP 22_PERFECT SCOOP,SMIGHTIES_EP 22_PERFECT SCOOP,Toonz Media,489520000,2025-05-09T08:57:32Z,208
Media Asset,2972478,SMIGHTIES_EP 21_A SMELLY TACO SURPRISE,SMIGHTIES_EP 21_A SMELLY TACO SURPRISE,Toonz Media,486480000,2025-05-09T08:57:32Z,208
Media Asset,2972476,SMIGHTIES_EP 20_FRIENDFEST FESTIVAL,SMIGHTIES_EP 20_FRIENDFEST FESTIVAL,Toonz Media,489200000,2025-05-09T08:56:42Z,208
Media Asset,2972475,SMIGHTIES_EP 19_DUDE'S LAGOON,SMIGHTIES_EP 19_DUDE'S LAGOON,Toonz Media,488160000,2025-05-09T08:56:32Z,208
Media Asset,2972474,SMIGHTIES_EP 18_THE JOKESTER,SMIGHTIES_EP 18_THE JOKESTER,Toonz Media,488240000,2025-05-09T08:56:32Z,208
Media Asset,2972473,SMIGHTIES_EP 17_A SMIGHTY FAIRY TALE,SMIGHTIES_EP 17_A SMIGHTY FAIRY TALE,Toonz Media,490160000,2025-05-09T08:56:32Z,208
Media Asset,2972472,SMIGHTIES_EP 15_RAINBOW SHOW,SMIGHTIES_EP 15_RAINBOW SHOW,Toonz Media,492120000,2025-05-09T08:56:22Z,208
Media Asset,2972471,SMIGHTIES_EP 14_SMIGHTY CLAUS,SMIGHTIES_EP 14_SMIGHTY CLAUS,Toonz Media,495600000,2025-05-09T08:56:22Z,208
Media Asset,2972470,ROCK THE NIGHT-S1-Ep19,ROCK THE NIGHT-S1-Ep19,DD National,2882200000,2025-05-09T08:00:14Z,208
Media Asset,2972468,ROCK THE NIGHT-S1-Ep16,ROCK THE NIGHT-S1-Ep16,DD National,3191640000,2025-05-09T07:50:33Z,208
Media Asset,2972466,ROCK THE NIGHT-S1-Ep13,ROCK THE NIGHT-S1-Ep13,DD National,3119640000,2025-05-09T07:47:32Z,208
Media Asset,2972464,ROCK THE NIGHT-S1-Ep15,ROCK THE NIGHT-S1-Ep15,DD National,2494760000,2025-05-09T07:44:12Z,208
Media Asset,2972463,ROCK THE NIGHT-S1-Ep12,ROCK THE NIGHT-S1-Ep12,DD National,3242920000,2025-05-09T07:43:51Z,208
Media Asset,2972462,ROCK THE NIGHT-S1-Ep11,ROCK THE NIGHT-S1-Ep11,DD National,2605480000,2025-05-09T07:43:41Z,208
Media Asset,2972458,ROCK THE NIGHT-S1-Ep10,ROCK THE NIGHT-S1-Ep10,DD National,3130280000,2025-05-09T07:33:35Z,208
Media Asset,2972457,ROCK THE NIGHT-S1-Ep09,ROCK THE NIGHT-S1-Ep09,DD National,3090080000,2025-05-09T07:33:35Z,208
Media Asset,2972456,ROCK THE NIGHT-S1-Ep07,ROCK THE NIGHT-S1-Ep07,DD National,3313720000,2025-05-09T07:33:35Z,208
Media Asset,2972455,ROCK THE NIGHT-S1-Ep06,ROCK THE NIGHT-S1-Ep06,DD National,2746960000,2025-05-09T07:32:32Z,208
Media Asset,2972453,SasuralJhunkiKa_Ep77,SasuralJhunkiKa_Ep77,DD Mumbai,1361000000,2025-05-09T07:30:57Z,208
Media Asset,2972452,ROCK THE NIGHT-S1-Ep08,ROCK THE NIGHT-S1-Ep08,DD National,1663320000,2025-05-09T07:30:26Z,208
Media Asset,2972450,ROCK THE NIGHT-S1-Ep04,ROCK THE NIGHT-S1-Ep04,DD National,2751360000,2025-05-09T07:23:07Z,208
Media Asset,2972442,EP-08,EP-08,DD National,1663320000,2025-05-09T07:15:47Z,208
Media Asset,2972440,SasuralJhunkiKa_Ep76,SasuralJhunkiKa_Ep76,DD Mumbai,1326000000,2025-05-09T07:13:35Z,208
Media Asset,2972439,ITIHASHE POROSHA MAYONG,ITIHASHE POROSHA MAYONG,DDK Guwahati,1537280000,2025-05-09T07:13:26Z,208
Media Asset,2972437,ROCK THE NIGHT S2_Epi-03,ROCK THE NIGHT S2_Epi-03,DD National,3041440000,2025-05-09T06:51:51Z,208
Media Asset,2972436,ROCK THE NIGHT S2_Epi-04,ROCK THE NIGHT S2_Epi-04,DD National,2365320000,2025-05-09T06:50:48Z,208
Media Asset,2972433,SasuralJhunkiKa_Ep75,SasuralJhunkiKa_Ep75,DD Mumbai,1344000000,2025-05-09T06:42:27Z,208
Media Asset,2970505,SMIGHTIES_EP 16_SQUISHY SLIMY SMLUGS,SMIGHTIES_EP 16_SQUISHY SLIMY SMLUGS,Toonz Media,491560000,2025-05-09T08:56:22Z,208
Media Asset,2970504,SMIGHTIES_EP 13_FROZEN SMIGHTY DAY,SMIGHTIES_EP 13_FROZEN SMIGHTY DAY,Toonz Media,484320000,2025-05-09T08:56:11Z,208
Media Asset,2970503,SMIGHTIES_EP 12_SMIGHTY FRIGHTY,SMIGHTIES_EP 12_SMIGHTY FRIGHTY,Toonz Media,461360000,2025-05-09T08:55:11Z,208
Media Asset,2970502,SMIGHTIES_EP 11_LOW MEMORY,SMIGHTIES_EP 11_LOW MEMORY,Toonz Media,483880000,2025-05-09T08:52:45Z,208
Media Asset,2970501,SMIGHTIES_EP 10_NON-STOP DANCE PARTY,SMIGHTIES_EP 10_NON-STOP DANCE PARTY,Toonz Media,496760000,2025-05-09T08:52:43Z,208
Media Asset,2970500,SMIGHTIES_EP 09_UNDER THE BRIDGE,SMIGHTIES_EP 09_UNDER THE BRIDGE,Toonz Media,489960000,2025-05-09T08:52:43Z,208
Media Asset,2970499,SMIGHTIES_EP 08_ODD COUPLE,SMIGHTIES_EP 08_ODD COUPLE,Toonz Media,499440000,2025-05-09T08:52:42Z,208
Media Asset,2970498,SMIGHTIES_EP 07_PIRATES AHOY!,SMIGHTIES_EP 07_PIRATES AHOY!,Toonz Media,489280000,2025-05-09T08:52:41Z,208
Media Asset,2970497,SMIGHTIES_EP 05_ZAP'S DAY OFF,SMIGHTIES_EP 05_ZAP'S DAY OFF,Toonz Media,488400000,2025-05-09T08:52:40Z,208
Media Asset,2970496,SMIGHTIES_EP 06_SNEEZILS,SMIGHTIES_EP 06_SNEEZILS,Toonz Media,491200000,2025-05-09T08:52:40Z,208
Media Asset,2970495,SMIGHTIES_EP 04_SUPER FIREWORKS SHOW,SMIGHTIES_EP 04_SUPER FIREWORKS SHOW,Toonz Media,498440000,2025-05-09T08:52:39Z,208
Media Asset,2970494,SMIGHTIES_EP 03_THE BIG WAVE,SMIGHTIES_EP 03_THE BIG WAVE,Toonz Media,481920000,2025-05-09T08:52:37Z,208
Media Asset,2970493,SMIGHTIES_EP 02_HUNGA BUNGA,SMIGHTIES_EP 02_HUNGA BUNGA,Toonz Media,491040000,2025-05-09T08:52:36Z,208
Media Asset,2970492,SMIGHTIES_EP 01_SURPRISE BIRTHDAY MIXUP,SMIGHTIES_EP 01_SURPRISE BIRTHDAY MIXUP,Toonz Media,546480000,2025-05-09T08:51:33Z,208
Media Asset,2970488,ROCK THE NIGHT-S1-Ep23,ROCK THE NIGHT-S1-Ep23,DD National,3174440000,2025-05-09T08:10:56Z,208
Media Asset,2970487,ROCK THE NIGHT-S1-Ep24,ROCK THE NIGHT-S1-Ep24,DD National,2786520000,2025-05-09T08:09:26Z,208
Media Asset,2970486,ROCK THE NIGHT-S1-Ep22,ROCK THE NIGHT-S1-Ep22,DD National,3087080000,2025-05-09T08:09:15Z,208
Media Asset,2970485,ROCK THE NIGHT-S1-Ep21,ROCK THE NIGHT-S1-Ep21,DD National,3130720000,2025-05-09T08:08:26Z,208
Media Asset,2970484,ROCK THE NIGHT-S1-Ep20,ROCK THE NIGHT-S1-Ep20,DD National,3085840000,2025-05-09T08:03:15Z,208
Media Asset,2970482,ROCK THE NIGHT-S1-Ep18,ROCK THE NIGHT-S1-Ep18,DD National,2760080000,2025-05-09T07:57:24Z,208
Media Asset,2970480,ROCK THE NIGHT-S1-Ep17,ROCK THE NIGHT-S1-Ep17,DD National,2771640000,2025-05-09T07:54:13Z,208
Media Asset,2970478,ROCK THE NIGHT-S1-Ep14,ROCK THE NIGHT-S1-Ep14,DD National,2920880000,2025-05-09T07:50:12Z,208
Media Asset,2970477,ROCK THE NIGHT-S1-Ep05,ROCK THE NIGHT-S1-Ep05,DD National,2894560000,2025-05-09T07:28:19Z,208
Media Asset,2970475,ROCK THE NIGHT-S1-Ep03,ROCK THE NIGHT-S1-Ep03,DD National,2950920000,2025-05-09T07:27:18Z,208
Media Asset,2970466,ROCK THE NIGHT-S1-Ep02,ROCK THE NIGHT-S1-Ep02,DD National,2846360000,2025-05-09T07:20:29Z,208
Media Asset,2970464,ROCK THE NIGHT-S1-Ep01,ROCK THE NIGHT-S1-Ep01,DD National,3037040000,2025-05-09T07:20:19Z,208
Media Asset,2970450,BORNIL BYOKTITWA SYED SADULLA,BORNIL BYOKTITWA SYED SADULLA,DDK Guwahati,1721760000,2025-05-09T06:58:23Z,208
Media Asset,2970449,APURUP XONDORJYOR AAKOR KOKRAJHAR EP-1,APURUP XONDORJYOR AAKOR KOKRAJHAR EP-1,DDK Guwahati,1511880000,2025-05-09T06:56:45Z,208
Media Asset,2970448,APURUP XONDORJYOR AAKOR KOKRAJHAR EP-2,APURUP XONDORJYOR AAKOR KOKRAJHAR EP-2,DDK Guwahati,1263720000,2025-05-09T06:56:45Z,208
Media Asset,2970447,BONGAIGAONOR NANDONIK XONDORJYO,BONGAIGAONOR NANDONIK XONDORJYO,DDK Guwahati,1604880000,2025-05-09T06:56:45Z,208
Media Asset,2970446,ROCK THE NIGHT S2_Epi-07,ROCK THE NIGHT S2_Epi-07,DD National,3210640000,2025-05-09T06:56:01Z,208
Media Asset,2970445,ROCK THE NIGHT S2_Epi-06,ROCK THE NIGHT S2_Epi-06,DD National,3187800000,2025-05-09T06:54:58Z,208
Media Asset,2970444,ROCK THE NIGHT S2_Epi-05,ROCK THE NIGHT S2_Epi-05,DD National,2748720000,2025-05-09T06:51:51Z,208
Media Asset,2970443,ROCK THE NIGHT S2_Epi-01,ROCK THE NIGHT S2_Epi-01,DD National,2948880000,2025-05-09T06:51:51Z,208
Media Asset,2970442,ROCK THE NIGHT S2_Epi-02,ROCK THE NIGHT S2_Epi-02,DD National,2591320000,2025-05-09T06:51:51Z,208
Media Asset,2970441,SasuralJhunkiKa_Ep74,SasuralJhunkiKa_Ep74,DD Mumbai,1328000000,2025-05-09T06:26:10Z,208
Media Asset,2970432,CHARCHA MEIN MAJOR SUBHASH CHANDRA PAREEK,CHARCHA MEIN MAJOR SUBHASH CHANDRA PAREEK,DD Rajasthan,1688000000,2025-05-09T05:53:35Z,208
Media Asset,2970431,CHARCHA MEIN KRISHNA KANTA SHARMA,CHARCHA MEIN KRISHNA KANTA SHARMA,DD Rajasthan,1529800000,2025-05-09T05:53:28Z,208
Media Asset,2970430,CHARCHA MEIN DR SAILESH LODHA,CHARCHA MEIN DR SAILESH LODHA,DD Rajasthan,1641920000,2025-05-09T05:53:25Z,208
Media Asset,2970429,CHARCHA MEIN DR ASHOK KUMAR GUPTA,CHARCHA MEIN DR ASHOK KUMAR GUPTA,DD Rajasthan,1810600000,2025-05-09T05:53:25Z,208
Media Asset,2970428,CHARCHA MEIN DR N,CHARCHA MEIN DR N,DD Rajasthan,1604680000,2025-05-09T05:53:25Z,208
Media Asset,2970427,VAIDEHI_EP_13,VAIDEHI_EP_13,DDK Hyderabad,1482400000,2025-05-09T05:53:25Z,208
Media Asset,2970426,VAIDEHI_EP_12,VAIDEHI_EP_12,DDK Hyderabad,1491080000,2025-05-09T05:52:15Z,208
Media Asset,2970425,VAIDEHI_EP_09,VAIDEHI_EP_09,DDK Hyderabad,1495040000,2025-05-09T05:43:46Z,208
Media Asset,2970424,VAIDEHI_EP_06,VAIDEHI_EP_06,DDK Hyderabad,1495400000,2025-05-09T05:43:46Z,208
Media Asset,2970423,VAIDEHI_EP_07,VAIDEHI_EP_07,DDK Hyderabad,1496320000,2025-05-09T05:43:46Z,208
Media Asset,2970422,VAIDEHI_EP_05,VAIDEHI_EP_05,DDK Hyderabad,1496320000,2025-05-09T05:43:40Z,208
Media Asset,2970421,VAIDEHI_EP_04,VAIDEHI_EP_04,DDK Hyderabad,1496640000,2025-05-09T05:43:40Z,208
Media Asset,2970420,VAIDEHI_EP_10,VAIDEHI_EP_10,DDK Hyderabad,1494440000,2025-05-09T05:43:40Z,208
Media Asset,2970419,VAIDEHI_EP_11,VAIDEHI_EP_11,DDK Hyderabad,1495600000,2025-05-09T05:43:40Z,208
Media Asset,2970418,VAIDEHI_EP_08,VAIDEHI_EP_08,DDK Hyderabad,1495120000,2025-05-09T05:43:40Z,208
Media Asset,2970417,VAIDEHI_EP_03,VAIDEHI_EP_03,DDK Hyderabad,1496240000,2025-05-09T05:42:40Z,208
Media Asset,2970416,VAIDEHI_EP_02,VAIDEHI_EP_02,DDK Hyderabad,1501560000,2025-05-09T05:42:40Z,208
Media Asset,2970415,VAIDEHI_EP_01,VAIDEHI_EP_01,DDK Hyderabad,1501000000,2025-05-09T05:42:40Z,208
Media Asset,2968902,SasuralJhunkiKa_Ep72,SasuralJhunkiKa_Ep72,DD Mumbai,1358000000,2025-05-08T11:21:03Z,208
Media Asset,2968900,The Command Force,The Command Force,PB-Archives-A,11114000,2025-05-08T11:12:11Z,208
Media Asset,2968899,Sanyasi,Sanyasi,PB-Archives-A,11114000,2025-05-08T11:12:01Z,208
Media Asset,2968898,Sampark,Sampark,PB-Archives-A,11114000,2025-05-08T11:12:01Z,208
Media Asset,2968897,Rani Ketki Ki Kahani,Rani Ketki Ki Kahani,PB-Archives-A,11114000,2025-05-08T11:12:01Z,208
Media Asset,2968896,Nadiyaan Gaati Hain,Nadiyaan Gaati Hain,PB-Archives-A,11114000,2025-05-08T11:10:43Z,208
Media Asset,2966548,SasuralJhunkiKa_Ep73,SasuralJhunkiKa_Ep73,DD Mumbai,1359000000,2025-05-08T12:04:14Z,208
Media Asset,2966533,Miya Khoji Ke Karnamey,Miya Khoji Ke Karnamey,PB-Archives-A,11114000,2025-05-08T11:10:41Z,208
Media Asset,2966528,Indian Imprints,Indian Imprints,PB-Archives-A,11114000,2025-05-08T11:10:30Z,208
Media Asset,2966527,Hazar Ghodon Ka Sawar,Hazar Ghodon Ka Sawar,PB-Archives-A,11114000,2025-05-08T11:10:30Z,208
Media Asset,2966526,Yeh Hai India Meri Jaan,Yeh Hai India Meri Jaan,PB-Archives-A,11114000,2025-05-08T11:10:30Z,208
Media Asset,2966525,The Great Experiment,The Great Experiment,PB-Archives-A,11114000,2025-05-08T11:10:20Z,208
Media Asset,2966524,Sher Shah Suri,Sher Shah Suri,PB-Archives-A,11114000,2025-05-08T11:10:20Z,208
Media Asset,2966523,Kuchamani Khayal (Raja Harishchandra Taramati)  Rajasthani,Kuchamani Khayal (Raja Harishchandra Taramati)  Rajasthani,PB-Archives-A,11114000,2025-05-08T11:10:20Z,208
Media Asset,2966522,Lebedev Ki Nayika,Lebedev Ki Nayika,PB-Archives-A,11114000,2025-05-08T11:10:20Z,208
Media Asset,2966521,Woh Ladki,Woh Ladki,PB-Archives-A,11114000,2025-05-08T11:10:09Z,208
Media Asset,2966520,Living on the Edge,Living on the Edge,PB-Archives-A,11114000,2025-05-08T11:10:09Z,208
Media Asset,2966518,Kisse Ek Hazaar,Kisse Ek Hazaar,PB-Archives-A,11114000,2025-05-08T11:08:39Z,208
Media Asset,2966517,Thodi Si Zindagi,Thodi Si Zindagi,PB-Archives-A,11114000,2025-05-08T11:08:29Z,208
Media Asset,2966516,Kamaal Hai Kamaal,Kamaal Hai Kamaal,PB-Archives-A,11114000,2025-05-08T11:08:29Z,208
Media Asset,2966515,Vantoosh Ke Fantoosh,Vantoosh Ke Fantoosh,PB-Archives-A,11114000,2025-05-08T11:08:29Z,208
Media Asset,2966514,Peechha Karo,Peechha Karo,PB-Archives-A,11114000,2025-05-08T11:08:29Z,208
Media Asset,2966513,Kabhi Saas Kabhi Bahu,Kabhi Saas Kabhi Bahu,PB-Archives-A,11114000,2025-05-08T11:08:29Z,208
Media Asset,2966512,Naghme Ka Safar,Naghme Ka Safar,PB-Archives-A,11114000,2025-05-08T11:08:29Z,208
Media Asset,2966511,Kahani Shahjahanabad Ki,Kahani Shahjahanabad Ki,PB-Archives-A,11114000,2025-05-08T11:08:29Z,208
Media Asset,2966510,Kab Kyun Kaise,Kab Kyun Kaise,PB-Archives-A,11114000,2025-05-08T11:08:18Z,208
Media Asset,2966509,Shama S0,Shama S0,PB-Archives-A,11114000,2025-05-08T11:08:18Z,208
Media Asset,2966508,Looking Beyond,Looking Beyond,PB-Archives-A,11114000,2025-05-08T11:08:18Z,208
Media Asset,2966506,Ghanteswar Prasad,Ghanteswar Prasad,PB-Archives-A,11114000,2025-05-08T11:06:16Z,208
Media Asset,2966505,Barrister Roy,Barrister Roy,PB-Archives-A,11114000,2025-05-08T11:06:16Z,208
Media Asset,2966504,Aisa Hi Hota Hai,Aisa Hi Hota Hai,PB-Archives-A,11114000,2025-05-08T11:06:16Z,208
Media Asset,2966503,Habba Khatoon,Habba Khatoon,PB-Archives-A,11114000,2025-05-08T11:06:16Z,208
Media Asset,2966502,Chandra Mukhi,Chandra Mukhi,PB-Archives-A,11114000,2025-05-08T11:06:16Z,208
Media Asset,2966501,Dil Hai Phir Bhi Hindustani,Dil Hai Phir Bhi Hindustani,PB-Archives-A,11114000,2025-05-08T11:06:16Z,208
Media Asset,2966500,Dargahs of India,Dargahs of India,PB-Archives-A,11114000,2025-05-08T11:06:16Z,208
Media Asset,2966499,Ghazal Ke Saaye - Tarana,Ghazal Ke Saaye - Tarana,PB-Archives-A,11114000,2025-05-08T11:06:16Z,208
Media Asset,2966498,Aarti,Aarti,PB-Archives-A,11114000,2025-05-08T11:06:16Z,208
Media Asset,2966497,Flora & Fauna of India,Flora & Fauna of India,PB-Archives-A,11114000,2025-05-08T11:06:16Z,208
Media Asset,2966496,Dev Bhoomi Kumaon,Dev Bhoomi Kumaon,PB-Archives-A,11114000,2025-05-08T11:06:16Z,208
Media Asset,2963200,SasuralJhunkiKa_Ep71,SasuralJhunkiKa_Ep71,DD Mumbai,1370000000,2025-05-08T10:16:06Z,208
Media Asset,2963198,BUBBLE BATH BAY_PROMO,BUBBLE BATH BAY_PROMO,Toonz Media,91280000,2025-05-08T10:13:39Z,208
Media Asset,2961343,BUBBLE BATH BAY_EP 50_STORMY AT SEA,BUBBLE BATH BAY_EP 50_STORMY AT SEA,Toonz Media,660400000,2025-05-08T08:08:33Z,208
Media Asset,2961342,BUBBLE BATH BAY_EP 51_SHAPE UP,BUBBLE BATH BAY_EP 51_SHAPE UP,Toonz Media,660400000,2025-05-08T08:08:24Z,208
Media Asset,2961341,BUBBLE BATH BAY_EP 52_SYDNEY'S SLIP-UP,BUBBLE BATH BAY_EP 52_SYDNEY'S SLIP-UP,Toonz Media,660400000,2025-05-08T08:08:04Z,208
Media Asset,2961340,BUBBLE BATH BAY_EP 49_TREASURE HUNT,BUBBLE BATH BAY_EP 49_TREASURE HUNT,Toonz Media,660400000,2025-05-08T08:07:43Z,208
Media Asset,2961339,BUBBLE BATH BAY_EP 48_SUB VS SEAPLANE,BUBBLE BATH BAY_EP 48_SUB VS SEAPLANE,Toonz Media,660400000,2025-05-08T08:07:33Z,208
Media Asset,2961338,BUBBLE BATH BAY_EP 44_SYDNEY'S BOAT-DAY,BUBBLE BATH BAY_EP 44_SYDNEY'S BOAT-DAY,Toonz Media,660400000,2025-05-08T08:06:43Z,208
Media Asset,2961337,BUBBLE BATH BAY_EP 40_OH BARNACLES!,BUBBLE BATH BAY_EP 40_OH BARNACLES!,Toonz Media,660400000,2025-05-08T08:06:43Z,208
Media Asset,2961336,BUBBLE BATH BAY_EP 39_TREASURE CHEST,BUBBLE BATH BAY_EP 39_TREASURE CHEST,Toonz Media,660400000,2025-05-08T08:06:33Z,208
Media Asset,2961335,BUBBLE BATH BAY_EP 37_MAJOR HICCUP,BUBBLE BATH BAY_EP 37_MAJOR HICCUP,Toonz Media,660400000,2025-05-08T08:05:22Z,208
Media Asset,2961334,BUBBLE BATH BAY_EP 46_JET SKI JUMBLE,BUBBLE BATH BAY_EP 46_JET SKI JUMBLE,Toonz Media,660400000,2025-05-08T08:04:03Z,208
Media Asset,2961333,BUBBLE BATH BAY_EP 45_ICEBERG ESCAPE,BUBBLE BATH BAY_EP 45_ICEBERG ESCAPE,Toonz Media,660400000,2025-05-08T08:04:03Z,208
Media Asset,2961332,BUBBLE BATH BAY_EP 38_RUFFLED FEATHERS,BUBBLE BATH BAY_EP 38_RUFFLED FEATHERS,Toonz Media,660400000,2025-05-08T08:03:42Z,208
Media Asset,2961331,BUBBLE BATH BAY_EP 41_PERFECT STORMY,BUBBLE BATH BAY_EP 41_PERFECT STORMY,Toonz Media,660400000,2025-05-08T08:03:11Z,208
Media Asset,2961330,BUBBLE BATH BAY_EP 42_SCAREDY BOATS,BUBBLE BATH BAY_EP 42_SCAREDY BOATS,Toonz Media,660400000,2025-05-08T08:03:01Z,208
Media Asset,2961329,BUBBLE BATH BAY_EP 36_SAILING SCHOOL RULES,BUBBLE BATH BAY_EP 36_SAILING SCHOOL RULES,Toonz Media,660400000,2025-05-08T08:02:12Z,208
Media Asset,2961328,BUBBLE BATH BAY_EP 43_CORAL CAVES CAMP OUT,BUBBLE BATH BAY_EP 43_CORAL CAVES CAMP OUT,Toonz Media,660400000,2025-05-08T08:02:12Z,208
Media Asset,2961327,BUBBLE BATH BAY_EP 35_REGATTA AT THE BAY,BUBBLE BATH BAY_EP 35_REGATTA AT THE BAY,Toonz Media,660400000,2025-05-08T08:02:02Z,208
Media Asset,2961326,BUBBLE BATH BAY_EP 31_POPSTAR SAMIRA,BUBBLE BATH BAY_EP 31_POPSTAR SAMIRA,Toonz Media,660400000,2025-05-08T07:59:41Z,208
Media Asset,2961325,BUBBLE BATH BAY_EP 32_TEAM SPIRIT,BUBBLE BATH BAY_EP 32_TEAM SPIRIT,Toonz Media,660400000,2025-05-08T07:59:31Z,208
Media Asset,2961324,BUBBLE BATH BAY_EP 33_CLEO'S BIG FIND,BUBBLE BATH BAY_EP 33_CLEO'S BIG FIND,Toonz Media,660400000,2025-05-08T07:58:41Z,208
Media Asset,2961323,BUBBLE BATH BAY_EP 28_I FORGET,BUBBLE BATH BAY_EP 28_I FORGET,Toonz Media,660400000,2025-05-08T07:58:41Z,208
Media Asset,2961322,"BUBBLE BATH BAY_EP 30_HOT, HOT, HOT","BUBBLE BATH BAY_EP 30_HOT, HOT, HOT",Toonz Media,660400000,2025-05-08T07:58:41Z,208
Media Asset,2961321,BUBBLE BATH BAY_EP 34_UNDER THE WEATHER,BUBBLE BATH BAY_EP 34_UNDER THE WEATHER,Toonz Media,660400000,2025-05-08T07:58:21Z,208
Media Asset,2961320,BUBBLE BATH BAY_EP 26_WORRY MUDDLES,BUBBLE BATH BAY_EP 26_WORRY MUDDLES,Toonz Media,660400000,2025-05-08T07:57:50Z,208
Media Asset,2959892,SasuralJhunkiKa_Ep70,SasuralJhunkiKa_Ep70,DD Mumbai,1386000000,2025-05-08T09:57:33Z,208
Media Asset,2959858,BUBBLE BATH BAY_EP 21_A VERY DUCKY DAY,BUBBLE BATH BAY_EP 21_A VERY DUCKY DAY,Toonz Media,659960000,2025-05-08T07:55:09Z,208
Media Asset,2959857,BUBBLE BATH BAY_EP 16_SEAL OF APPROVAL,BUBBLE BATH BAY_EP 16_SEAL OF APPROVAL,Toonz Media,659960000,2025-05-08T07:54:59Z,208
Media Asset,2959856,BUBBLE BATH BAY_EP 24_TRASH AND TREASURE,BUBBLE BATH BAY_EP 24_TRASH AND TREASURE,Toonz Media,660400000,2025-05-08T07:54:09Z,208
Media Asset,2959855,BUBBLE BATH BAY_EP 23_NEW TRICKS,BUBBLE BATH BAY_EP 23_NEW TRICKS,Toonz Media,660400000,2025-05-08T07:54:09Z,208
Media Asset,2959854,BUBBLE BATH BAY_EP 17_HEAR HEAR,BUBBLE BATH BAY_EP 17_HEAR HEAR,Toonz Media,660440000,2025-05-08T07:53:58Z,208
Media Asset,2959853,BUBBLE BATH BAY_EP 20_TALL STORIES,BUBBLE BATH BAY_EP 20_TALL STORIES,Toonz Media,660400000,2025-05-08T07:53:08Z,208
Media Asset,2959852,BUBBLE BATH BAY_EP 25_HOW TERRY GOT HIS GROOVE BACK,BUBBLE BATH BAY_EP 25_HOW TERRY GOT HIS GROOVE BACK,Toonz Media,660400000,2025-05-08T07:52:08Z,208
Media Asset,2959851,BUBBLE BATH BAY_EP 18_SLEEPY SYDNEY,BUBBLE BATH BAY_EP 18_SLEEPY SYDNEY,Toonz Media,660400000,2025-05-08T07:51:38Z,208
Media Asset,2959850,BUBBLE BATH BAY_EP 19_SYDNEY'S ROYAL PARADE!,BUBBLE BATH BAY_EP 19_SYDNEY'S ROYAL PARADE!,Toonz Media,660400000,2025-05-08T07:51:38Z,208
Media Asset,2959849,BUBBLE BATH BAY_EP 15_BUOY OH BUOY!,BUBBLE BATH BAY_EP 15_BUOY OH BUOY!,Toonz Media,659960000,2025-05-08T07:50:28Z,208
Media Asset,2959848,BUBBLE BATH BAY_EP 22_LOST AND FOUND,BUBBLE BATH BAY_EP 22_LOST AND FOUND,Toonz Media,660400000,2025-05-08T07:50:08Z,208
Media Asset,2959847,BUBBLE BATH BAY_EP 13_CHEEKY CANOES,BUBBLE BATH BAY_EP 13_CHEEKY CANOES,Toonz Media,660400000,2025-05-08T07:49:37Z,208
Media Asset,2959846,BUBBLE BATH BAY_EP 08_MUDDLES IN THE MIST,BUBBLE BATH BAY_EP 08_MUDDLES IN THE MIST,Toonz Media,659960000,2025-05-08T07:49:27Z,208
Media Asset,2959845,BUBBLE BATH BAY_EP 07_DRAGON PARADE,BUBBLE BATH BAY_EP 07_DRAGON PARADE,Toonz Media,660400000,2025-05-08T07:49:27Z,208
Media Asset,2959844,BUBBLE BATH BAY_EP 12_GONE WITH THE WIND,BUBBLE BATH BAY_EP 12_GONE WITH THE WIND,Toonz Media,660400000,2025-05-08T07:48:36Z,208
Media Asset,2959843,BUBBLE BATH BAY_EP 06_FERRY BAD LUCK,BUBBLE BATH BAY_EP 06_FERRY BAD LUCK,Toonz Media,659960000,2025-05-08T07:47:47Z,208
Media Asset,2959842,BUBBLE BATH BAY_EP 05_ZIP IN A SPIN,BUBBLE BATH BAY_EP 05_ZIP IN A SPIN,Toonz Media,659960000,2025-05-08T07:45:46Z,208
Media Asset,2959841,BUBBLE BATH BAY_EP 14_CRASH LANDING,BUBBLE BATH BAY_EP 14_CRASH LANDING,Toonz Media,659960000,2025-05-08T07:45:36Z,208
Media Asset,2959840,BUBBLE BATH BAY_EP 47_SPRING FEVER,BUBBLE BATH BAY_EP 47_SPRING FEVER,Toonz Media,660400000,2025-05-08T07:45:13Z,208
Media Asset,2959839,BUBBLE BATH BAY_EP 11_BONITA'S PARTY,BUBBLE BATH BAY_EP 11_BONITA'S PARTY,Toonz Media,659960000,2025-05-08T07:44:47Z,208
Media Asset,2959838,BUBBLE BATH BAY_EP 10_STORMY WEATHER,BUBBLE BATH BAY_EP 10_STORMY WEATHER,Toonz Media,660400000,2025-05-08T07:44:47Z,208
Media Asset,2959837,BUBBLE BATH BAY_EP 09_AROUND THE WORLD IN A DAY,BUBBLE BATH BAY_EP 09_AROUND THE WORLD IN A DAY,Toonz Media,659960000,2025-05-08T07:44:47Z,208
Media Asset,2959836,BUBBLE BATH BAY_EP 04_MUDDLED FRIENDS,BUBBLE BATH BAY_EP 04_MUDDLED FRIENDS,Toonz Media,660400000,2025-05-08T07:40:45Z,208
Media Asset,2959835,BUBBLE BATH BAY_EP 03_CLEO AT THE COVE,BUBBLE BATH BAY_EP 03_CLEO AT THE COVE,Toonz Media,659960000,2025-05-08T07:40:45Z,208
Media Asset,2959834,BUBBLE BATH BAY_EP 01_RUNNING ON EMPTY,BUBBLE BATH BAY_EP 01_RUNNING ON EMPTY,Toonz Media,659960000,2025-05-08T07:40:01Z,208
Media Asset,2959833,BUBBLE BATH BAY_EP 02_ROYAL VISIT,BUBBLE BATH BAY_EP 02_ROYAL VISIT,Toonz Media,659960000,2025-05-08T07:40:01Z,208
Media Asset,2959832,Untouched Beauty ( Unchua Saundarya )_009181,Untouched Beauty ( Unchua Saundarya )_009181,NFDC,1729520000,2025-05-08T07:38:04Z,208
Media Asset,2959831,The Shamin of Perpang_008245,The Shamin of Perpang_008245,NFDC,1171440000,2025-05-08T07:37:34Z,208
Media Asset,2959830,Young Architects_004481,Young Architects_004481,NFDC,617280000,2025-05-08T07:35:54Z,208
Media Asset,2959829,Wapas_Unrestored_HD_05072024,Wapas_Unrestored_HD_05072024,NFDC,8101426667,2025-05-08T07:35:44Z,208
Media Asset,2959826,The Saga of Indian Immigration to Mauritius ( 150th Anniversary Tribute )_006671,The Saga of Indian Immigration to Mauritius ( 150th Anniversary Tribute )_006671,NFDC,3312880000,2025-05-08T07:35:34Z,208
Media Asset,2959825,The Artists of The Sky (Veer Udake Nabh Ke)_003719,The Artists of The Sky (Veer Udake Nabh Ke)_003719,NFDC,755640000,2025-05-08T07:35:34Z,208
Media Asset,2959822,CURRENT_Clean_25fps,CURRENT_Clean_25fps,NFDC,7174375542,2025-05-08T07:34:46Z,208
Media Asset,2959821,Glimpses of Indian Animation_008147,Glimpses of Indian Animation_008147,NFDC,1821840000,2025-05-08T07:34:46Z,208
Media Asset,2959818,This is India_006459,This is India_006459,NFDC,884280000,2025-05-08T07:33:45Z,208
Media Asset,2959817,Ujala_008077,Ujala_008077,NFDC,4093720000,2025-05-08T07:33:45Z,208
Media Asset,2959816,Two Men and An Ideal_006437,Two Men and An Ideal_006437,NFDC,1227600000,2025-05-08T07:33:45Z,208
Media Asset,2959815,Voice of India_001240,Voice of India_001240,NFDC,664280000,2025-05-08T07:33:45Z,208
Media Asset,2959814,Dagar Panghat ki_EP_03,Dagar Panghat ki_EP_03,DD Patna,,2025-05-08T07:33:07Z,208
Media Asset,2959812,Territorial Army_004457,Territorial Army_004457,NFDC,598600000,2025-05-08T06:56:12Z,208
Media Asset,2959811,Rivals to The Rainbow_004342,Rivals to The Rainbow_004342,NFDC,836520000,2025-05-08T06:56:12Z,208
Media Asset,2959810,Soviet Folk Dances_005191,Soviet Folk Dances_005191,NFDC,1135760000,2025-05-08T06:56:11Z,208
Media Asset,2959805,EP-16,EP-16,DD National,3191640000,2025-05-08T06:29:17Z,208
Media Asset,2956975,EP-14,EP-14,DD National,2920880000,2025-05-08T06:26:24Z,208
Media Asset,2956973,EP-11,EP-11,DD National,2605480000,2025-05-08T06:25:36Z,208
Media Asset,2956927,EP-07,EP-07,DD National,3313720000,2025-05-08T06:16:53Z,208
Media Asset,2956926,EP#40 MIX MASTER SARDAR THE GAME CHANGER,EP#40 MIX MASTER SARDAR THE GAME CHANGER,DD National,1501600000,2025-05-08T06:15:06Z,208
Media Asset,2956925,EP#39 MIX MASTER SARDAR THE GAME CHANGER,EP#39 MIX MASTER SARDAR THE GAME CHANGER,DD National,1479680000,2025-05-08T06:14:33Z,208
Media Asset,2956922,EP#35MIX MASTER SARDAR THE GAME CHANGER,EP#35MIX MASTER SARDAR THE GAME CHANGER,DD National,1428440000,2025-05-08T06:12:12Z,208
Media Asset,2956921,EP#38 MIX MASTER  SARDAR THE GAME CHANGER_3,EP#38 MIX MASTER  SARDAR THE GAME CHANGER_3,DD National,1434040000,2025-05-08T06:11:42Z,208
Media Asset,2956917,EP#37 MIX MASTERSARDAR THE GAME CHANGER -,EP#37 MIX MASTERSARDAR THE GAME CHANGER -,DD National,1466440000,2025-05-08T06:02:24Z,208
Media Asset,2956915,EP#32 MIX MASTER SARDAR THE GAME CHANGER,EP#32 MIX MASTER SARDAR THE GAME CHANGER,DD National,1423280000,2025-05-08T06:01:21Z,208
Media Asset,2956914,EP-08 new,EP-08 new,DD National,1663320000,2025-05-08T06:01:21Z,208
Media Asset,2956913,EP#33 MIX MASTERSARDAR THE GAME CHANGER_2,EP#33 MIX MASTERSARDAR THE GAME CHANGER_2,DD National,1474640000,2025-05-08T06:01:21Z,208
Media Asset,2956912,EP-06,EP-06,DD National,2746960000,2025-05-08T06:01:21Z,208
Media Asset,2956911,EP#34 MIX MASTER SARDAR THE GAME CHANGER mxf,EP#34 MIX MASTER SARDAR THE GAME CHANGER mxf,DD National,1526200000,2025-05-08T06:00:19Z,208
Media Asset,2956910,EP#36  MIX MASTER SARDAR THE GAME CHANGER-,EP#36  MIX MASTER SARDAR THE GAME CHANGER-,DD National,1499640000,2025-05-08T05:59:17Z,208
Media Asset,2956909,EP-03,EP-03,DD National,2950920000,2025-05-08T05:59:17Z,208
Media Asset,2956908,EP-05,EP-05,DD National,2894560000,2025-05-08T05:57:36Z,208
Media Asset,2956907,EP-04,EP-04,DD National,2751360000,2025-05-08T05:56:16Z,208
Media Asset,2956906,_EP#40 MIX MASTER SARDAR THE GAME CHANGER,_EP#40 MIX MASTER SARDAR THE GAME CHANGER,DD National,,2025-05-08T05:56:16Z,208
Media Asset,2956905,_EP#37 MIX MASTERSARDAR THE GAME CHANGER -,_EP#37 MIX MASTERSARDAR THE GAME CHANGER -,DD National,,2025-05-08T05:56:11Z,208
Media Asset,2956904,_EP#38 MIX MASTER  SARDAR THE GAME CHANGER_3,_EP#38 MIX MASTER  SARDAR THE GAME CHANGER_3,DD National,,2025-05-08T05:56:09Z,208
Media Asset,2956903,_EP#36  MIX MASTER SARDAR THE GAME CHANGER-,_EP#36  MIX MASTER SARDAR THE GAME CHANGER-,DD National,,2025-05-08T05:56:09Z,208
Media Asset,2956902,_EP#32 MIX MASTER SARDAR THE GAME CHANGER,_EP#32 MIX MASTER SARDAR THE GAME CHANGER,DD National,,2025-05-08T05:56:09Z,208
Media Asset,2956901,_EP#33 MIX MASTERSARDAR THE GAME CHANGER_2,_EP#33 MIX MASTERSARDAR THE GAME CHANGER_2,DD National,,2025-05-08T05:56:09Z,208
Media Asset,2956900,_EP#39 MIX MASTER SARDAR THE GAME CHANGER,_EP#39 MIX MASTER SARDAR THE GAME CHANGER,DD National,,2025-05-08T05:56:09Z,208
Media Asset,2956899,_EP#35MIX MASTER SARDAR THE GAME CHANGER,_EP#35MIX MASTER SARDAR THE GAME CHANGER,DD National,,2025-05-08T05:56:09Z,208
Media Asset,2956898,_EP#34 MIX MASTER SARDAR THE GAME CHANGER mxf,_EP#34 MIX MASTER SARDAR THE GAME CHANGER mxf,DD National,,2025-05-08T05:56:09Z,208
Media Asset,2956896,EP-02,EP-02,DD National,2846360000,2025-05-08T05:55:05Z,208
Media Asset,2956895,_EP-21,_EP-21,DD National,,2025-05-08T05:54:55Z,208
Media Asset,2956894,_EP-23,_EP-23,DD National,,2025-05-08T05:54:55Z,208
Media Asset,2956893,_EP-24,_EP-24,DD National,,2025-05-08T05:54:50Z,208
Media Asset,2956884,SasuralJhunkiKa_Ep69,SasuralJhunkiKa_Ep69,DD Mumbai,1404000000,2025-05-07T12:24:27Z,208
Media Asset,2956370,BUBBLE BATH BAY_EP 29_WHEN ZIP BECAME ZAP,BUBBLE BATH BAY_EP 29_WHEN ZIP BECAME ZAP,Toonz Media,660400000,2025-05-08T07:57:39Z,208
Media Asset,2956369,BUBBLE BATH BAY_EP 27_MAKING MUDDLES MERRY,BUBBLE BATH BAY_EP 27_MAKING MUDDLES MERRY,Toonz Media,659960000,2025-05-08T07:56:59Z,208
Media Asset,2956361,Spring in Sikkim_006143,Spring in Sikkim_006143,NFDC,627000000,2025-05-08T07:02:17Z,208
Media Asset,2956359,Return to Bhagirathi_003855,Return to Bhagirathi_003855,NFDC,462440000,2025-05-08T06:57:12Z,208
Media Asset,2956358,EP-15,EP-15,DD National,2494760000,2025-05-08T06:26:13Z,208
Media Asset,2956312,EP-10,EP-10,DD National,3130280000,2025-05-08T06:17:53Z,208
Media Asset,2956310,EP-09,EP-09,DD National,3090080000,2025-05-08T06:17:43Z,208
Media Asset,2956309,_EP-18,_EP-18,DD National,,2025-05-08T05:53:47Z,208
Media Asset,2956308,_EP-13,_EP-13,DD National,,2025-05-08T05:53:45Z,208
Media Asset,2956307,_EP-14,_EP-14,DD National,,2025-05-08T05:53:40Z,208
Media Asset,2956306,_EP-12,_EP-12,DD National,,2025-05-08T05:53:40Z,208
Media Asset,2956305,_EP-17,_EP-17,DD National,,2025-05-08T05:53:36Z,208
Media Asset,2956304,_EP-16,_EP-16,DD National,,2025-05-08T05:53:36Z,208
Media Asset,2956303,_EP-22,_EP-22,DD National,,2025-05-08T05:53:36Z,208
Media Asset,2956302,_EP-20,_EP-20,DD National,,2025-05-08T05:53:30Z,208
Media Asset,2956301,_EP-11,_EP-11,DD National,,2025-05-08T05:53:30Z,208
Media Asset,2956300,_EP-19,_EP-19,DD National,,2025-05-08T05:53:30Z,208
Media Asset,2956299,_EP-15,_EP-15,DD National,,2025-05-08T05:53:25Z,208
Media Asset,2956298,_EP-05,_EP-05,DD National,,2025-05-08T05:51:58Z,208
Media Asset,2956297,_EP-06,_EP-06,DD National,,2025-05-08T05:51:58Z,208
Media Asset,2956296,_EP-07,_EP-07,DD National,,2025-05-08T05:51:58Z,208
Media Asset,2956295,_EP-10,_EP-10,DD National,,2025-05-08T05:51:57Z,208
Media Asset,2956294,_EP-01,_EP-01,DD National,,2025-05-08T05:51:57Z,208
Media Asset,2956293,_EP-08 new,_EP-08 new,DD National,,2025-05-08T05:51:57Z,208
Media Asset,2956292,_EP-04,_EP-04,DD National,,2025-05-08T05:51:57Z,208
Media Asset,2956291,_EP-09,_EP-09,DD National,,2025-05-08T05:51:57Z,208
Media Asset,2956290,_EP-03,_EP-03,DD National,,2025-05-08T05:51:57Z,208
Media Asset,2956289,_EP-02,_EP-02,DD National,,2025-05-08T05:51:57Z,208
Media Asset,2956288,_EP-08,_EP-08,DD National,,2025-05-08T05:51:57Z,208
Media Asset,2956284,FAUJI02_EP_92_MASTER OTT,FAUJI02_EP_92_MASTER OTT,Fauji2.0,1315200000,2025-05-08T05:00:36Z,208
Media Asset,2956283,EP_91_MASTER OTT -,EP_91_MASTER OTT -,Fauji2.0,1303320000,2025-05-08T04:59:34Z,208
Media Asset,2951475,SasuralJhunkiKa_Ep67,SasuralJhunkiKa_Ep67,DD Mumbai,1391000000,2025-05-07T10:58:56Z,208
Media Asset,2945626,Pyar Ka Chamatkar_Hindi_Trailer_Revised,Pyar Ka Chamatkar_Hindi_Trailer_Revised,Mango Mass Media,67958333,2025-05-07T06:31:00Z,208
Media Asset,2945622,BHED BHARAM EP#147 4K MASTER,BHED BHARAM EP#147 4K MASTER,Sunshine Pictures,1370280000,2025-05-07T05:53:27Z,208
Media Asset,2945620,BHED BHARAM EP#146 4K MASTER,BHED BHARAM EP#146 4K MASTER,Sunshine Pictures,1347280000,2025-05-07T05:51:26Z,208
Media Asset,2945619,BHED BHARAM EP#145 4K MASTER,BHED BHARAM EP#145 4K MASTER,Sunshine Pictures,1432520000,2025-05-07T05:50:46Z,208
Media Asset,2945618,BHED BHARAM EP#144 4K MASTER,BHED BHARAM EP#144 4K MASTER,Sunshine Pictures,1364640000,2025-05-07T05:49:55Z,208
Media Asset,2945617,BHED BHARAM EP#143 4K MASTER,BHED BHARAM EP#143 4K MASTER,Sunshine Pictures,1333560000,2025-05-07T05:47:55Z,208
Media Asset,2945616,BHED BHARAM EP#142 4K MASTER,BHED BHARAM EP#142 4K MASTER,Sunshine Pictures,1423480000,2025-05-07T05:47:36Z,208
Media Asset,2945615,BHED BHARAM EP#141 4K MASTER,BHED BHARAM EP#141 4K MASTER,Sunshine Pictures,1368720000,2025-05-07T05:45:45Z,208
Media Asset,2945613,BHED BHARAM EP#140 4K MASTER,BHED BHARAM EP#140 4K MASTER,Sunshine Pictures,1320400000,2025-05-07T05:44:54Z,208
Media Asset,2945612,BHED BHARAM EP#139 4K MASTER,BHED BHARAM EP#139 4K MASTER,Sunshine Pictures,1339640000,2025-05-07T05:44:45Z,208
Media Asset,2945611,BHED BHARAM EP#138 4K MASTER,BHED BHARAM EP#138 4K MASTER,Sunshine Pictures,1343960000,2025-05-07T05:40:04Z,208
Media Asset,2945610,BHED BHARAM EP#137 4K MASTER,BHED BHARAM EP#137 4K MASTER,Sunshine Pictures,1365360000,2025-05-07T05:39:44Z,208
Media Asset,2945609,BHED BHARAM EP#136 4K MASTER,BHED BHARAM EP#136 4K MASTER,Sunshine Pictures,1311560000,2025-05-07T05:39:24Z,208
Media Asset,2945608,BHED BHARAM EP#135 4K MASTER,BHED BHARAM EP#135 4K MASTER,Sunshine Pictures,1376680000,2025-05-07T05:38:24Z,208
Media Asset,2945607,BHED BHARAM EP#134 4K MASTER,BHED BHARAM EP#134 4K MASTER,Sunshine Pictures,1321960000,2025-05-07T05:38:24Z,208
Media Asset,2945606,BHED BHARAM EP#133 4K MASTER,BHED BHARAM EP#133 4K MASTER,Sunshine Pictures,1347800000,2025-05-07T05:37:33Z,208
Media Asset,2945558,BHED BHARAM EP#149 4K MASTER,BHED BHARAM EP#149 4K MASTER,Sunshine Pictures,1389440000,2025-05-07T06:04:38Z,208
Media Asset,2945555,BHED BHARAM EP#148 4K MASTER,BHED BHARAM EP#148 4K MASTER,Sunshine Pictures,1396080000,2025-05-07T05:54:17Z,208
Media Asset,2945554,BHED BHARAM EP#150 4K MASTER,BHED BHARAM EP#150 4K MASTER,Sunshine Pictures,1383480000,2025-05-07T05:54:07Z,208
Media Asset,2945553,BHED BHARAM EP#130 4K MASTER,BHED BHARAM EP#130 4K MASTER,Sunshine Pictures,1389320000,2025-05-07T05:36:33Z,208
Media Asset,2945551,BHED BHARAM EP#132 4K MASTER,BHED BHARAM EP#132 4K MASTER,Sunshine Pictures,1362960000,2025-05-07T05:26:14Z,208
Media Asset,2945550,BHED BHARAM EP#131 4K MASTER,BHED BHARAM EP#131 4K MASTER,Sunshine Pictures,1346200000,2025-05-07T05:26:14Z,208
Media Asset,2945549,BHED BHARAM EP#129 4K MASTER,BHED BHARAM EP#129 4K MASTER,Sunshine Pictures,1406120000,2025-05-07T05:25:14Z,208
Media Asset,2945548,BHED BHARAM EP#127 4K MASTER,BHED BHARAM EP#127 4K MASTER,Sunshine Pictures,1338960000,2025-05-07T05:25:14Z,208
Media Asset,2945547,BHED BHARAM EP#128 4K MASTER,BHED BHARAM EP#128 4K MASTER,Sunshine Pictures,1388720000,2025-05-07T05:25:14Z,208
Media Asset,2945545,BHED BHARAM EP#126 4K MASTER,BHED BHARAM EP#126 4K MASTER,Sunshine Pictures,1368080000,2025-05-07T05:24:14Z,208
Media Asset,2945544,BHED BHARAM EP#125 4K MASTER,BHED BHARAM EP#125 4K MASTER,Sunshine Pictures,1312720000,2025-05-07T05:24:14Z,208
Media Asset,2945543,BHED BHARAM EP#123 4K MASTER,BHED BHARAM EP#123 4K MASTER,Sunshine Pictures,1391040000,2025-05-07T05:23:14Z,208
Media Asset,2945542,BHED BHARAM EP#124 4K MASTER,BHED BHARAM EP#124 4K MASTER,Sunshine Pictures,1382520000,2025-05-07T05:23:14Z,208
Media Asset,2945541,BHED BHARAM EP#122 4K MASTER,BHED BHARAM EP#122 4K MASTER,Sunshine Pictures,1390120000,2025-05-07T05:23:14Z,208
Media Asset,2945540,BHED BHARAM EP#121 4K MASTER,BHED BHARAM EP#121 4K MASTER,Sunshine Pictures,1368360000,2025-05-07T05:22:14Z,208
Media Asset,2943354,PoliceChauki_SangramMurder_Part2,PoliceChauki_SangramMurder_Part2,DD Mumbai,1089160000,2025-05-06T12:19:21Z,208
Media Asset,2943351,PoliceChauki_SangramMurder_Part1,PoliceChauki_SangramMurder_Part1,DD Mumbai,1116000000,2025-05-06T11:56:11Z,208
Media Asset,2943347,Workshop on Digital Sculpting and Film-002,Workshop on Digital Sculpting and Film-002,PB-Archives-A,2374680000,2025-05-06T11:50:09Z,208
Media Asset,2943346,Workshop on Clay Model-003,Workshop on Clay Model-003,PB-Archives-A,2785120000,2025-05-06T11:50:09Z,208
Media Asset,2943345,How can cloud technology help -008,How can cloud technology help -008,PB-Archives-A,2230920000,2025-05-06T11:50:09Z,208
Media Asset,2943344,Changing dynamics of AVGC XR Sector in AI-006,Changing dynamics of AVGC XR Sector in AI-006,PB-Archives-A,5599560000,2025-05-06T11:50:09Z,208
Media Asset,2942648,Next Generation Broadcasting-009,Next Generation Broadcasting-009,PB-Archives-A,3012640000,2025-05-06T11:04:32Z,208
Media Asset,2942638,Magic of Smita Patil’s Art-016,Magic of Smita Patil’s Art-016,PB-Archives-A,2487040000,2025-05-06T11:00:33Z,208
Media Asset,2942637,PoliceChauki_MangalKaleMurder_Part1,PoliceChauki_MangalKaleMurder_Part1,DD Mumbai,1094520000,2025-05-06T10:59:53Z,208
Media Asset,2942636,International rights holders’ perspectives-001,International rights holders’ perspectives-001,PB-Archives-A,3475280000,2025-05-06T10:59:53Z,208
Media Asset,2942635,Game Changer Roundtable-005,Game Changer Roundtable-005,PB-Archives-A,3632720000,2025-05-06T10:55:42Z,208
Media Asset,2938568,Taking Indian Music to New Heights-008,Taking Indian Music to New Heights-008,PB-Archives-A,3365240000,2025-05-06T10:43:52Z,208
Media Asset,2938566,"Lights, Camera, XR-004","Lights, Camera, XR-004",PB-Archives-A,3328480000,2025-05-06T10:32:20Z,208
Media Asset,2938555,Indigenous Sports_ From India to the Global Stage-009,Indigenous Sports_ From India to the Global Stage-009,PB-Archives-A,1974600000,2025-05-06T10:17:47Z,208
Media Asset,2938550,From Sound to Soft Power-001,From Sound to Soft Power-001,PB-Archives-A,2322400000,2025-05-06T10:14:37Z,208
Media Asset,2938548,Film related Masterclass-007,Film related Masterclass-007,PB-Archives-A,2717120000,2025-05-06T10:14:07Z,208
Media Asset,2938544,Data Driven Insight & measurement-001,Data Driven Insight & measurement-001,PB-Archives-A,3415240000,2025-05-06T10:09:16Z,208
Media Asset,2938528,Generative AI in startup by Amazon-005,Generative AI in startup by Amazon-005,PB-Archives-A,2541920000,2025-05-06T10:08:27Z,208
Media Asset,2938527,Dhanbad to Dreamworks Hollywood Disney,Dhanbad to Dreamworks Hollywood Disney,PB-Archives-A,1340320000,2025-05-06T10:07:46Z,208
Media Asset,2938525,Building games in India for the world-010,Building games in India for the world-010,PB-Archives-A,3135000000,2025-05-06T10:05:56Z,208
Media Asset,2938520,Media in India_ Past 25 years and Journey Ahead - to 2047-015,Media in India_ Past 25 years and Journey Ahead - to 2047-015,PB-Archives-A,1480640000,2025-05-06T09:54:30Z,208
Media Asset,2938507,Print to Pixels-008,Print to Pixels-008,PB-Archives-A,3306560000,2025-05-06T09:30:23Z,208
Media Asset,2938506,OTT Roundtable-011,OTT Roundtable-011,PB-Archives-A,2008800000,2025-05-06T09:30:12Z,208
Media Asset,2938505,News & Entertainment in the age of AI-003,News & Entertainment in the age of AI-003,PB-Archives-A,2737200000,2025-05-06T09:28:52Z,208
Media Asset,2938504,PoliceChauki_MaheshMurder_Part1,PoliceChauki_MaheshMurder_Part1,DD Mumbai,1212120000,2025-05-06T09:27:02Z,208
Media Asset,2938503,Stories that touch hearts-001,Stories that touch hearts-001,PB-Archives-A,2668720000,2025-05-06T09:25:52Z,208
Media Asset,2938502,News and Narratives-013,News and Narratives-013,PB-Archives-A,2200280000,2025-05-06T09:24:54Z,208
Media Asset,2938289,PoliceChauki_MangalKaleMurder_Part2,PoliceChauki_MangalKaleMurder_Part2,DD Mumbai,1227000000,2025-05-06T11:24:44Z,208
Media Asset,2938287,Pyar Ka Chamatkar_Hindi_HD_Feature_Revised_23,Pyar Ka Chamatkar_Hindi_HD_Feature_Revised_23,Mango Mass Media,6435166667,2025-05-06T11:17:55Z,208
Media Asset,2938286,X for Government-002,X for Government-002,PB-Archives-A,1760560000,2025-05-06T11:15:55Z,208
Media Asset,2938285,Visual World Building-015,Visual World Building-015,PB-Archives-A,2701840000,2025-05-06T11:15:35Z,208
Media Asset,2938284,BOB EP 25 FOR WAVES,BOB EP 25 FOR WAVES,DD National,4052080000,2025-05-06T11:12:25Z,208
Media Asset,2938283,BOB EP 26 FOR WAVES,BOB EP 26 FOR WAVES,DD National,4909200000,2025-05-06T11:12:04Z,208
Media Asset,2938282,Reimagining Filmmaking through AI-008,Reimagining Filmmaking through AI-008,PB-Archives-A,2709760000,2025-05-06T11:11:45Z,208
Media Asset,2938281,"Old Ghost, New Generation-004","Old Ghost, New Generation-004",PB-Archives-A,2243360000,2025-05-06T11:06:44Z,208
Media Asset,2938279,Digital Dreams & Cinematic Visions-007,Digital Dreams & Cinematic Visions-007,PB-Archives-A,2793280000,2025-05-06T10:52:53Z,208
Media Asset,2938278,Decline in the Theatrical Industry-003,Decline in the Theatrical Industry-003,PB-Archives-A,2943720000,2025-05-06T10:52:22Z,208
Media Asset,2938277,"Building Brands, Building Business-012","Building Brands, Building Business-012",PB-Archives-A,2478640000,2025-05-06T10:51:52Z,208
Media Asset,2938276,Branding in the age of AI-010,Branding in the age of AI-010,PB-Archives-A,3167800000,2025-05-06T10:51:12Z,208
Media Asset,2938275,Sports Leagues Driving Innovation-016,Sports Leagues Driving Innovation-016,PB-Archives-A,3410560000,2025-05-06T10:49:53Z,208
Media Asset,2938274,Practical stunts and digital worlds in the age of AI-012,Practical stunts and digital worlds in the age of AI-012,PB-Archives-A,3115320000,2025-05-06T10:47:22Z,208
Media Asset,2938273,Panchayat Grassroot storytelling Amazon Prime-012,Panchayat Grassroot storytelling Amazon Prime-012,PB-Archives-A,2583560000,2025-05-06T10:42:41Z,208
Media Asset,2938270,Creative Economy-002,Creative Economy-002,PB-Archives-A,3848720000,2025-05-06T10:40:21Z,208
Media Asset,2938267,"Short Form, Big Impact-009","Short Form, Big Impact-009",PB-Archives-A,2852040000,2025-05-06T10:39:31Z,208
Media Asset,2938249,MPA Report-007,MPA Report-007,PB-Archives-A,2548320000,2025-05-06T10:30:20Z,208
Media Asset,2938248,Masterclass on Virtual Production-014,Masterclass on Virtual Production-014,PB-Archives-A,2975120000,2025-05-06T10:30:01Z,208
Media Asset,2938247,OTT Revolution-003,OTT Revolution-003,PB-Archives-A,2918600000,2025-05-06T10:29:39Z,208
Media Asset,2938246,Piracy_ Safeguarding content through technology by CII-011,Piracy_ Safeguarding content through technology by CII-011,PB-Archives-A,2442640000,2025-05-06T10:28:20Z,208
Media Asset,2938244,GenAI Easy Lens-005,GenAI Easy Lens-005,PB-Archives-A,2876920000,2025-05-06T10:27:50Z,208
Media Asset,2938242,Empowering Creators by X-006,Empowering Creators by X-006,PB-Archives-A,3057160000,2025-05-06T10:25:59Z,208
Media Asset,2938241,AVGC Creators-013,AVGC Creators-013,PB-Archives-A,2579840000,2025-05-06T10:25:59Z,208
Media Asset,2938239,Launch of Reports by Ministry of I&B and EventFAQs,Launch of Reports by Ministry of I&B and EventFAQs,PB-Archives-A,814440000,2025-05-06T10:25:44Z,208
Media Asset,2938238,Democratising Creator Marketing-Amazon-011,Democratising Creator Marketing-Amazon-011,PB-Archives-A,2397480000,2025-05-06T10:25:19Z,208
Media Asset,2938236,Best Practices Social Media Advertising for Influencers-004,Best Practices Social Media Advertising for Influencers-004,PB-Archives-A,3081280000,2025-05-06T10:24:49Z,208
Media Asset,2938235,AI Avatars-001,AI Avatars-001,PB-Archives-A,3359200000,2025-05-06T10:24:40Z,208
Media Asset,2938228,Connected Devices Changing the World of Entertainment-014,Connected Devices Changing the World of Entertainment-014,PB-Archives-A,1847280000,2025-05-06T10:12:47Z,208
Media Asset,2938227,"Culture, Connectivity & Creative Capital-013","Culture, Connectivity & Creative Capital-013",PB-Archives-A,1486080000,2025-05-06T10:12:27Z,208
Media Asset,2938225,Augmenting Content Creation Workflows GenAI-011,Augmenting Content Creation Workflows GenAI-011,PB-Archives-A,3550280000,2025-05-06T10:07:23Z,208
Media Asset,2938223,Community Radio Conclave-005,Community Radio Conclave-005,PB-Archives-A,1420280000,2025-05-06T10:00:46Z,208
Media Asset,2938221,Evolution of Digital News-002,Evolution of Digital News-002,PB-Archives-A,2375840000,2025-05-06T09:59:56Z,208
Media Asset,2938217,Break into the Music Industry-007,Break into the Music Industry-007,PB-Archives-A,1932800000,2025-05-06T09:58:36Z,208
Media Asset,2938215,Bharat ki Goonj-008,Bharat ki Goonj-008,PB-Archives-A,1168480000,2025-05-06T09:57:09Z,208
Media Asset,2938213,Art of storytelling-004,Art of storytelling-004,PB-Archives-A,2552280000,2025-05-06T09:47:34Z,208
Media Asset,2938211,PoliceChauki_MaheshMurder_Part2,PoliceChauki_MaheshMurder_Part2,DD Mumbai,1314200000,2025-05-06T09:46:45Z,208
Media Asset,2938210,Amplify India’s Global Identity,Amplify India’s Global Identity,PB-Archives-A,2936790204,2025-05-06T09:46:14Z,208
Media Asset,2938209,Generative AI - Partner or Passing Muse-004,Generative AI - Partner or Passing Muse-004,PB-Archives-A,2357600000,2025-05-06T09:45:25Z,208
Media Asset,2938208,Cross Cultural Storytelling-013,Cross Cultural Storytelling-013,PB-Archives-A,3480280000,2025-05-06T09:44:14Z,208
Media Asset,2938207,Branding India through Films-001,Branding India through Films-001,PB-Archives-A,3187120000,2025-05-06T09:43:44Z,208
Media Asset,2938206,Film industry and Financing challenges-002,Film industry and Financing challenges-002,PB-Archives-A,2675040000,2025-05-06T09:43:14Z,208
Media Asset,2938205,U,U,PB-Archives-A,6616200000,2025-05-06T09:40:34Z,208
Media Asset,2938202,U,U,PB-Archives-A,3984160000,2025-05-06T09:34:03Z,208
Media Asset,2938201,Swipes to Stories-016,Swipes to Stories-016,PB-Archives-A,1937360000,2025-05-06T09:33:53Z,208
Media Asset,2938199,Session with Netflix-010,Session with Netflix-010,PB-Archives-A,2359920000,2025-05-06T09:33:33Z,208
Media Asset,2938198,Radio Reimagined-009,Radio Reimagined-009,PB-Archives-A,2891200000,2025-05-06T09:31:12Z,208
Media Asset,2938197,RAMAYAN_S1_EP203,RAMAYAN_S1_EP203,Ramayana,1108880000,2025-05-06T09:09:19Z,208
Media Asset,2938195,RAMAYAN_S1_EP202,RAMAYAN_S1_EP202,Ramayana,1121000000,2025-05-06T09:08:29Z,208
Media Asset,2938194,RAMAYAN_S1_EP201,RAMAYAN_S1_EP201,Ramayana,1107000000,2025-05-06T09:07:40Z,208
Media Asset,2938191,Indian Culture to the World (Nita Ambani)-008,Indian Culture to the World (Nita Ambani)-008,PB-Archives-A,964240000,2025-05-06T09:02:28Z,208
Media Asset,2934655,The REAL STEM-004,The REAL STEM-004,PB-Archives-A,2020360000,2025-05-06T09:19:01Z,208
Media Asset,2934654,Media and Convergence Technology-012,Media and Convergence Technology-012,PB-Archives-A,2850160000,2025-05-06T09:16:50Z,208
Media Asset,2934653,UNIFYING POWER OF MEDIA,UNIFYING POWER OF MEDIA,PB-Archives-A,858080000,2025-05-06T09:16:10Z,208
Media Asset,2934652,India on World Studio Map (Aamir Khan)-020,India on World Studio Map (Aamir Khan)-020,PB-Archives-A,3022960000,2025-05-06T09:15:51Z,208
Media Asset,2934651,Global Media Dialogue-003,Global Media Dialogue-003,PB-Archives-A,9390000000,2025-05-06T09:15:20Z,208
Media Asset,2934650,Indian Music is Exporting Culture-016,Indian Music is Exporting Culture-016,PB-Archives-A,3164960000,2025-05-06T09:14:20Z,208
Media Asset,2934649,Hyper-Personalised Ad-017,Hyper-Personalised Ad-017,PB-Archives-A,2338400000,2025-05-06T09:13:00Z,208
Media Asset,2934648,India_s reach to Oscars-005,India_s reach to Oscars-005,PB-Archives-A,3219920000,2025-05-06T09:11:49Z,208
Media Asset,2934647,MADHYA PRADESH-007,MADHYA PRADESH-007,PB-Archives-A,2398960000,2025-05-06T09:10:28Z,208
Media Asset,2934646,Al in Gaming & Esports,Al in Gaming & Esports,PB-Archives-A,1219880000,2025-05-06T08:36:16Z,208
Media Asset,2934645,Session with Microsoft - Linkedin-004,Session with Microsoft - Linkedin-004,PB-Archives-A,2111360000,2025-05-06T08:36:16Z,208
Media Asset,2934644,Session with Microsoft-002,Session with Microsoft-002,PB-Archives-A,2150640000,2025-05-06T08:35:13Z,208
Media Asset,2934643,AI in Media and Entertainment-011,AI in Media and Entertainment-011,PB-Archives-A,1591120000,2025-05-06T08:35:12Z,208
Media Asset,2934642,Session on Anime Potential-006,Session on Anime Potential-006,PB-Archives-A,5510800000,2025-05-06T08:32:53Z,208
Media Asset,2934641,"The Journey (Shah Rukh, Deepika)-003","The Journey (Shah Rukh, Deepika)-003",PB-Archives-A,3056960000,2025-05-06T08:32:23Z,208
Media Asset,2934640,Regulating Broadcast in the Digital Age-004,Regulating Broadcast in the Digital Age-004,PB-Archives-A,3531720000,2025-05-06T08:30:26Z,208
Media Asset,2934639,Remembering Manoj Kumar-009,Remembering Manoj Kumar-009,PB-Archives-A,2376040000,2025-05-06T08:28:56Z,208
Media Asset,2934638,Session on GenAI-002,Session on GenAI-002,PB-Archives-A,2884560000,2025-05-06T08:28:37Z,208
Media Asset,2934637,Influencers & Global Culture-008,Influencers & Global Culture-008,PB-Archives-A,2460200000,2025-05-06T08:26:26Z,208
Media Asset,2934636,Session with NVIDIA-010,Session with NVIDIA-010,PB-Archives-A,3099440000,2025-05-06T08:25:35Z,208
Media Asset,2934635,The Future of Advertising,The Future of Advertising,PB-Archives-A,449320000,2025-05-06T08:24:46Z,208
Media Asset,2934634,Session with YouTube CEO,Session with YouTube CEO,PB-Archives-A,1020200000,2025-05-06T08:23:56Z,208
Media Asset,2934633,Brand Building & Culture-001,Brand Building & Culture-001,PB-Archives-A,2476480000,2025-05-06T08:21:18Z,208
Media Asset,2934632,Global Entertainment Revolution Mukesh Ambani,Global Entertainment Revolution Mukesh Ambani,PB-Archives-A,967320000,2025-05-06T08:21:18Z,208
Media Asset,2934631,Creative Bridges (Partnership UK & India),Creative Bridges (Partnership UK & India),PB-Archives-A,957160000,2025-05-06T08:21:18Z,208
Media Asset,2934630,LEGENDS (AKSHAY KUMAR),LEGENDS (AKSHAY KUMAR),PB-Archives-A,515560000,2025-05-06T08:20:14Z,208
Media Asset,2934629,Creativity in the Age of AI,Creativity in the Age of AI,PB-Archives-A,577360000,2025-05-06T08:20:14Z,208
Media Asset,2934628,Future of Media and Entertainment (M&E @100)-007,Future of Media and Entertainment (M&E @100)-007,PB-Archives-A,2634440000,2025-05-06T08:17:02Z,208
Media Asset,2934627,Audience Intelligence-001,Audience Intelligence-001,PB-Archives-A,2943320000,2025-05-06T08:15:58Z,208
Media Asset,2934626,Cinema in northeast India-002,Cinema in northeast India-002,PB-Archives-A,2372280000,2025-05-06T08:15:58Z,208
Media Asset,2934625,Cross-Border Productions-003,Cross-Border Productions-003,PB-Archives-A,2270760000,2025-05-06T08:15:58Z,208
Media Asset,2934624,Cinematic Universes_VFX-005,Cinematic Universes_VFX-005,PB-Archives-A,2095600000,2025-05-06T08:14:54Z,208
Media Asset,2934623,PoliceChauki_DinkarMurder_Part1,PoliceChauki_DinkarMurder_Part1,DD Mumbai,1228120000,2025-05-06T08:13:16Z,208
Media Asset,2934622,PoliceChauki_DevidMurder_Part2,PoliceChauki_DevidMurder_Part2,DD Mumbai,1076760000,2025-05-06T07:50:05Z,208
Media Asset,2934620,PoliceChauki_DevidMurder_Part1,PoliceChauki_DevidMurder_Part1,DD Mumbai,1250760000,2025-05-06T07:32:12Z,208
Media Asset,2934612,UMA & DEVAN_PROMO,UMA & DEVAN_PROMO,Toonz Media,42800000,2025-05-06T06:43:23Z,208
Media Asset,2931928,Global-First Startups-002,Global-First Startups-002,PB-Archives-A,1095000000,2025-05-06T09:01:28Z,208
Media Asset,2931927,Global Film and Streaming Economy-014,Global Film and Streaming Economy-014,PB-Archives-A,3201640000,2025-05-06T09:01:19Z,208
Media Asset,2931925,Human x Machine x Story,Human x Machine x Story,PB-Archives-A,1167120000,2025-05-06T08:59:07Z,208
Media Asset,2931924,Insights into Filmmaking-002,Insights into Filmmaking-002,PB-Archives-A,6216680000,2025-05-06T08:59:07Z,208
Media Asset,2931923,Changing Landscape of Streaming Content-015,Changing Landscape of Streaming Content-015,PB-Archives-A,2719880000,2025-05-06T08:57:49Z,208
Media Asset,2931921,Evolution of Storytelling in Digital Era-010,Evolution of Storytelling in Digital Era-010,PB-Archives-A,2449080000,2025-05-06T08:53:27Z,208
Media Asset,2931920,Future of Gaming-018,Future of Gaming-018,PB-Archives-A,2078720000,2025-05-06T08:52:16Z,208
Media Asset,2931919,Gen-Z Content & Trends,Gen-Z Content & Trends,PB-Archives-A,1270080000,2025-05-06T08:49:58Z,208
Media Asset,2931918,Youtube Creators Collective-001,Youtube Creators Collective-001,PB-Archives-A,3184920000,2025-05-06T08:49:36Z,208
Media Asset,2931917,The Craft of Direction (Farhan Akhtar)-003,The Craft of Direction (Farhan Akhtar)-003,PB-Archives-A,4297360000,2025-05-06T08:49:16Z,208
Media Asset,2931916,Google_ AI Skills-001,Google_ AI Skills-001,PB-Archives-A,4618800000,2025-05-06T08:48:15Z,208
Media Asset,2931915,Evolution of the Music-014,Evolution of the Music-014,PB-Archives-A,1504520000,2025-05-06T08:48:15Z,208
Media Asset,2931914,Changing Face of Indian Cinema-012,Changing Face of Indian Cinema-012,PB-Archives-A,2180520000,2025-05-06T08:47:18Z,208
Media Asset,2931913,PoliceChauki_DinkarMurder_Part2,PoliceChauki_DinkarMurder_Part2,DD Mumbai,1373920000,2025-05-06T08:44:15Z,208
Media Asset,2931912,Cinema The Soft Power (Kareena Kapoor)-005,Cinema The Soft Power (Kareena Kapoor)-005,PB-Archives-A,1515920000,2025-05-06T08:41:14Z,208
Media Asset,2931911,AI & Creator Economy-015,AI & Creator Economy-015,PB-Archives-A,2356640000,2025-05-06T08:40:27Z,208
Media Asset,2928243,UMA & DEVAN_EP 12_DR UMA AND DR DEVAN,UMA & DEVAN_EP 12_DR UMA AND DR DEVAN,Toonz Media,660240000,2025-05-05T12:35:42Z,208
Media Asset,2928242,UMA & DEVAN_EP 11_TREASURE IN THE DARK,UMA & DEVAN_EP 11_TREASURE IN THE DARK,Toonz Media,659840000,2025-05-05T12:35:42Z,208
Media Asset,2928241,UMA & DEVAN_EP 06_LIKE THE BIKE,UMA & DEVAN_EP 06_LIKE THE BIKE,Toonz Media,660280000,2025-05-05T12:33:04Z,208
Media Asset,2928240,UMA & DEVAN_EP 13_BEST PRESENT EVER,UMA & DEVAN_EP 13_BEST PRESENT EVER,Toonz Media,660360000,2025-05-05T12:33:04Z,208
Media Asset,2928239,UMA & DEVAN_EP 09_RAGA SAGA,UMA & DEVAN_EP 09_RAGA SAGA,Toonz Media,660440000,2025-05-05T12:33:04Z,208
Media Asset,2928238,UMA & DEVAN_EP 05_CAMP CHAOS,UMA & DEVAN_EP 05_CAMP CHAOS,Toonz Media,660320000,2025-05-05T12:33:04Z,208
Media Asset,2928237,UMA & DEVAN_EP 07_DEVAN-ADE,UMA & DEVAN_EP 07_DEVAN-ADE,Toonz Media,660240000,2025-05-05T12:33:04Z,208
Media Asset,2928236,UMA & DEVAN_EP 02_CRICKET BALL,UMA & DEVAN_EP 02_CRICKET BALL,Toonz Media,660320000,2025-05-05T12:32:03Z,208
Media Asset,2928235,UMA & DEVAN_EP 03_YOGA TO GO,UMA & DEVAN_EP 03_YOGA TO GO,Toonz Media,660280000,2025-05-05T12:32:03Z,208
Media Asset,2928234,UMA & DEVAN_EP 04_FISH OUT OF WATER,UMA & DEVAN_EP 04_FISH OUT OF WATER,Toonz Media,660320000,2025-05-05T12:32:03Z,208
Media Asset,2928233,UMA & DEVAN_EP 01_PET PEEVES,UMA & DEVAN_EP 01_PET PEEVES,Toonz Media,660880000,2025-05-05T12:32:03Z,208
Media Asset,2928229,SasuralJhunkiKa_Ep68,SasuralJhunkiKa_Ep68,DD Mumbai,1390000000,2025-05-05T11:33:50Z,208
Media Asset,2928209,Grameen shodhshalaein Ep 09,Grameen shodhshalaein Ep 09,DD Kisan,1313280000,2025-05-05T10:51:38Z,208
Media Asset,2928208,Grameen shodhshalaein Ep 08,Grameen shodhshalaein Ep 08,DD Kisan,1379480000,2025-05-05T10:49:39Z,208
Media Asset,2928207,Grameen shodhshalaein Ep 07,Grameen shodhshalaein Ep 07,DD Kisan,1510760000,2025-05-05T10:48:36Z,208
Media Asset,2927677,UMA & DEVAN_EP 23_HOLI MOLEY,UMA & DEVAN_EP 23_HOLI MOLEY,Toonz Media,660200000,2025-05-05T12:40:16Z,208
Media Asset,2927676,UMA & DEVAN_EP 24_WALKING TALL,UMA & DEVAN_EP 24_WALKING TALL,Toonz Media,660280000,2025-05-05T12:39:54Z,208
Media Asset,2927674,UMA & DEVAN_EP 18_DIWALO-WEEN,UMA & DEVAN_EP 18_DIWALO-WEEN,Toonz Media,660680000,2025-05-05T12:39:23Z,208
Media Asset,2927673,UMA & DEVAN_EP 19_DEVAN THE DESTROYER,UMA & DEVAN_EP 19_DEVAN THE DESTROYER,Toonz Media,660080000,2025-05-05T12:39:13Z,208
Media Asset,2927672,UMA & DEVAN_EP 26_OUR CRAZY COUSIN BROTHER,UMA & DEVAN_EP 26_OUR CRAZY COUSIN BROTHER,Toonz Media,660240000,2025-05-05T12:37:33Z,208
Media Asset,2927671,UMA & DEVAN_EP 20_THE SPRAIN GAMES,UMA & DEVAN_EP 20_THE SPRAIN GAMES,Toonz Media,660400000,2025-05-05T12:37:13Z,208
Media Asset,2927670,UMA & DEVAN_EP 22_DEVAN-LYMPICS,UMA & DEVAN_EP 22_DEVAN-LYMPICS,Toonz Media,660280000,2025-05-05T12:36:57Z,208
Media Asset,2927669,UMA & DEVAN_EP 21_MAMU MAHAL,UMA & DEVAN_EP 21_MAMU MAHAL,Toonz Media,660120000,2025-05-05T12:36:57Z,208
Media Asset,2927668,UMA & DEVAN_EP 25_DEVAN'S DENTAL ADVENTURE,UMA & DEVAN_EP 25_DEVAN'S DENTAL ADVENTURE,Toonz Media,660360000,2025-05-05T12:36:57Z,208
Media Asset,2927667,UMA & DEVAN_EP 15_DEVAN'S HOLE IN ONE,UMA & DEVAN_EP 15_DEVAN'S HOLE IN ONE,Toonz Media,660320000,2025-05-05T12:36:52Z,208
Media Asset,2927665,UMA & DEVAN_EP 16_CAN'T BEAT THE BHANGARA!,UMA & DEVAN_EP 16_CAN'T BEAT THE BHANGARA!,Toonz Media,661560000,2025-05-05T12:36:42Z,208
Media Asset,2927664,UMA & DEVAN_EP 08_SPICE IS RIGHT,UMA & DEVAN_EP 08_SPICE IS RIGHT,Toonz Media,660320000,2025-05-05T12:36:37Z,208
Media Asset,2927663,UMA & DEVAN_EP 17_THE RAKHI ROAD TO RESCUE,UMA & DEVAN_EP 17_THE RAKHI ROAD TO RESCUE,Toonz Media,660320000,2025-05-05T12:36:07Z,208
Media Asset,2927662,UMA & DEVAN_EP 14_UMA STAR,UMA & DEVAN_EP 14_UMA STAR,Toonz Media,660600000,2025-05-05T12:33:04Z,208
Media Asset,2927661,UMA & DEVAN_EP 10_SIBLING SWITCH,UMA & DEVAN_EP 10_SIBLING SWITCH,Toonz Media,660280000,2025-05-05T12:33:04Z,208
Media Asset,2927659,SasuralJhunkiKa_Ep66,SasuralJhunkiKa_Ep66,DD Mumbai,1403000000,2025-05-05T11:16:04Z,208
Media Asset,2927658,Grameen shodhshalaein Ep 12,Grameen shodhshalaein Ep 12,DD Kisan,1332160000,2025-05-05T11:11:16Z,208
Media Asset,2927657,Grameen shodhshalaein Ep 11,Grameen shodhshalaein Ep 11,DD Kisan,1377360000,2025-05-05T11:10:25Z,208
Media Asset,2927656,Grameen shodhshalaein Ep 10,Grameen shodhshalaein Ep 10,DD Kisan,1393320000,2025-05-05T11:06:37Z,208
Media Asset,2927613,RAMAYAN_S1_EP193,RAMAYAN_S1_EP193,Ramayana,1200000000,2025-05-05T10:23:53Z,208
Media Asset,2927612,RAMAYAN_S1_EP195,RAMAYAN_S1_EP195,Ramayana,1218000000,2025-05-05T10:23:53Z,208
Media Asset,2927611,RAMAYAN_S1_EP200,RAMAYAN_S1_EP200,Ramayana,1108400000,2025-05-05T10:23:53Z,208
Media Asset,2927610,RAMAYAN_S1_EP196,RAMAYAN_S1_EP196,Ramayana,1385000000,2025-05-05T10:23:53Z,208
Media Asset,2927609,RAMAYAN_S1_EP194,RAMAYAN_S1_EP194,Ramayana,1177360000,2025-05-05T10:23:53Z,208
Media Asset,2927608,RAMAYAN_S1_EP199,RAMAYAN_S1_EP199,Ramayana,1128000000,2025-05-05T10:23:53Z,208
Media Asset,2927607,RAMAYAN_S1_EP198,RAMAYAN_S1_EP198,Ramayana,1140000000,2025-05-05T10:23:53Z,208
Media Asset,2927606,RAMAYAN_S1_EP192,RAMAYAN_S1_EP192,Ramayana,1208000000,2025-05-05T10:23:53Z,208
Media Asset,2927605,RAMAYAN_S1_EP197,RAMAYAN_S1_EP197,Ramayana,1208000000,2025-05-05T10:23:53Z,208
Media Asset,2927590,SasuralJhunkiKa_Ep65,SasuralJhunkiKa_Ep65,DD Mumbai,1384000000,2025-05-05T10:15:08Z,208
Media Asset,2924872,MUJHSE SHAADI KAROGI.mp4,MUJHSE SHAADI KAROGI.mp4,WWR India,,2025-05-05T07:10:03Z,208
Media Asset,2924443,RAMAYAN_S1_EP191,RAMAYAN_S1_EP191,Ramayana,1183400000,2025-05-05T10:24:53Z,208
Media Asset,2924431,KBR_EP_96_MIX_MASTER_OTT,KBR_EP_96_MIX_MASTER_OTT,Sagar World,1491000000,2025-05-05T10:05:58Z,208
Media Asset,2924430,KBR_EP_97_MIX_MASTER_OTT,KBR_EP_97_MIX_MASTER_OTT,Sagar World,1489000000,2025-05-05T10:05:58Z,208
Media Asset,2924429,KBR_EP_98_MIX_MASTER_OTT,KBR_EP_98_MIX_MASTER_OTT,Sagar World,1472000000,2025-05-05T10:05:58Z,208
Media Asset,2924423,KBR_EP_95_MIX_MASTER_OTT,KBR_EP_95_MIX_MASTER_OTT,Sagar World,1522000000,2025-05-05T10:03:58Z,208
Media Asset,2924418,BHED BHARAM EP#119 4K MASTER,BHED BHARAM EP#119 4K MASTER,Sunshine Pictures,1342520000,2025-05-05T09:45:12Z,208
Media Asset,2924417,BHED BHARAM EP#118 4K MASTER,BHED BHARAM EP#118 4K MASTER,Sunshine Pictures,1438360000,2025-05-05T09:44:41Z,208
Media Asset,2924415,BHED BHARAM EP#116 4K MASTER,BHED BHARAM EP#116 4K MASTER,Sunshine Pictures,1410440000,2025-05-05T09:43:12Z,208
Media Asset,2924413,BHED BHARAM EP#115 4K MASTER,BHED BHARAM EP#115 4K MASTER,Sunshine Pictures,1371320000,2025-05-05T09:42:32Z,208
Media Asset,2924411,BHED BHARAM EP#114 4K MASTER,BHED BHARAM EP#114 4K MASTER,Sunshine Pictures,1377720000,2025-05-05T09:37:27Z,208
Media Asset,2924410,BHED BHARAM EP#108 4K MASTER,BHED BHARAM EP#108 4K MASTER,Sunshine Pictures,1367400000,2025-05-05T09:24:49Z,208
Media Asset,2924409,BHED BHARAM EP#106 4K MASTER,BHED BHARAM EP#106 4K MASTER,Sunshine Pictures,1459280000,2025-05-05T09:23:50Z,208
Media Asset,2924408,BHED BHARAM EP#107 4K MASTER,BHED BHARAM EP#107 4K MASTER,Sunshine Pictures,1391840000,2025-05-05T09:23:48Z,208
Media Asset,2924407,BHED BHARAM EP#104 4K MASTER,BHED BHARAM EP#104 4K MASTER,Sunshine Pictures,1483680000,2025-05-05T09:22:48Z,208
Media Asset,2924406,SasuralJhunkiKa_Ep60,SasuralJhunkiKa_Ep60,DD Mumbai,1378000000,2025-05-05T09:22:44Z,208
Media Asset,2924405,BHED BHARAM EP#103 4K MASTER,BHED BHARAM EP#103 4K MASTER,Sunshine Pictures,1350520000,2025-05-05T09:21:49Z,208
Media Asset,2924404,BHED BHARAM EP#102 4K MASTER,BHED BHARAM EP#102 4K MASTER,Sunshine Pictures,1327480000,2025-05-05T09:21:49Z,208
Media Asset,2924403,BHED BHARAM EP#100 4K MASTER,BHED BHARAM EP#100 4K MASTER,Sunshine Pictures,1365440000,2025-05-05T09:20:48Z,208
Media Asset,2924399,SasuralJhunkiKa_Ep59,SasuralJhunkiKa_Ep59,DD Mumbai,1329000000,2025-05-05T09:05:34Z,208
Media Asset,2924391,MaitraHeTaalSuranche_DiwaliVishesh_VivekSonar,MaitraHeTaalSuranche_DiwaliVishesh_VivekSonar,DD Mumbai,3305880000,2025-05-05T08:52:20Z,208
Media Asset,2924383,BHED BHARAM EP#99 4K MASTER,BHED BHARAM EP#99 4K MASTER,Sunshine Pictures,1410520000,2025-05-05T08:47:41Z,208
Media Asset,2924382,BHED BHARAM EP#97 4K MASTER,BHED BHARAM EP#97 4K MASTER,Sunshine Pictures,1348880000,2025-05-05T08:43:40Z,208
Media Asset,2924381,BHED BHARAM EP#96 4K MASTER,BHED BHARAM EP#96 4K MASTER,Sunshine Pictures,1342760000,2025-05-05T08:43:40Z,208
Media Asset,2924380,BHED BHARAM EP#95 4K MASTER,BHED BHARAM EP#95 4K MASTER,Sunshine Pictures,1349680000,2025-05-05T08:42:40Z,208
Media Asset,2924377,SasuralJhunkiKa_Ep58,SasuralJhunkiKa_Ep58,DD Mumbai,1322000000,2025-05-05T07:28:02Z,208
Media Asset,2924376,SasuralJhunkiKa_Ep57,SasuralJhunkiKa_Ep57,DD Mumbai,1350000000,2025-05-05T07:23:43Z,208
Media Asset,2924372,MaitraHeTaalSuranche_AadityaOke,MaitraHeTaalSuranche_AadityaOke,DD Mumbai,3222480000,2025-05-05T07:11:12Z,208
Media Asset,2924369,SasuralJhunkiKa_Ep56,SasuralJhunkiKa_Ep56,DD Mumbai,1327000000,2025-05-05T07:09:52Z,208
Media Asset,2924368,SasuralJhunkiKa_Ep54,SasuralJhunkiKa_Ep54,DD Mumbai,1391000000,2025-05-05T07:06:43Z,208
Media Asset,2924367,Jiban,Jiban,DD Tripura,3309640000,2025-05-05T07:05:03Z,208
Media Asset,2924366,Hajabarala Basanta,Hajabarala Basanta,DD Tripura,1395040000,2025-05-05T07:03:41Z,208
Media Asset,2924365,SasuralJhunkiKa_Ep55,SasuralJhunkiKa_Ep55,DD Mumbai,1367000000,2025-05-05T07:01:51Z,208
Media Asset,2924364,Collegedays_Ep_18,Collegedays_Ep_18,DDK Hyderabad,3345200000,2025-05-05T06:47:30Z,208
Media Asset,2924362,Collegedays_Ep_17,Collegedays_Ep_17,DDK Hyderabad,3282440000,2025-05-05T06:46:30Z,208
Media Asset,2924361,Collegedays_Ep_16,Collegedays_Ep_16,DDK Hyderabad,3095760000,2025-05-05T06:45:29Z,208
Media Asset,2924360,Collegedays_Ep_14,Collegedays_Ep_14,DDK Hyderabad,3281160000,2025-05-05T06:36:49Z,208
Media Asset,2924359,Collegedays_Ep_13,Collegedays_Ep_13,DDK Hyderabad,3018920000,2025-05-05T06:35:48Z,208
Media Asset,2924358,Collegedays_Ep_12,Collegedays_Ep_12,DDK Hyderabad,3327920000,2025-05-05T06:32:25Z,208
Media Asset,2924357,SasuralJhunkiKa_Ep53,SasuralJhunkiKa_Ep53,DD Mumbai,1350000000,2025-05-05T06:31:07Z,208
Media Asset,2924355,Collegedays_Ep_10,Collegedays_Ep_10,DDK Hyderabad,3442080000,2025-05-05T06:27:24Z,208
Media Asset,2923739,SasuralJhunkiKa_Ep64,SasuralJhunkiKa_Ep64,DD Mumbai,1358000000,2025-05-05T10:01:56Z,208
Media Asset,2923732,SasuralJhunkiKa_Ep63,SasuralJhunkiKa_Ep63,DD Mumbai,1360000000,2025-05-05T09:49:51Z,208
Media Asset,2923730,SasuralJhunkiKa_Ep62,SasuralJhunkiKa_Ep62,DD Mumbai,1359000000,2025-05-05T09:48:23Z,208
Media Asset,2923729,BHED BHARAM EP#120 4K MASTER,BHED BHARAM EP#120 4K MASTER,Sunshine Pictures,1469520000,2025-05-05T09:47:33Z,208
Media Asset,2923727,BHED BHARAM EP#113 4K MASTER,BHED BHARAM EP#113 4K MASTER,Sunshine Pictures,1407640000,2025-05-05T09:36:49Z,208
Media Asset,2923725,SasuralJhunkiKa_Ep61,SasuralJhunkiKa_Ep61,DD Mumbai,1394000000,2025-05-05T09:35:00Z,208
Media Asset,2923724,BHED BHARAM EP#112 4K MASTER,BHED BHARAM EP#112 4K MASTER,Sunshine Pictures,1432640000,2025-05-05T09:34:59Z,208
Media Asset,2923723,BHED BHARAM EP#111 4K MASTER,BHED BHARAM EP#111 4K MASTER,Sunshine Pictures,1387000000,2025-05-05T09:34:39Z,208
Media Asset,2923721,BHED BHARAM EP#110 4K MASTER,BHED BHARAM EP#110 4K MASTER,Sunshine Pictures,1354960000,2025-05-05T09:33:58Z,208
Media Asset,2923693,BHED BHARAM EP#109 4K MASTER,BHED BHARAM EP#109 4K MASTER,Sunshine Pictures,1377560000,2025-05-05T09:26:49Z,208
Media Asset,2923692,BHED BHARAM EP#105 4K MASTER,BHED BHARAM EP#105 4K MASTER,Sunshine Pictures,1430920000,2025-05-05T09:22:49Z,208
Media Asset,2923691,BHED BHARAM EP#101 4K MASTER,BHED BHARAM EP#101 4K MASTER,Sunshine Pictures,1401760000,2025-05-05T09:21:49Z,208
Media Asset,2923679,BHED BHARAM EP#98 4K MASTER,BHED BHARAM EP#98 4K MASTER,Sunshine Pictures,1398200000,2025-05-05T08:47:41Z,208
Media Asset,2923677,Binodini Epi 01,Binodini Epi 01,DD Tripura,1481725688,2025-05-05T06:56:01Z,208
Media Asset,2923675,KOG Bind Epi 19,KOG Bind Epi 19,DD Tripura,2595920000,2025-05-05T06:52:50Z,208
Media Asset,2923674,KOG Bind Epi 18,KOG Bind Epi 18,DD Tripura,2643840000,2025-05-05T06:52:19Z,208
Media Asset,2923672,Collegedays_Ep_20,Collegedays_Ep_20,DDK Hyderabad,3481120000,2025-05-05T06:50:32Z,208
Media Asset,2923671,Collegedays_Ep_19,Collegedays_Ep_19,DDK Hyderabad,3411440000,2025-05-05T06:49:31Z,208
Media Asset,2923669,Collegedays_Ep_15,Collegedays_Ep_15,DDK Hyderabad,3018840000,2025-05-05T06:45:29Z,208
Media Asset,2923668,Collegedays_Ep_11,Collegedays_Ep_11,DDK Hyderabad,3147080000,2025-05-05T06:28:24Z,208
Media Asset,2923654,MUJHSE SHADI KAROGI,MUJHSE SHADI KAROGI,WWR India,8305000000,2025-05-05T06:07:53Z,208
Media Asset,2923653,RAKTCHARITRA,RAKTCHARITRA,WWR India,6563120000,2025-05-05T06:07:53Z,208
Media Asset,2919404,Ruma Bind 25,Ruma Bind 25,DD Tripura,2935920000,2025-05-05T06:23:12Z,208
Media Asset,2919403,SasuralJhunkiKa_Ep52,SasuralJhunkiKa_Ep52,DD Mumbai,1347000000,2025-05-05T06:23:04Z,208
Media Asset,2919402,AATA_PAATA_Ep_26,AATA_PAATA_Ep_26,DDK Hyderabad,3374920000,2025-05-05T06:21:22Z,208
Media Asset,2919401,Folk 7,Folk 7,DD Tripura,1287120000,2025-05-05T06:21:11Z,208
Media Asset,2919400,AATA_PAATA_Ep_25,AATA_PAATA_Ep_25,DDK Hyderabad,3398400000,2025-05-05T06:20:22Z,208
Media Asset,2919399,SasuralJhunkiKa_Ep51,SasuralJhunkiKa_Ep51,DD Mumbai,1360000000,2025-05-05T06:16:13Z,208
Media Asset,2919349,CHARCHA MEIN DHARAMVEER CHANDEL,CHARCHA MEIN DHARAMVEER CHANDEL,DD Rajasthan,1525520000,2025-05-03T07:05:59Z,208
Media Asset,2919348,CHARCHA MEIN ASHUTOSH SHARMA,CHARCHA MEIN ASHUTOSH SHARMA,DD Rajasthan,1647640000,2025-05-03T07:04:59Z,208
Media Asset,2919347,CHARCHA MEIN ARVUND PALAWAT,CHARCHA MEIN ARVUND PALAWAT,DD Rajasthan,1615240000,2025-05-03T07:04:00Z,208
Media Asset,2919324,THARIGONDAVENGAMABMA_ TELEFILM,THARIGONDAVENGAMABMA_ TELEFILM,DDK Hyderabad,2937237333,2025-05-03T06:10:11Z,208
Media Asset,2919323,TELANGANA_KESARI_SARDAR_JAMALAPURAM_KESAVARAO_TELEFILM,TELANGANA_KESARI_SARDAR_JAMALAPURAM_KESAVARAO_TELEFILM,DDK Hyderabad,3683960000,2025-05-03T06:10:11Z,208
Media Asset,2919319,Grameen shodhshalaein Ep 04,Grameen shodhshalaein Ep 04,DD Kisan,1389920000,2025-05-03T06:01:09Z,208
Media Asset,2919316,Grameen shodhshalaein Ep 05,Grameen shodhshalaein Ep 05,DD Kisan,1324040000,2025-05-03T06:01:04Z,208
Media Asset,2918682,CHARCHA MEIN ANIL TAK,CHARCHA MEIN ANIL TAK,DD Rajasthan,1666640000,2025-05-03T06:57:57Z,208
Media Asset,2918662,Grameen shodhshalaein Ep 06,Grameen shodhshalaein Ep 06,DD Kisan,1265360000,2025-05-03T05:56:42Z,208
Media Asset,2918661,Grameen shodhshalaein   Ep 03,Grameen shodhshalaein   Ep 03,DD Kisan,1367800000,2025-05-03T05:54:46Z,208
Media Asset,2918660,Grameen shodhshalaein Ep 02,Grameen shodhshalaein Ep 02,DD Kisan,1342240000,2025-05-03T05:54:09Z,208
Media Asset,2918597,Grameen shodhshalaein Ep 01,Grameen shodhshalaein Ep 01,DD Kisan,1430560000,2025-05-03T05:41:43Z,208
Media Asset,2915970,CYBER ALERT EP 18,CYBER ALERT EP 18,DD News,1555600000,2025-05-02T13:19:48Z,208
Media Asset,2915969,CYBER ALERT EP 25 for digital,CYBER ALERT EP 25 for digital,DD News,1638320000,2025-05-02T13:17:47Z,208
Media Asset,2915968,CYBER ALERT EP 24 for digital,CYBER ALERT EP 24 for digital,DD News,1508120000,2025-05-02T13:16:46Z,208
Media Asset,2915967,CYBER ALERT EP 23 FOR DIGITAL,CYBER ALERT EP 23 FOR DIGITAL,DD News,1482200000,2025-05-02T13:15:46Z,208
Media Asset,2915966,CYBER ALERT EP 22 FINAL for digital,CYBER ALERT EP 22 FINAL for digital,DD News,1546920000,2025-05-02T13:14:45Z,208
Media Asset,2915965,CYBER ALERT FINAL EP 21,CYBER ALERT FINAL EP 21,DD News,1498800000,2025-05-02T13:14:45Z,208
Media Asset,2915964,SasuralJhunkiKa_Ep50,SasuralJhunkiKa_Ep50,DD Mumbai,1340000000,2025-05-02T12:27:37Z,208
Media Asset,2915963,SasuralJhunkiKa_Ep49,SasuralJhunkiKa_Ep49,DD Mumbai,1369040000,2025-05-02T12:14:26Z,208
Media Asset,2915962,SasuralJhunkiKa_Ep48,SasuralJhunkiKa_Ep48,DD Mumbai,1383000000,2025-05-02T12:02:35Z,208
Media Asset,2915923,SasuralJhunkiKa_Ep44,SasuralJhunkiKa_Ep44,DD Mumbai,1349000000,2025-05-02T11:20:43Z,208
Media Asset,2915919,SasuralJhunkiKa_Ep40,SasuralJhunkiKa_Ep40,DD Mumbai,1368000000,2025-05-02T10:08:21Z,208
Media Asset,2915884,SasuralJhunkiKa_Ep39,SasuralJhunkiKa_Ep39,DD Mumbai,1339000000,2025-05-02T09:55:50Z,208
Media Asset,2915873,SasuralJhunkiKa_Ep36,SasuralJhunkiKa_Ep36,DD Mumbai,1350040000,2025-05-02T09:30:26Z,208
Media Asset,2912297,RAMAYAN_S1_EP187,RAMAYAN_S1_EP187,Ramayana,1194000000,2025-05-02T09:00:49Z,208
Media Asset,2912296,RAMAYAN_S1_EP183,RAMAYAN_S1_EP183,Ramayana,1120000000,2025-05-02T09:00:29Z,208
Media Asset,2912295,RAMAYAN_S1_EP185,RAMAYAN_S1_EP185,Ramayana,1183000000,2025-05-02T09:00:29Z,208
Media Asset,2912246,SasuralJhunkiKa_Ep32,SasuralJhunkiKa_Ep32,DD Mumbai,1346000000,2025-05-02T08:15:34Z,208
Media Asset,2912245,SasuralJhunkiKa_Ep31,SasuralJhunkiKa_Ep31,DD Mumbai,1329000000,2025-05-02T08:08:49Z,208
Media Asset,2912244,SasuralJhunkiKa_Ep30,SasuralJhunkiKa_Ep30,DD Mumbai,1355000000,2025-05-02T08:02:21Z,208
Media Asset,2912243,SasuralJhunkiKa_Ep29,SasuralJhunkiKa_Ep29,DD Mumbai,1386000000,2025-05-02T07:55:44Z,208
Media Asset,2912241,SasuralJhunkiKa_Ep28,SasuralJhunkiKa_Ep28,DD Mumbai,1325000000,2025-05-02T07:48:33Z,208
Media Asset,2912225,SasuralJhunkiKa_Ep47,SasuralJhunkiKa_Ep47,DD Mumbai,1348000000,2025-05-02T11:49:21Z,208
Media Asset,2912224,SasuralJhunkiKa_Ep46,SasuralJhunkiKa_Ep46,DD Mumbai,1348000000,2025-05-02T11:37:50Z,208
Media Asset,2912223,SasuralJhunkiKa_Ep45,SasuralJhunkiKa_Ep45,DD Mumbai,1343000000,2025-05-02T11:27:46Z,208
Media Asset,2912220,SasuralJhunkiKa_Ep43,SasuralJhunkiKa_Ep43,DD Mumbai,1328000000,2025-05-02T11:14:03Z,208
Media Asset,2912219,SasuralJhunkiKa_Ep42,SasuralJhunkiKa_Ep42,DD Mumbai,1342000000,2025-05-02T11:07:38Z,208
Media Asset,2912217,SasuralJhunkiKa_Ep41,SasuralJhunkiKa_Ep41,DD Mumbai,1361000000,2025-05-02T11:01:06Z,208
Media Asset,2912203,SasuralJhunkiKa_Ep38,SasuralJhunkiKa_Ep38,DD Mumbai,1365000000,2025-05-02T09:44:08Z,208
Media Asset,2912198,SasuralJhunkiKa_Ep37,SasuralJhunkiKa_Ep37,DD Mumbai,1377000000,2025-05-02T09:32:08Z,208
Media Asset,2912188,SasuralJhunkiKa_Ep35,SasuralJhunkiKa_Ep35,DD Mumbai,1333000000,2025-05-02T09:13:31Z,208
Media Asset,2912187,SasuralJhunkiKa_Ep34,SasuralJhunkiKa_Ep34,DD Mumbai,1342000000,2025-05-02T09:06:07Z,208
Media Asset,2912185,RAMAYAN_S1_EP188,RAMAYAN_S1_EP188,Ramayana,1117000000,2025-05-02T09:00:59Z,208
Media Asset,2912184,RAMAYAN_S1_EP186,RAMAYAN_S1_EP186,Ramayana,1165600000,2025-05-02T09:00:49Z,208
Media Asset,2912172,SasuralJhunkiKa_Ep33,SasuralJhunkiKa_Ep33,DD Mumbai,1348000000,2025-05-02T08:59:32Z,208
Media Asset,2912170,RAMAYAN_S1_EP182,RAMAYAN_S1_EP182,Ramayana,1135000000,2025-05-02T08:57:29Z,208
Media Asset,2912169,RAMAYAN_S1_EP184,RAMAYAN_S1_EP184,Ramayana,1100800000,2025-05-02T08:55:57Z,208
Media Asset,2912168,RAMAYAN_S1_EP181,RAMAYAN_S1_EP181,Ramayana,1202600000,2025-05-02T08:55:47Z,208
Media Asset,2912167,RAMAYAN_S1_EP168,RAMAYAN_S1_EP168,Ramayana,1220800000,2025-05-02T08:54:57Z,208
Media Asset,2912165,RAMAYAN_S1_EP172,RAMAYAN_S1_EP172,Ramayana,1120800000,2025-05-02T08:53:07Z,208
Media Asset,2912164,RAMAYAN_S1_EP171,RAMAYAN_S1_EP171,Ramayana,1230000000,2025-05-02T08:52:57Z,208
Media Asset,2912163,RAMAYAN_S1_EP173,RAMAYAN_S1_EP173,Ramayana,1163400000,2025-05-02T08:52:47Z,208
Media Asset,2912162,RAMAYAN_S1_EP190,RAMAYAN_S1_EP190,Ramayana,1176000000,2025-05-02T08:52:27Z,208
Media Asset,2912161,RAMAYAN_S1_EP167,RAMAYAN_S1_EP167,Ramayana,1144800000,2025-05-02T08:52:07Z,208
Media Asset,2912160,RAMAYAN_S1_EP169,RAMAYAN_S1_EP169,Ramayana,1178440000,2025-05-02T08:51:26Z,208
Media Asset,2912158,RAMAYAN_S1_EP170,RAMAYAN_S1_EP170,Ramayana,1239800000,2025-05-02T08:45:27Z,208
Media Asset,2912157,RAMAYAN_S1_EP166,RAMAYAN_S1_EP166,Ramayana,1307000000,2025-05-02T08:45:27Z,208
Media Asset,2912156,RAMAYAN_S1_EP189,RAMAYAN_S1_EP189,Ramayana,1120000000,2025-05-02T08:45:27Z,208
Media Asset,2912155,RAMAYAN_S1_EP176,RAMAYAN_S1_EP176,Ramayana,1090800000,2025-05-02T08:44:26Z,208
Media Asset,2912154,RAMAYAN_S1_EP179,RAMAYAN_S1_EP179,Ramayana,1200000000,2025-05-02T08:44:26Z,208
Media Asset,2912153,RAMAYAN_S1_EP178,RAMAYAN_S1_EP178,Ramayana,1195000000,2025-05-02T08:44:26Z,208
Media Asset,2912152,RAMAYAN_S1_EP175,RAMAYAN_S1_EP175,Ramayana,1241000000,2025-05-02T08:44:26Z,208
Media Asset,2912151,RAMAYAN_S1_EP174,RAMAYAN_S1_EP174,Ramayana,1126840000,2025-05-02T08:44:26Z,208
Media Asset,2912150,RAMAYAN_S1_EP177,RAMAYAN_S1_EP177,Ramayana,1216000000,2025-05-02T08:44:26Z,208
Media Asset,2912149,RAMAYAN_S1_EP180,RAMAYAN_S1_EP180,Ramayana,1199600000,2025-05-02T08:43:26Z,208
Media Asset,2912147,MaitraHeTaalSuranche_Suresh Tawalkar_Part1,MaitraHeTaalSuranche_Suresh Tawalkar_Part1,DD Mumbai,3206600000,2025-05-02T08:31:08Z,208
Media Asset,2912146,CYBER ALERT EP 20 For Digital,CYBER ALERT EP 20 For Digital,DD News,1601680000,2025-05-02T07:08:52Z,208
Media Asset,2912144,CYBER ALERT EP 19 for digital,CYBER ALERT EP 19 for digital,DD News,1670120000,2025-05-02T06:57:46Z,208
Media Asset,2912136,SPEED RACER NEXT GENERATION_PROMO,SPEED RACER NEXT GENERATION_PROMO,Toonz Media,42840000,2025-05-02T06:21:17Z,208
Media Asset,2907837,SPEED RACER NEXT GENERATION_EP 26_SHRINKAGE!,SPEED RACER NEXT GENERATION_EP 26_SHRINKAGE!,Toonz Media,1275920000,2025-05-02T05:36:55Z,208
Media Asset,2907836,SPEED RACER NEXT GENERATION_EP 24_THE IRON TERROR PART 3,SPEED RACER NEXT GENERATION_EP 24_THE IRON TERROR PART 3,Toonz Media,1267000000,2025-05-02T05:36:55Z,208
Media Asset,2907835,SPEED RACER NEXT GENERATION_EP 25_GOTCHA!,SPEED RACER NEXT GENERATION_EP 25_GOTCHA!,Toonz Media,1286280000,2025-05-02T05:36:05Z,208
Media Asset,2907834,SPEED RACER NEXT GENERATION_EP 23_THE IRON TERROR PART 2,SPEED RACER NEXT GENERATION_EP 23_THE IRON TERROR PART 2,Toonz Media,1283960000,2025-05-02T05:36:05Z,208
Media Asset,2907833,SPEED RACER NEXT GENERATION_EP 17_THE SHADOW WORLD PART 2,SPEED RACER NEXT GENERATION_EP 17_THE SHADOW WORLD PART 2,Toonz Media,1291920000,2025-05-02T05:33:14Z,208
Media Asset,2907832,SPEED RACER NEXT GENERATION_EP 13_RACING WITH THE ENEMY PART 1,SPEED RACER NEXT GENERATION_EP 13_RACING WITH THE ENEMY PART 1,Toonz Media,1294960000,2025-05-02T05:33:14Z,208
Media Asset,2907831,SPEED RACER NEXT GENERATION_EP 15_RACING WITH THE ENEMY PART 3,SPEED RACER NEXT GENERATION_EP 15_RACING WITH THE ENEMY PART 3,Toonz Media,1273520000,2025-05-02T05:28:14Z,208
Media Asset,2907830,SPEED RACER NEXT GENERATION_EP 14_RACING WITH THE ENEMY PART 2,SPEED RACER NEXT GENERATION_EP 14_RACING WITH THE ENEMY PART 2,Toonz Media,1293000000,2025-05-02T05:26:52Z,208
Media Asset,2907829,SPEED RACER NEXT GENERATION_EP 11_THE HUNT FOR TRUTH PART 2,SPEED RACER NEXT GENERATION_EP 11_THE HUNT FOR TRUTH PART 2,Toonz Media,1279000000,2025-05-02T05:19:15Z,208
Media Asset,2907828,SPEED RACER NEXT GENERATION_EP 03_THE RETURN PART 3,SPEED RACER NEXT GENERATION_EP 03_THE RETURN PART 3,Toonz Media,1286640000,2025-05-02T05:18:12Z,208
Media Asset,2907752,SPEED RACER NEXT GENERATION_EP 22_THE IRON TERROR PART 1,SPEED RACER NEXT GENERATION_EP 22_THE IRON TERROR PART 1,Toonz Media,1277960000,2025-05-02T05:33:04Z,208
Media Asset,2907751,SPEED RACER NEXT GENERATION_EP 21_FAMILY REUNION PART 3,SPEED RACER NEXT GENERATION_EP 21_FAMILY REUNION PART 3,Toonz Media,1273720000,2025-05-02T05:33:04Z,208
Media Asset,2907750,SPEED RACER NEXT GENERATION_EP 12_THE HUNT FOR TRUTH PART 3,SPEED RACER NEXT GENERATION_EP 12_THE HUNT FOR TRUTH PART 3,Toonz Media,1261760000,2025-05-02T05:28:33Z,208
Media Asset,2907749,SPEED RACER NEXT GENERATION_EP 18_THE SHADOW WORLD PART 3,SPEED RACER NEXT GENERATION_EP 18_THE SHADOW WORLD PART 3,Toonz Media,1316720000,2025-05-02T05:28:14Z,208
Media Asset,2907748,SPEED RACER NEXT GENERATION_EP 19_FAMILY REUNION PART 1,SPEED RACER NEXT GENERATION_EP 19_FAMILY REUNION PART 1,Toonz Media,1267560000,2025-05-02T05:28:14Z,208
Media Asset,2907747,SPEED RACER NEXT GENERATION_EP 16_THE SHADOW WORLD PART 1,SPEED RACER NEXT GENERATION_EP 16_THE SHADOW WORLD PART 1,Toonz Media,1295600000,2025-05-02T05:27:43Z,208
Media Asset,2907746,SPEED RACER NEXT GENERATION_EP 20_FAMILY REUNION PART 2,SPEED RACER NEXT GENERATION_EP 20_FAMILY REUNION PART 2,Toonz Media,1295520000,2025-05-02T05:27:03Z,208
Media Asset,2907744,SPEED RACER NEXT GENERATION_EP 04_TOGETHER WE STAND PART 1,SPEED RACER NEXT GENERATION_EP 04_TOGETHER WE STAND PART 1,Toonz Media,1273880000,2025-05-02T05:19:15Z,208
Media Asset,2907743,SPEED RACER NEXT GENERATION_EP 07_THE HOURGLASS PART 1,SPEED RACER NEXT GENERATION_EP 07_THE HOURGLASS PART 1,Toonz Media,1292680000,2025-05-02T05:19:15Z,208
Media Asset,2907742,SPEED RACER NEXT GENERATION_EP 09_THE HOURGLASS PART 3,SPEED RACER NEXT GENERATION_EP 09_THE HOURGLASS PART 3,Toonz Media,1311240000,2025-05-02T05:19:15Z,208
Media Asset,2907741,SPEED RACER NEXT GENERATION_EP 06_TOGETHER WE STAND PART 3,SPEED RACER NEXT GENERATION_EP 06_TOGETHER WE STAND PART 3,Toonz Media,1294080000,2025-05-02T05:19:15Z,208
Media Asset,2907740,SPEED RACER NEXT GENERATION_EP 08_THE HOURGLASS PART 2,SPEED RACER NEXT GENERATION_EP 08_THE HOURGLASS PART 2,Toonz Media,1321440000,2025-05-02T05:19:15Z,208
Media Asset,2907739,SPEED RACER NEXT GENERATION_EP 10_THE HUNT FOR TRUTH PART 1,SPEED RACER NEXT GENERATION_EP 10_THE HUNT FOR TRUTH PART 1,Toonz Media,1314800000,2025-05-02T05:19:15Z,208
Media Asset,2907738,SPEED RACER NEXT GENERATION_EP 05_TOGETHER WE STAND PART 2,SPEED RACER NEXT GENERATION_EP 05_TOGETHER WE STAND PART 2,Toonz Media,1321760000,2025-05-02T05:19:15Z,208
Media Asset,2907737,SPEED RACER NEXT GENERATION_EP 01_THE RETURN PART 1,SPEED RACER NEXT GENERATION_EP 01_THE RETURN PART 1,Toonz Media,1285200000,2025-05-02T05:18:12Z,208
Media Asset,2907736,SPEED RACER NEXT GENERATION_EP 02_THE RETURN PART 2,SPEED RACER NEXT GENERATION_EP 02_THE RETURN PART 2,Toonz Media,1322160000,2025-05-02T05:18:12Z,208
Media Asset,2906789,SasuralJhunkiKa_Ep27,SasuralJhunkiKa_Ep27,DD Mumbai,1354000000,2025-05-01T12:33:44Z,208
Media Asset,2906788,MaitraheTaalSuranche_RajendraBhave,MaitraheTaalSuranche_RajendraBhave,DD Mumbai,3398400000,2025-05-01T12:31:13Z,208
Media Asset,2906787,BOB EP 23 FOR WAVES,BOB EP 23 FOR WAVES,DD National,2832880000,2025-05-01T12:30:22Z,208
Media Asset,2906786,BOB EP 22 FOR WAVES,BOB EP 22 FOR WAVES,DD National,2773200000,2025-05-01T12:29:53Z,208
Media Asset,2906785,BOB EP 21 FOR WAVES,BOB EP 21 FOR WAVES,DD National,2807320000,2025-05-01T12:27:03Z,208
Media Asset,2906784,BOB EP 24 FOR WAVES,BOB EP 24 FOR WAVES,DD National,2802000000,2025-05-01T12:26:52Z,208
Media Asset,2906783,BOB EP 18  FOR WAVES,BOB EP 18  FOR WAVES,DD National,2804120000,2025-05-01T12:26:32Z,208
Media Asset,2906782,BOB EP 17  FOR WAVES,BOB EP 17  FOR WAVES,DD National,2634640000,2025-05-01T12:26:22Z,208
Media Asset,2906781,BOB EP 16  FOR WAVES,BOB EP 16  FOR WAVES,DD National,2806480000,2025-05-01T12:25:22Z,208
Media Asset,2906780,BOB EP 19  FOR WAVES,BOB EP 19  FOR WAVES,DD National,2761600000,2025-05-01T12:23:51Z,208
Media Asset,2905305,BOB EP 15  FOR WAVES,BOB EP 15  FOR WAVES,DD National,2766200000,2025-05-01T12:20:40Z,208
Media Asset,2905292,BOB EP 20 FOR WAVES,BOB EP 20 FOR WAVES,DD National,2818920000,2025-05-01T12:19:32Z,208
Media Asset,2905290,BOB EP 14  FOR WAVES,BOB EP 14  FOR WAVES,DD National,2790160000,2025-05-01T12:16:20Z,208
Media Asset,2905288,BOB EP 13  FOR WAVES,BOB EP 13  FOR WAVES,DD National,2790440000,2025-05-01T12:13:02Z,208
Media Asset,2905287,BOB EP 11  FOR WAVES,BOB EP 11  FOR WAVES,DD National,2835200000,2025-05-01T12:12:41Z,208
Media Asset,2905286,BOB EP 10 FOR WAVES,BOB EP 10 FOR WAVES,DD National,2730600000,2025-05-01T12:12:30Z,208
Media Asset,2905284,SasuralJhunkiKa_Ep26,SasuralJhunkiKa_Ep26,DD Mumbai,1374000000,2025-05-01T12:07:07Z,208
Media Asset,2905282,BOB EP 09 FOR WAVES,BOB EP 09 FOR WAVES,DD National,2747600000,2025-05-01T12:01:47Z,208
Media Asset,2905281,BOB EP 03 FOR WAVES,BOB EP 03 FOR WAVES,DD National,2828160000,2025-05-01T12:00:45Z,208
Media Asset,2905280,BOB EP 04 FOR WAVES,BOB EP 04 FOR WAVES,DD National,2818840000,2025-05-01T12:00:02Z,208
Media Asset,2905278,RE_Sarpanch_Sahab_EP_03,RE_Sarpanch_Sahab_EP_03,Shakti Sagar Productions,1712083333,2025-05-01T11:45:34Z,208
Media Asset,2905273,SasuralJhunkiKa_Ep20,SasuralJhunkiKa_Ep20,DD Mumbai,1377000000,2025-05-01T11:32:56Z,208
Media Asset,2905268,SasuralJhunkiKa_Ep19,SasuralJhunkiKa_Ep19,DD Mumbai,1312000000,2025-05-01T11:25:13Z,208
Media Asset,2905265,SasuralJhunkiKa_Ep16,SasuralJhunkiKa_Ep16,DD Mumbai,1389000000,2025-05-01T11:05:45Z,208
Media Asset,2904794,BOB EP 05 FOR WAVES,BOB EP 05 FOR WAVES,DD National,2817320000,2025-05-01T11:59:42Z,208
Media Asset,2904792,BOB EP 06 FOR WAVES,BOB EP 06 FOR WAVES,DD National,2842640000,2025-05-01T11:59:42Z,208
Media Asset,2904790,BOB EP 08 FOR WAVES,BOB EP 08 FOR WAVES,DD National,2820560000,2025-05-01T11:58:40Z,208
Media Asset,2904789,BOB EP 07 FOR WAVES,BOB EP 07 FOR WAVES,DD National,2831800000,2025-05-01T11:58:40Z,208
Media Asset,2904785,BOB EP 02 FOR WAVES,BOB EP 02 FOR WAVES,DD National,2741040000,2025-05-01T11:54:31Z,208
Media Asset,2904784,BOB EP 01 FOR WAVES,BOB EP 01 FOR WAVES,DD National,2732840000,2025-05-01T11:54:31Z,208
Media Asset,2904783,BOB EP 12  FOR WAVES,BOB EP 12  FOR WAVES,DD National,2751920000,2025-05-01T11:19:10Z,208
Media Asset,2904782,SasuralJhunkiKa_Ep18,SasuralJhunkiKa_Ep18,DD Mumbai,1411000000,2025-05-01T11:18:41Z,208
Media Asset,2904777,Dial100_VishwasKudalkar_Part02,Dial100_VishwasKudalkar_Part02,DD Mumbai,1092440000,2025-05-01T11:14:04Z,208
Media Asset,2904776,SasuralJhunkiKa_Ep17,SasuralJhunkiKa_Ep17,DD Mumbai,1363000000,2025-05-01T11:12:00Z,208
Media Asset,2904763,MaitraheTaalSuranche_Madhav Pawar_Part02,MaitraheTaalSuranche_Madhav Pawar_Part02,DD Mumbai,2077600000,2025-05-01T10:16:26Z,208
Media Asset,2903256,RAMAYAN_S1_EP164,RAMAYAN_S1_EP164,Ramayana,1297000000,2025-05-01T06:59:00Z,208
Media Asset,2903255,RAMAYAN_S1_EP159,RAMAYAN_S1_EP159,Ramayana,1078000000,2025-05-01T06:57:58Z,208
Media Asset,2903254,RAMAYAN_S1_EP150,RAMAYAN_S1_EP150,Ramayana,1048000000,2025-05-01T06:57:58Z,208
Media Asset,2903253,RAMAYAN_S1_EP146,RAMAYAN_S1_EP146,Ramayana,1213400000,2025-05-01T06:54:48Z,208
Media Asset,2903252,RAMAYAN_S1_EP147,RAMAYAN_S1_EP147,Ramayana,1187000000,2025-05-01T06:54:36Z,208
Media Asset,2900111,Dial100_Chanchala_Part01,Dial100_Chanchala_Part01,DD Mumbai,1168320000,2025-05-01T10:54:16Z,208
Media Asset,2900091,VidnyanamJanhitay_ Ep4_VidnyanKirtan,VidnyanamJanhitay_ Ep4_VidnyanKirtan,DD Mumbai,1423320000,2025-05-01T08:00:21Z,208
Media Asset,2900090,VidnyanamJanhitay_ Ep2_Paani,VidnyanamJanhitay_ Ep2_Paani,DD Mumbai,1312520000,2025-05-01T07:52:33Z,208
Media Asset,2900089,MaitraheTaalSuranche_Prasad Padhye,MaitraheTaalSuranche_Prasad Padhye,DD Mumbai,2827640000,2025-05-01T07:27:16Z,208
Media Asset,2899808,MaitraheTaalSuranche_OmkarGulvady_Part2,MaitraheTaalSuranche_OmkarGulvady_Part2,DD Mumbai,3355440000,2025-05-01T09:24:55Z,208
Media Asset,2899801,MaitraheTaalSuranche_OmkarGulvady_Part1,MaitraheTaalSuranche_OmkarGulvady_Part1,DD Mumbai,3240560000,2025-05-01T08:23:39Z,208
Media Asset,2899800,VidnyanamJanhitay_ Ep12_SwayampakGhar_Oil_Part2,VidnyanamJanhitay_ Ep12_SwayampakGhar_Oil_Part2,DD Mumbai,1429000000,2025-05-01T08:07:39Z,208
Media Asset,2897630,RAMAYAN_S1_EP144,RAMAYAN_S1_EP144,Ramayana,1209400000,2025-05-01T06:06:03Z,208
Media Asset,2897628,RAMAYAN_S1_EP141,RAMAYAN_S1_EP141,Ramayana,1139000000,2025-05-01T06:05:33Z,208
Media Asset,2897627,RAMAYAN_S1_EP142,RAMAYAN_S1_EP142,Ramayana,1243800000,2025-05-01T06:03:31Z,208
Media Asset,2897626,RAMAYAN_S1_EP162,RAMAYAN_S1_EP162,Ramayana,1191000000,2025-05-01T06:03:31Z,208
Media Asset,2897625,RAMAYAN_S1_EP143,RAMAYAN_S1_EP143,Ramayana,1215760000,2025-05-01T06:03:31Z,208
Media Asset,2897624,RAMAYAN_S1_EP163,RAMAYAN_S1_EP163,Ramayana,1132800000,2025-05-01T06:03:31Z,208
Media Asset,2897623,RAMAYAN_S1_EP158,RAMAYAN_S1_EP158,Ramayana,1104000000,2025-05-01T06:03:21Z,208
Media Asset,2897622,RAMAYAN_S1_EP161,RAMAYAN_S1_EP161,Ramayana,1264000000,2025-05-01T06:03:21Z,208
Media Asset,2897621,RAMAYAN_S1_EP165,RAMAYAN_S1_EP165,Ramayana,1193600000,2025-05-01T06:02:42Z,208
Media Asset,2897619,RAMAYAN_S1_EP154,RAMAYAN_S1_EP154,Ramayana,1117000000,2025-05-01T05:55:59Z,208
Media Asset,2897618,RAMAYAN_S1_EP153,RAMAYAN_S1_EP153,Ramayana,1117000000,2025-05-01T05:55:59Z,208
Media Asset,2897617,RAMAYAN_S1_EP151,RAMAYAN_S1_EP151,Ramayana,1137240000,2025-05-01T05:55:59Z,208
Media Asset,2897616,RAMAYAN_S1_EP155,RAMAYAN_S1_EP155,Ramayana,1055000000,2025-05-01T05:55:59Z,208
Media Asset,2897615,RAMAYAN_S1_EP149,RAMAYAN_S1_EP149,Ramayana,1030720000,2025-05-01T05:55:59Z,208
Media Asset,2897614,RAMAYAN_S1_EP157,RAMAYAN_S1_EP157,Ramayana,1107880000,2025-05-01T05:55:59Z,208
Media Asset,2897613,RAMAYAN_S1_EP145,RAMAYAN_S1_EP145,Ramayana,1147000000,2025-05-01T05:55:59Z,208
Media Asset,2897612,RAMAYAN_S1_EP160,RAMAYAN_S1_EP160,Ramayana,1307000000,2025-05-01T05:54:59Z,208
Media Asset,2897611,RAMAYAN_S1_EP156,RAMAYAN_S1_EP156,Ramayana,1103000000,2025-05-01T05:54:59Z,208
Media Asset,2897610,RAMAYAN_S1_EP152,RAMAYAN_S1_EP152,Ramayana,1345000000,2025-05-01T05:54:58Z,208
Media Asset,2897609,RAMAYAN_S1_EP148,RAMAYAN_S1_EP148,Ramayana,1167000000,2025-05-01T05:54:58Z,208
Media Asset,2897401,MaitraheTaalSuranche_Amit Padye,MaitraheTaalSuranche_Amit Padye,DD Mumbai,3323000000,2025-05-01T06:41:29Z,208
