Type,ID,Name,Display Name,Workspace,Duration,Create Date,Account
Media Asset,3614389,69779a38-53ac-4bae-a7c7-3979917a00f7.mp4,69779a38-53ac-4bae-a7c7-3979917a00f7.mp4,PB-Archives-A,1271831995,2025-09-30T12:36:01Z,208
Media Asset,3614387,2daa27bb-e8a8-45bb-aa7c-dc0b11bdd1eb.mp4,2daa27bb-e8a8-45bb-aa7c-dc0b11bdd1eb.mp4,PB-Archives-A,1692375011,2025-09-30T12:34:03Z,208
Media Asset,3613851,ace5b18c-9d14-44ef-8e84-21471388e0bd.mp4,ace5b18c-9d14-44ef-8e84-21471388e0bd.mp4,PB-Archives-A,1712615011,2025-09-30T12:37:19Z,208
Media Asset,3613849,0456b5f9-3ffb-4044-8424-29e0b85529b8.mp4,0456b5f9-3ffb-4044-8424-29e0b85529b8.mp4,PB-Archives-A,1677922993,2025-09-30T12:35:06Z,208
Media Asset,3613848,26d6f129-d9c7-4cef-858f-2894cba9d3c3.mp4,26d6f129-d9c7-4cef-858f-2894cba9d3c3.mp4,PB-Archives-A,1822753991,2025-09-30T12:34:09Z,208
Media Asset,3613846,8f571740-c5cb-4895-9e31-93cfe7e8b29a.mp4,8f571740-c5cb-4895-9e31-93cfe7e8b29a.mp4,PB-Archives-A,1354127007,2025-09-30T12:32:45Z,208
Media Asset,3612677,SUPER TRUCK_S5_EP 24_NOT-SO-FUNFAIR,SUPER TRUCK_S5_EP 24_NOT-SO-FUNFAIR,Toonz Media,258800000,2025-09-30T09:56:50Z,208
Media Asset,3612676,SUPER TRUCK_S5_EP 28_WILD RIDE,SUPER TRUCK_S5_EP 28_WILD RIDE,Toonz Media,257280000,2025-09-30T09:56:41Z,208
Media Asset,3612675,SUPER TRUCK_S5_EP 23_SLIPPERY TRACKS,SUPER TRUCK_S5_EP 23_SLIPPERY TRACKS,Toonz Media,257080000,2025-09-30T09:56:31Z,208
Media Asset,3612674,SUPER TRUCK_S5_EP 21_MAKE WAY FOR DINOSAURS,SUPER TRUCK_S5_EP 21_MAKE WAY FOR DINOSAURS,Toonz Media,246480000,2025-09-30T09:56:10Z,208
Media Asset,3612672,SUPER TRUCK_S5_EP 18_ELECTRIC STROM,SUPER TRUCK_S5_EP 18_ELECTRIC STROM,Toonz Media,257000000,2025-09-30T09:55:40Z,208
Media Asset,3612671,SUPER TRUCK_S5_EP 25_FINDING THE REAL CULPRIT,SUPER TRUCK_S5_EP 25_FINDING THE REAL CULPRIT,Toonz Media,257400000,2025-09-30T09:55:30Z,208
Media Asset,3612669,SUPER TRUCK_S5_EP 19_ICE CREAM CAPER,SUPER TRUCK_S5_EP 19_ICE CREAM CAPER,Toonz Media,261640000,2025-09-30T09:54:30Z,208
Media Asset,3610742,ANUGOONJ (EPISODE-15),ANUGOONJ (EPISODE-15),PB-Archives-A,1712614807,2025-09-30T12:35:24Z,208
Media Asset,3610741,ANUGOONJ (EPISODE-14),ANUGOONJ (EPISODE-14),PB-Archives-A,1271831995,2025-09-30T12:34:19Z,208
Media Asset,3610740,ANUGOONJ (EPISODE-13),ANUGOONJ (EPISODE-13),PB-Archives-A,1677923016,2025-09-30T12:33:13Z,208
Media Asset,3610739,ANUGOONJ (EPISODE-17),ANUGOONJ (EPISODE-17),PB-Archives-A,1692375261,2025-09-30T12:32:08Z,208
Media Asset,3610738,ANUGOONJ (EPISODE-18),ANUGOONJ (EPISODE-18),PB-Archives-A,1822754286,2025-09-30T12:32:08Z,208
Media Asset,3610737,ANUGOONJ (EPISODE-16),ANUGOONJ (EPISODE-16),PB-Archives-A,1354127710,2025-09-30T12:31:04Z,208
Media Asset,3610717,MANN_KI_BAAT_28092025,MANN_KI_BAAT_28092025,PB-Archives-A,1863920000,2025-09-30T10:43:19Z,208
Media Asset,3610703,Ek Mulaqaat - Amitabh Bachchan (BW)----DDK Sri Nagar-Edited,Ek Mulaqaat - Amitabh Bachchan (BW)----DDK Sri Nagar-Edited,PB-Archives-A,1069760000,2025-09-30T10:01:51Z,208
Media Asset,3610701,SUPER TRUCK_S5_EP 33_HAMMERING STROM,SUPER TRUCK_S5_EP 33_HAMMERING STROM,Toonz Media,261000000,2025-09-30T09:59:02Z,208
Media Asset,3610700,SUPER TRUCK_S5_EP 34_CLEANING UP SLIME,SUPER TRUCK_S5_EP 34_CLEANING UP SLIME,Toonz Media,253720000,2025-09-30T09:59:02Z,208
Media Asset,3610699,SUPER TRUCK_S5_EP 39_HALLOWEEN MYSTERY,SUPER TRUCK_S5_EP 39_HALLOWEEN MYSTERY,Toonz Media,258440000,2025-09-30T09:58:41Z,208
Media Asset,3610698,SUPER TRUCK_S5_EP 32_IMPOSTER TRIO,SUPER TRUCK_S5_EP 32_IMPOSTER TRIO,Toonz Media,259680000,2025-09-30T09:58:01Z,208
Media Asset,3610697,SUPER TRUCK_S5_EP 29_STOPPING THE PRETENDER,SUPER TRUCK_S5_EP 29_STOPPING THE PRETENDER,Toonz Media,260080000,2025-09-30T09:58:01Z,208
Media Asset,3610696,SUPER TRUCK_S5_EP 31_BONK ON THE HEAD,SUPER TRUCK_S5_EP 31_BONK ON THE HEAD,Toonz Media,258960000,2025-09-30T09:57:32Z,208
Media Asset,3610695,SUPER TRUCK_S5_EP 35_SPIDER LESSON,SUPER TRUCK_S5_EP 35_SPIDER LESSON,Toonz Media,258880000,2025-09-30T09:57:32Z,208
Media Asset,3610693,SUPER TRUCK_S5_EP 38_REVERSING THE SPELL,SUPER TRUCK_S5_EP 38_REVERSING THE SPELL,Toonz Media,256960000,2025-09-30T09:57:11Z,208
Media Asset,3610692,SUPER TRUCK_S5_EP 37_ESCAPE FROM THE CAVE,SUPER TRUCK_S5_EP 37_ESCAPE FROM THE CAVE,Toonz Media,260680000,2025-09-30T09:57:02Z,208
Media Asset,3610691,SUPER TRUCK_S5_EP 30_ROBOT PLOT,SUPER TRUCK_S5_EP 30_ROBOT PLOT,Toonz Media,256600000,2025-09-30T09:56:51Z,208
Media Asset,3609537,SUPER TRUCK_S5_EP 20_STRANGER DANGER,SUPER TRUCK_S5_EP 20_STRANGER DANGER,Toonz Media,252000000,2025-09-30T09:54:20Z,208
Media Asset,3609536,SUPER TRUCK_S5_EP 22_CHICKEN CRISIS,SUPER TRUCK_S5_EP 22_CHICKEN CRISIS,Toonz Media,256960000,2025-09-30T09:54:20Z,208
Media Asset,3609535,SUPER TRUCK_S5_EP 26_TROUBLESOME T-REXS,SUPER TRUCK_S5_EP 26_TROUBLESOME T-REXS,Toonz Media,261120000,2025-09-30T09:54:11Z,208
Media Asset,3609534,SUPER TRUCK_S5_EP 27_FALLING APPLES,SUPER TRUCK_S5_EP 27_FALLING APPLES,Toonz Media,256560000,2025-09-30T09:54:11Z,208
Media Asset,3609532,SUPER TRUCK_S5_EP 15_WORKING WITH A FEVER,SUPER TRUCK_S5_EP 15_WORKING WITH A FEVER,Toonz Media,262040000,2025-09-30T09:51:43Z,208
Media Asset,3609531,SUPER TRUCK_S5_EP 13_HIDE-AND-SEEK RESCUE,SUPER TRUCK_S5_EP 13_HIDE-AND-SEEK RESCUE,Toonz Media,260040000,2025-09-30T09:51:43Z,208
Media Asset,3609530,SUPER TRUCK_S5_EP 14_WATERLOGGED RESCUE,SUPER TRUCK_S5_EP 14_WATERLOGGED RESCUE,Toonz Media,260680000,2025-09-30T09:51:43Z,208
Media Asset,3609529,SUPER TRUCK_S5_EP 17_DISTRACTING TICKLES,SUPER TRUCK_S5_EP 17_DISTRACTING TICKLES,Toonz Media,256840000,2025-09-30T09:51:43Z,208
Media Asset,3609528,SUPER TRUCK_S5_EP 16_BUBBLES ON THE TRACKS,SUPER TRUCK_S5_EP 16_BUBBLES ON THE TRACKS,Toonz Media,256520000,2025-09-30T09:51:43Z,208
Media Asset,3609527,SUPER TRUCK_S5_EP 05_SAVING THE CAKE DELIVERY,SUPER TRUCK_S5_EP 05_SAVING THE CAKE DELIVERY,Toonz Media,256800000,2025-09-30T09:50:40Z,208
Media Asset,3609526,SUPER TRUCK_S5_EP 02_BOOMERANG SAVE,SUPER TRUCK_S5_EP 02_BOOMERANG SAVE,Toonz Media,259360000,2025-09-30T09:50:40Z,208
Media Asset,3609525,SUPER TRUCK_S5_EP 06_MISTAKEN IDENTITY,SUPER TRUCK_S5_EP 06_MISTAKEN IDENTITY,Toonz Media,256880000,2025-09-30T09:50:40Z,208
Media Asset,3609524,SUPER TRUCK_S5_EP 11_FINDING THE MISSING BABY CARS,SUPER TRUCK_S5_EP 11_FINDING THE MISSING BABY CARS,Toonz Media,256800000,2025-09-30T09:50:40Z,208
Media Asset,3609523,SUPER TRUCK_S5_EP 09_LEARNING TO CALM DOWN,SUPER TRUCK_S5_EP 09_LEARNING TO CALM DOWN,Toonz Media,256880000,2025-09-30T09:50:40Z,208
Media Asset,3609522,SUPER TRUCK_S5_EP 12_MUDDY MISBEHAVIOUR,SUPER TRUCK_S5_EP 12_MUDDY MISBEHAVIOUR,Toonz Media,256960000,2025-09-30T09:50:40Z,208
Media Asset,3609521,SUPER TRUCK_S5_EP 10_ROCKY SITUATION,SUPER TRUCK_S5_EP 10_ROCKY SITUATION,Toonz Media,257680000,2025-09-30T09:50:40Z,208
Media Asset,3609520,SUPER TRUCK_S5_EP 01_SLIME SHENANIGANS,SUPER TRUCK_S5_EP 01_SLIME SHENANIGANS,Toonz Media,256840000,2025-09-30T09:50:40Z,208
Media Asset,3609519,SUPER TRUCK_S5_EP 04_GOING HAYWIRE,SUPER TRUCK_S5_EP 04_GOING HAYWIRE,Toonz Media,257800000,2025-09-30T09:50:40Z,208
Media Asset,3609518,SUPER TRUCK_S5_EP 07_RAINY DAY RESCUE,SUPER TRUCK_S5_EP 07_RAINY DAY RESCUE,Toonz Media,257520000,2025-09-30T09:50:40Z,208
Media Asset,3609517,SUPER TRUCK_S5_EP 03_RESCUE SQUAD,SUPER TRUCK_S5_EP 03_RESCUE SQUAD,Toonz Media,258240000,2025-09-30T09:50:40Z,208
Media Asset,3609516,SUPER TRUCK_S5_EP 08_FIRE ENGINE FOR THE DAY,SUPER TRUCK_S5_EP 08_FIRE ENGINE FOR THE DAY,Toonz Media,256960000,2025-09-30T09:50:40Z,208
Media Asset,3606664,"LUNA, CHIP & INKIE_S1_EP 04b_THE S'MORE NO MORE MOOSTERY.mp4","LUNA, CHIP & INKIE_S1_EP 04b_THE S'MORE NO MORE MOOSTERY.mp4",Toonz Media,,2025-09-30T09:06:36Z,208
Media Asset,3606354,SUPER TRUCK_S4_EP 46_LIT-UP CHRISTMAS TREE,SUPER TRUCK_S4_EP 46_LIT-UP CHRISTMAS TREE,Toonz Media,256680000,2025-09-30T09:23:49Z,208
Media Asset,3606353,SUPER TRUCK_S4_EP 48_OCEAN CLEAN-UP,SUPER TRUCK_S4_EP 48_OCEAN CLEAN-UP,Toonz Media,258280000,2025-09-30T09:23:38Z,208
Media Asset,3606352,SUPER TRUCK_S4_EP 44_CHASING THE HULK,SUPER TRUCK_S4_EP 44_CHASING THE HULK,Toonz Media,256920000,2025-09-30T09:23:38Z,208
Media Asset,3606351,SUPER TRUCK_S4_EP 40_BOWLING BALL MISHAP,SUPER TRUCK_S4_EP 40_BOWLING BALL MISHAP,Toonz Media,257320000,2025-09-30T09:23:07Z,208
Media Asset,3606350,SUPER TRUCK_S4_EP 51_MALFUNCTIONING MONSTER TRUCK,SUPER TRUCK_S4_EP 51_MALFUNCTIONING MONSTER TRUCK,Toonz Media,258240000,2025-09-30T09:22:58Z,208
Media Asset,3606349,SUPER TRUCK_S4_EP 49_RUNAWAY TRAIN,SUPER TRUCK_S4_EP 49_RUNAWAY TRAIN,Toonz Media,257440000,2025-09-30T09:22:58Z,208
Media Asset,3606348,SUPER TRUCK_S4_EP 52_MUDDLED AMBULANCE,SUPER TRUCK_S4_EP 52_MUDDLED AMBULANCE,Toonz Media,256680000,2025-09-30T09:22:37Z,208
Media Asset,3606347,SUPER TRUCK_S4_EP 43_MIND CONTROL MISCHIEF,SUPER TRUCK_S4_EP 43_MIND CONTROL MISCHIEF,Toonz Media,258600000,2025-09-30T09:22:08Z,208
Media Asset,3606346,SUPER TRUCK_S4_EP 41_SICK DAY,SUPER TRUCK_S4_EP 41_SICK DAY,Toonz Media,258000000,2025-09-30T09:21:57Z,208
Media Asset,3606345,SUPER TRUCK_S4_EP 38_EARTHQUAKE RESCUE,SUPER TRUCK_S4_EP 38_EARTHQUAKE RESCUE,Toonz Media,257880000,2025-09-30T09:21:27Z,208
Media Asset,3606344,SUPER TRUCK_S4_EP 50_GIANT SPIDER,SUPER TRUCK_S4_EP 50_GIANT SPIDER,Toonz Media,256560000,2025-09-30T09:21:27Z,208
Media Asset,3606343,SUPER TRUCK_S4_EP 29_FATHER-SON FIREFIGHTING,SUPER TRUCK_S4_EP 29_FATHER-SON FIREFIGHTING,Toonz Media,258760000,2025-09-30T09:21:07Z,208
Media Asset,3606342,SUPER TRUCK_S4_EP 20_OUT-OF-CONTROL AMBULANCE,SUPER TRUCK_S4_EP 20_OUT-OF-CONTROL AMBULANCE,Toonz Media,257760000,2025-09-30T09:20:57Z,208
Media Asset,3606341,SUPER TRUCK_S4_EP 45_FREEING SANTA CLAUS,SUPER TRUCK_S4_EP 45_FREEING SANTA CLAUS,Toonz Media,257840000,2025-09-30T09:20:47Z,208
Media Asset,3606340,SUPER TRUCK_S4_EP 30_UNFAIR PUNISHMENT,SUPER TRUCK_S4_EP 30_UNFAIR PUNISHMENT,Toonz Media,258000000,2025-09-30T09:20:16Z,208
Media Asset,3606339,SUPER TRUCK_S4_EP 27_SEEING DOUBLE,SUPER TRUCK_S4_EP 27_SEEING DOUBLE,Toonz Media,257840000,2025-09-30T09:20:07Z,208
Media Asset,3606338,SUPER TRUCK_S4_EP 42_THANKSGIVING TURKEY RESCUE,SUPER TRUCK_S4_EP 42_THANKSGIVING TURKEY RESCUE,Toonz Media,256840000,2025-09-30T09:20:07Z,208
Media Asset,3606336,SUPER TRUCK_S4_EP 33_GROWTH POTION,SUPER TRUCK_S4_EP 33_GROWTH POTION,Toonz Media,258320000,2025-09-30T09:19:47Z,208
Media Asset,3606335,SUPER TRUCK_S4_EP 32_CAKE RUN,SUPER TRUCK_S4_EP 32_CAKE RUN,Toonz Media,257960000,2025-09-30T09:19:06Z,208
Media Asset,3606334,SUPER TRUCK_S4_EP 37_EMERGENCY TEAMWORK,SUPER TRUCK_S4_EP 37_EMERGENCY TEAMWORK,Toonz Media,257920000,2025-09-30T09:18:46Z,208
Media Asset,3606333,SUPER TRUCK_S4_EP 47_BUBBLES AND UNICORNS,SUPER TRUCK_S4_EP 47_BUBBLES AND UNICORNS,Toonz Media,258080000,2025-09-30T09:18:46Z,208
Media Asset,3605873,SUPER TRUCK_S4_EP 17_SAVING THE EGG HUNT,SUPER TRUCK_S4_EP 17_SAVING THE EGG HUNT,Toonz Media,257120000,2025-09-30T09:18:05Z,208
Media Asset,3605872,SUPER TRUCK_S4_EP 39_OUT-OF-CONTROL CROCODILE CAR,SUPER TRUCK_S4_EP 39_OUT-OF-CONTROL CROCODILE CAR,Toonz Media,255720000,2025-09-30T09:18:05Z,208
Media Asset,3605870,SUPER TRUCK_S4_EP 34_GHOSTLY PRANKSTER,SUPER TRUCK_S4_EP 34_GHOSTLY PRANKSTER,Toonz Media,258880000,2025-09-30T09:17:45Z,208
Media Asset,3605868,SUPER TRUCK_S4_EP 26_OLYMPIC RACES,SUPER TRUCK_S4_EP 26_OLYMPIC RACES,Toonz Media,258520000,2025-09-30T09:17:25Z,208
Media Asset,3605866,SUPER TRUCK_S4_EP 24_BABY TIGER ROUND-UP,SUPER TRUCK_S4_EP 24_BABY TIGER ROUND-UP,Toonz Media,258200000,2025-09-30T09:17:05Z,208
Media Asset,3605865,SUPER TRUCK_S4_EP 36_ROBOT TRICKERY,SUPER TRUCK_S4_EP 36_ROBOT TRICKERY,Toonz Media,257960000,2025-09-30T09:17:05Z,208
Media Asset,3605863,SUPER TRUCK_S4_EP 21_THE MISSING WIND TURBINES,SUPER TRUCK_S4_EP 21_THE MISSING WIND TURBINES,Toonz Media,256480000,2025-09-30T09:16:54Z,208
Media Asset,3605862,SUPER TRUCK_S4_EP 23_VANISHING TYRES,SUPER TRUCK_S4_EP 23_VANISHING TYRES,Toonz Media,258000000,2025-09-30T09:16:44Z,208
Media Asset,3605860,SUPER TRUCK_S4_EP 31_HYPNOSIS GLASSES,SUPER TRUCK_S4_EP 31_HYPNOSIS GLASSES,Toonz Media,258680000,2025-09-30T09:16:34Z,208
Media Asset,3605859,SUPER TRUCK_S4_EP 22_MONSTER TRUCK MENACE,SUPER TRUCK_S4_EP 22_MONSTER TRUCK MENACE,Toonz Media,255560000,2025-09-30T09:16:34Z,208
Media Asset,3605856,SUPER TRUCK_S4_EP 25_SHARK WEEK PLUNGE,SUPER TRUCK_S4_EP 25_SHARK WEEK PLUNGE,Toonz Media,258920000,2025-09-30T09:16:13Z,208
Media Asset,3605855,SUPER TRUCK_S4_EP 16_HOPPING INTO ACTION,SUPER TRUCK_S4_EP 16_HOPPING INTO ACTION,Toonz Media,258400000,2025-09-30T09:16:04Z,208
Media Asset,3605854,SUPER TRUCK_S4_EP 28_HOSPITAL JOURNEY,SUPER TRUCK_S4_EP 28_HOSPITAL JOURNEY,Toonz Media,258040000,2025-09-30T09:16:04Z,208
Media Asset,3605853,SUPER TRUCK_S4_EP 35_HALLOWEEN PARTY SWEETS,SUPER TRUCK_S4_EP 35_HALLOWEEN PARTY SWEETS,Toonz Media,259680000,2025-09-30T09:16:04Z,208
Media Asset,3605825,Mahila Svavlamban Ek Kadam Vikas Ki Aur Ep-20 (mehnaz bi),Mahila Svavlamban Ek Kadam Vikas Ki Aur Ep-20 (mehnaz bi),DD Kisan,1464040000,2025-09-30T08:34:55Z,208
Media Asset,3605824,Mahila Svavlamban Ek Kadam Vikas Ki Aur Ep-19 (Poonam Gupta),Mahila Svavlamban Ek Kadam Vikas Ki Aur Ep-19 (Poonam Gupta),DD Kisan,1441840000,2025-09-30T08:33:55Z,208
Media Asset,3605822,Mahila Svavlamban Ek Kadam Vikas Ki Aur Ep-18 (Premvati),Mahila Svavlamban Ek Kadam Vikas Ki Aur Ep-18 (Premvati),DD Kisan,1450880000,2025-09-30T08:32:47Z,208
Media Asset,3605817,Mahila Svavlamban Ek Kadam Vikas Ki Aur Ep-17( Priya Tyagi),Mahila Svavlamban Ek Kadam Vikas Ki Aur Ep-17( Priya Tyagi),DD Kisan,1455920000,2025-09-30T08:30:02Z,208
Media Asset,3605804,Mahila Svavlamban Ek Kadam Vikas Ki Aur Ep-16 (Deepankshi Bhanut),Mahila Svavlamban Ek Kadam Vikas Ki Aur Ep-16 (Deepankshi Bhanut),DD Kisan,1462000000,2025-09-30T08:04:15Z,208
Media Asset,3605802,Mahila Svavlamban Ek Kadam Vikas Ki Aur Ep-15( Babita Gupta),Mahila Svavlamban Ek Kadam Vikas Ki Aur Ep-15( Babita Gupta),DD Kisan,1462440000,2025-09-30T08:03:17Z,208
Media Asset,3602965,DND-HR-VOH-2709-NEW-PART-13-SARPANCH-5-PKGS-PM-HBD-DND_1,DND-HR-VOH-2709-NEW-PART-13-SARPANCH-5-PKGS-PM-HBD-DND_1,PB-Archives-A,1016320000,2025-09-30T07:17:38Z,208
Media Asset,3602964,DND-HR-VOH-2509-NEW-PART-14-SARPANCH-5-PKGS-PM-HBD-DND,DND-HR-VOH-2509-NEW-PART-14-SARPANCH-5-PKGS-PM-HBD-DND,PB-Archives-A,886680000,2025-09-30T07:17:38Z,208
Media Asset,3602962,DND-HR-VOH-2509-UPDATED-PART-12-SARPANCH-5-PKGS-PM-HBD-DND,DND-HR-VOH-2509-UPDATED-PART-12-SARPANCH-5-PKGS-PM-HBD-DND,PB-Archives-A,814320000,2025-09-30T07:16:33Z,208
Media Asset,3602920,gandhis0e0,gandhis0e0,PB-Archives-A,15650249,2025-09-30T05:30:55Z,208
Media Asset,3602875,MANN KI BAAT_multiple tracks,MANN KI BAAT_multiple tracks,DD News,1863920000,2025-09-30T05:12:49Z,208
Media Asset,3602873,Prime Minister's documentary from Ranchi,Prime Minister's documentary from Ranchi,PB-Archives-A,1502280000,2025-09-30T04:49:32Z,208
Media Asset,3602872,2909 DECODE SOCIAL FULL WAVES,2909 DECODE SOCIAL FULL WAVES,Decode,3257480000,2025-09-30T04:46:39Z,208
Media Asset,3602556,f606c88b-59c3-4c9e-86cb-f9bac80fab9d.mp4,f606c88b-59c3-4c9e-86cb-f9bac80fab9d.mp4,PB-Archives-A,15650000,2025-09-30T05:31:51Z,208
Media Asset,3600144,Mahila Svavlamban Ek Kadam Vikas Ki Aur Ep-14 (Ritu Gaur),Mahila Svavlamban Ek Kadam Vikas Ki Aur Ep-14 (Ritu Gaur),DD Kisan,1463120000,2025-09-30T08:02:18Z,208
Media Asset,3600143,Mahila Svavlamban Ek Kadam Vikas Ki Aur Ep-13( Dalimi Deka),Mahila Svavlamban Ek Kadam Vikas Ki Aur Ep-13( Dalimi Deka),DD Kisan,1477640000,2025-09-30T08:00:38Z,208
Media Asset,3600142,Mahila Svavlamban Ek Kadam Vikas Ki Aur Ep-12( Kaku Saikia),Mahila Svavlamban Ek Kadam Vikas Ki Aur Ep-12( Kaku Saikia),DD Kisan,1450680000,2025-09-30T07:55:18Z,208
Media Asset,3600071,SUPER TRUCK_S4_EP 19_DINOSAUR IN THE MAZE,SUPER TRUCK_S4_EP 19_DINOSAUR IN THE MAZE,Toonz Media,257880000,2025-09-30T04:22:46Z,208
Media Asset,3600070,SUPER TRUCK_S4_EP 18_WHO'S THE REAL HERO,SUPER TRUCK_S4_EP 18_WHO'S THE REAL HERO,Toonz Media,258080000,2025-09-30T04:22:46Z,208
Media Asset,3600069,SUPER TRUCK_S4_EP 04_SPECIAL CHRISTMAS DELIVERY,SUPER TRUCK_S4_EP 04_SPECIAL CHRISTMAS DELIVERY,Toonz Media,259040000,2025-09-30T04:21:45Z,208
Media Asset,3600068,SUPER TRUCK_S4_EP 01_HELPING THE HELPERS,SUPER TRUCK_S4_EP 01_HELPING THE HELPERS,Toonz Media,257440000,2025-09-30T04:21:45Z,208
Media Asset,3600067,SUPER TRUCK_S4_EP 06_BRINGING BACK SANTA,SUPER TRUCK_S4_EP 06_BRINGING BACK SANTA,Toonz Media,272720000,2025-09-30T04:21:45Z,208
Media Asset,3600066,SUPER TRUCK_S4_EP 12_POWERFUL WISH,SUPER TRUCK_S4_EP 12_POWERFUL WISH,Toonz Media,256640000,2025-09-30T04:21:45Z,208
Media Asset,3600065,SUPER TRUCK_S4_EP 03_WINNING ISN'T EVERYTHING,SUPER TRUCK_S4_EP 03_WINNING ISN'T EVERYTHING,Toonz Media,263320000,2025-09-30T04:21:45Z,208
Media Asset,3600064,SUPER TRUCK_S4_EP 05_BAD CHRISTMAS PRESENTS,SUPER TRUCK_S4_EP 05_BAD CHRISTMAS PRESENTS,Toonz Media,257720000,2025-09-30T04:21:45Z,208
Media Asset,3600063,SUPER TRUCK_S4_EP 07_OUTSIZE ANIMALS,SUPER TRUCK_S4_EP 07_OUTSIZE ANIMALS,Toonz Media,259120000,2025-09-30T04:21:45Z,208
Media Asset,3600062,SUPER TRUCK_S4_EP 14_TOGETHER ON VALENTINE'S DAY,SUPER TRUCK_S4_EP 14_TOGETHER ON VALENTINE'S DAY,Toonz Media,258120000,2025-09-30T04:21:45Z,208
Media Asset,3600061,SUPER TRUCK_S4_EP 11_MONSTER TRUCK SUBSTITUTE,SUPER TRUCK_S4_EP 11_MONSTER TRUCK SUBSTITUTE,Toonz Media,259480000,2025-09-30T04:21:45Z,208
Media Asset,3600060,SUPER TRUCK_S4_EP 15_RUNAWAY FOOTBALL,SUPER TRUCK_S4_EP 15_RUNAWAY FOOTBALL,Toonz Media,258400000,2025-09-30T04:21:45Z,208
Media Asset,3600059,SUPER TRUCK_S4_EP 13_DETECTIVE TEAMWORK,SUPER TRUCK_S4_EP 13_DETECTIVE TEAMWORK,Toonz Media,260480000,2025-09-30T04:21:45Z,208
Media Asset,3600058,SUPER TRUCK_S4_EP 09_SHOW OF STRENGTH,SUPER TRUCK_S4_EP 09_SHOW OF STRENGTH,Toonz Media,258080000,2025-09-30T04:21:45Z,208
Media Asset,3600057,SUPER TRUCK_S4_EP 08_SWEET JUSTICE,SUPER TRUCK_S4_EP 08_SWEET JUSTICE,Toonz Media,250720000,2025-09-30T04:21:45Z,208
Media Asset,3600056,SUPER TRUCK_S4_EP 10_HELPING A BABY TIGER,SUPER TRUCK_S4_EP 10_HELPING A BABY TIGER,Toonz Media,256280000,2025-09-30T04:21:45Z,208
Media Asset,3600055,SUPER TRUCK_S4_EP 02_ICY TANTRUM,SUPER TRUCK_S4_EP 02_ICY TANTRUM,Toonz Media,257080000,2025-09-30T04:21:45Z,208
Media Asset,3597948,KBR_EP_81_S2_MIX_MASTER OTT,KBR_EP_81_S2_MIX_MASTER OTT,Sagar World,1479000000,2025-09-29T10:22:31Z,208
Media Asset,3597938,SUPER TRUCK_S3_EP 30_PRETENDING TO BE SICK,SUPER TRUCK_S3_EP 30_PRETENDING TO BE SICK,Toonz Media,255240000,2025-09-29T09:06:21Z,208
Media Asset,3597937,SUPER TRUCK_S3_EP 29_CHEERING UP BABY,SUPER TRUCK_S3_EP 29_CHEERING UP BABY,Toonz Media,247320000,2025-09-29T09:06:21Z,208
Media Asset,3597936,SUPER TRUCK_S3_EP 28_THE MISSING TOMATOES,SUPER TRUCK_S3_EP 28_THE MISSING TOMATOES,Toonz Media,308000000,2025-09-29T09:06:00Z,208
Media Asset,3597935,SUPER TRUCK_S3_EP 27_HELPING FRIENDS IN NEED,SUPER TRUCK_S3_EP 27_HELPING FRIENDS IN NEED,Toonz Media,260000000,2025-09-29T09:06:00Z,208
Media Asset,3597934,"SUPER TRUCK_S3_EP 22_HOT DRINK, COOL FIX","SUPER TRUCK_S3_EP 22_HOT DRINK, COOL FIX",Toonz Media,242560000,2025-09-29T09:04:50Z,208
Media Asset,3597933,SUPER TRUCK_S3_EP 20_DEFROSTING THE CITY,SUPER TRUCK_S3_EP 20_DEFROSTING THE CITY,Toonz Media,278400000,2025-09-29T09:04:31Z,208
Media Asset,3597932,SUPER TRUCK_S3_EP 18_RESTORING THE LOVE,SUPER TRUCK_S3_EP 18_RESTORING THE LOVE,Toonz Media,317520000,2025-09-29T09:04:20Z,208
Media Asset,3597931,SUPER TRUCK_S3_EP 09_PIPE SNEEZE,SUPER TRUCK_S3_EP 09_PIPE SNEEZE,Toonz Media,199600000,2025-09-29T09:02:29Z,208
Media Asset,3597930,SUPER TRUCK_S3_EP 13_SNOW SLEDGING,SUPER TRUCK_S3_EP 13_SNOW SLEDGING,Toonz Media,234200000,2025-09-29T09:02:29Z,208
Media Asset,3597929,SUPER TRUCK_S3_EP 15_DODGING OBSTACLES,SUPER TRUCK_S3_EP 15_DODGING OBSTACLES,Toonz Media,277480000,2025-09-29T09:02:29Z,208
Media Asset,3597928,SUPER TRUCK_S3_EP 07_STUCK IN A SNOW MOUND,SUPER TRUCK_S3_EP 07_STUCK IN A SNOW MOUND,Toonz Media,256240000,2025-09-29T09:02:29Z,208
Media Asset,3597927,SUPER TRUCK_S3_EP 16_IDENTIFYING THE IMPOSTER,SUPER TRUCK_S3_EP 16_IDENTIFYING THE IMPOSTER,Toonz Media,288080000,2025-09-29T09:02:29Z,208
Media Asset,3597926,SUPER TRUCK_S3_EP 04_CLEARING THE SNOW,SUPER TRUCK_S3_EP 04_CLEARING THE SNOW,Toonz Media,257800000,2025-09-29T09:02:29Z,208
Media Asset,3597925,SUPER TRUCK_S3_EP 12_FLYING NUISANCE,SUPER TRUCK_S3_EP 12_FLYING NUISANCE,Toonz Media,257200000,2025-09-29T09:02:29Z,208
Media Asset,3597924,SUPER TRUCK_S3_EP 10_CANYON RECOVERY,SUPER TRUCK_S3_EP 10_CANYON RECOVERY,Toonz Media,258640000,2025-09-29T09:02:29Z,208
Media Asset,3597923,SUPER TRUCK_S3_EP 11_CATCHING A CHILL,SUPER TRUCK_S3_EP 11_CATCHING A CHILL,Toonz Media,256200000,2025-09-29T09:02:29Z,208
Media Asset,3597657,KBR_EP_82_S2_MIX_MASTER OTT,KBR_EP_82_S2_MIX_MASTER OTT,Sagar World,1580720000,2025-09-29T11:05:44Z,208
Media Asset,3597655,MaitraHeShabdSuranche_Vidushi ShrutiSadolikarKatkar_Revised_EP2,MaitraHeShabdSuranche_Vidushi ShrutiSadolikarKatkar_Revised_EP2,DD Mumbai,2557240000,2025-09-29T10:47:51Z,208
Media Asset,3597650,Shakthi E150,Shakthi E150,DD Podhigai (Chennai),1411840000,2025-09-29T09:29:15Z,208
Media Asset,3597648,SUPER TRUCK_S3_EP 50_MAKE WAY FOR BABY,SUPER TRUCK_S3_EP 50_MAKE WAY FOR BABY,Toonz Media,259400000,2025-09-29T09:11:43Z,208
Media Asset,3597647,SUPER TRUCK_S3_EP 52_HIGH JINKS ON HALLOWEEN,SUPER TRUCK_S3_EP 52_HIGH JINKS ON HALLOWEEN,Toonz Media,266880000,2025-09-29T09:11:43Z,208
Media Asset,3597646,SUPER TRUCK_S3_EP 51_HALLOWEEN SIGHTING,SUPER TRUCK_S3_EP 51_HALLOWEEN SIGHTING,Toonz Media,257720000,2025-09-29T09:11:43Z,208
Media Asset,3597645,SUPER TRUCK_S3_EP 49_SLIME EMERGENCY,SUPER TRUCK_S3_EP 49_SLIME EMERGENCY,Toonz Media,300440000,2025-09-29T09:11:23Z,208
Media Asset,3597644,SUPER TRUCK_S3_EP 45_MAKING FRIENDS THE DINOSAUR WAY,SUPER TRUCK_S3_EP 45_MAKING FRIENDS THE DINOSAUR WAY,Toonz Media,259120000,2025-09-29T09:11:13Z,208
Media Asset,3597643,SUPER TRUCK_S3_EP 41_UNINTENDED CONSEQUENCES,SUPER TRUCK_S3_EP 41_UNINTENDED CONSEQUENCES,Toonz Media,258040000,2025-09-29T09:11:03Z,208
Media Asset,3597642,SUPER TRUCK_S3_EP 43_SUPER TRUCK'S BIRTHDAY PARTY,SUPER TRUCK_S3_EP 43_SUPER TRUCK'S BIRTHDAY PARTY,Toonz Media,319280000,2025-09-29T09:11:03Z,208
Media Asset,3597641,SUPER TRUCK_S3_EP 40_SHARK CONSERVATION,SUPER TRUCK_S3_EP 40_SHARK CONSERVATION,Toonz Media,213920000,2025-09-29T09:10:22Z,208
Media Asset,3597640,SUPER TRUCK_S3_EP 46_FLOATING CARS,SUPER TRUCK_S3_EP 46_FLOATING CARS,Toonz Media,258000000,2025-09-29T09:10:13Z,208
Media Asset,3597639,SUPER TRUCK_S3_EP 47_FOOTBALL MATCH APOLOGY,SUPER TRUCK_S3_EP 47_FOOTBALL MATCH APOLOGY,Toonz Media,318320000,2025-09-29T09:10:13Z,208
Media Asset,3597638,SUPER TRUCK_S3_EP 42_ROBOT AMBULANCE,SUPER TRUCK_S3_EP 42_ROBOT AMBULANCE,Toonz Media,242560000,2025-09-29T09:10:13Z,208
Media Asset,3597637,SUPER TRUCK_S3_EP 35_ROLLING TYRES,SUPER TRUCK_S3_EP 35_ROLLING TYRES,Toonz Media,259440000,2025-09-29T09:10:02Z,208
Media Asset,3597636,SUPER TRUCK_S3_EP 48_ROBOT ON THE BLINK,SUPER TRUCK_S3_EP 48_ROBOT ON THE BLINK,Toonz Media,259560000,2025-09-29T09:09:52Z,208
Media Asset,3597635,SUPER TRUCK_S3_EP 36_WEEKEND MAGIC SHOW,SUPER TRUCK_S3_EP 36_WEEKEND MAGIC SHOW,Toonz Media,248440000,2025-09-29T09:09:42Z,208
Media Asset,3597634,SUPER TRUCK_S3_EP 44_EARTH DAY DISAPPEARING ACT,SUPER TRUCK_S3_EP 44_EARTH DAY DISAPPEARING ACT,Toonz Media,318800000,2025-09-29T09:09:32Z,208
Media Asset,3597633,SUPER TRUCK_S3_EP 38_MOTHER'S DAY CAKE BAKING,SUPER TRUCK_S3_EP 38_MOTHER'S DAY CAKE BAKING,Toonz Media,258200000,2025-09-29T09:08:22Z,208
Media Asset,3597632,SUPER TRUCK_S3_EP 39_NEVER-ENDING RACE,SUPER TRUCK_S3_EP 39_NEVER-ENDING RACE,Toonz Media,258080000,2025-09-29T09:08:02Z,208
Media Asset,3597631,SUPER TRUCK_S3_EP 37_FATHER'S DAY PIZZA,SUPER TRUCK_S3_EP 37_FATHER'S DAY PIZZA,Toonz Media,265800000,2025-09-29T09:08:02Z,208
Media Asset,3597630,SUPER TRUCK_S3_EP 34_NOT-SO-FUN T-REX,SUPER TRUCK_S3_EP 34_NOT-SO-FUN T-REX,Toonz Media,259400000,2025-09-29T09:08:02Z,208
Media Asset,3597629,SUPER TRUCK_S3_EP 33_TELEKINESIS RESCUE,SUPER TRUCK_S3_EP 33_TELEKINESIS RESCUE,Toonz Media,241760000,2025-09-29T09:07:52Z,208
Media Asset,3597628,SUPER TRUCK_S3_EP 21_WAITING YOUR TURN,SUPER TRUCK_S3_EP 21_WAITING YOUR TURN,Toonz Media,317640000,2025-09-29T09:07:52Z,208
Media Asset,3597627,SUPER TRUCK_S3_EP 25_REPAIRING THE ROLLER COASTER,SUPER TRUCK_S3_EP 25_REPAIRING THE ROLLER COASTER,Toonz Media,252200000,2025-09-29T09:07:12Z,208
Media Asset,3597626,SUPER TRUCK_S3_EP 32_FLYAWAY KITE,SUPER TRUCK_S3_EP 32_FLYAWAY KITE,Toonz Media,259400000,2025-09-29T09:07:01Z,208
Media Asset,3597625,SUPER TRUCK_S3_EP 24_BEACH CLEAN-UP,SUPER TRUCK_S3_EP 24_BEACH CLEAN-UP,Toonz Media,204960000,2025-09-29T09:07:01Z,208
Media Asset,3597624,SUPER TRUCK_S3_EP 26_FAIR PLAY,SUPER TRUCK_S3_EP 26_FAIR PLAY,Toonz Media,319600000,2025-09-29T09:06:51Z,208
Media Asset,3597623,SUPER TRUCK_S3_EP 31_A BRUSH OF EASTER COLOUR,SUPER TRUCK_S3_EP 31_A BRUSH OF EASTER COLOUR,Toonz Media,258320000,2025-09-29T09:06:41Z,208
Media Asset,3597622,SUPER TRUCK_S3_EP 23_DINOSAUR PRANK,SUPER TRUCK_S3_EP 23_DINOSAUR PRANK,Toonz Media,268280000,2025-09-29T09:06:41Z,208
Media Asset,3597621,SUPER TRUCK_S3_EP 19_THE MISSING SNOWMAN,SUPER TRUCK_S3_EP 19_THE MISSING SNOWMAN,Toonz Media,277880000,2025-09-29T09:06:21Z,208
Media Asset,3594993,SUPER TRUCK_S3_EP 08_TRANSPORTING THE CHRISTMAS TREE,SUPER TRUCK_S3_EP 08_TRANSPORTING THE CHRISTMAS TREE,Toonz Media,235520000,2025-09-29T09:02:29Z,208
Media Asset,3594992,SUPER TRUCK_S3_EP 05_ICY ISSUE,SUPER TRUCK_S3_EP 05_ICY ISSUE,Toonz Media,245280000,2025-09-29T09:02:29Z,208
Media Asset,3594991,SUPER TRUCK_S3_EP 06_FLU MEDICINE,SUPER TRUCK_S3_EP 06_FLU MEDICINE,Toonz Media,248560000,2025-09-29T09:02:29Z,208
Media Asset,3594990,SUPER TRUCK_S3_EP 17_SNOWBALL LAUNCHER,SUPER TRUCK_S3_EP 17_SNOWBALL LAUNCHER,Toonz Media,279400000,2025-09-29T09:02:29Z,208
Media Asset,3594989,SUPER TRUCK_S3_EP 14_NEW YEAR'S EVE FIREWORKS,SUPER TRUCK_S3_EP 14_NEW YEAR'S EVE FIREWORKS,Toonz Media,277760000,2025-09-29T09:02:29Z,208
Media Asset,3594988,SUPER TRUCK_S3_EP 01_DAY OF THE DEAD MISCHIEF,SUPER TRUCK_S3_EP 01_DAY OF THE DEAD MISCHIEF,Toonz Media,257760000,2025-09-29T09:01:26Z,208
Media Asset,3594987,SUPER TRUCK_S3_EP 02_GIVING THANKS,SUPER TRUCK_S3_EP 02_GIVING THANKS,Toonz Media,305040000,2025-09-29T09:01:26Z,208
Media Asset,3594986,SUPER TRUCK_S3_EP 03_TYRE FRENZY,SUPER TRUCK_S3_EP 03_TYRE FRENZY,Toonz Media,246240000,2025-09-29T09:01:26Z,208
Media Asset,3594289,5b2889d3-10b7-40c5-b5a5-13b26f0c6a3f.mp4,5b2889d3-10b7-40c5-b5a5-13b26f0c6a3f.mp4,PB-Archives-A,814916009,2025-09-29T06:29:34Z,208
Media Asset,3591455,SUPER TRUCK_S2_EP 52_HELPING A SICK FRIEND,SUPER TRUCK_S2_EP 52_HELPING A SICK FRIEND,Toonz Media,248280000,2025-09-29T06:29:25Z,208
Media Asset,3591454,SUPER TRUCK_S2_EP 48_ROLE MODEL,SUPER TRUCK_S2_EP 48_ROLE MODEL,Toonz Media,257520000,2025-09-29T06:29:05Z,208
Media Asset,3591453,SUPER TRUCK_S2_EP 50_RUSHING TO THE BIRTHDAY PARTY,SUPER TRUCK_S2_EP 50_RUSHING TO THE BIRTHDAY PARTY,Toonz Media,305040000,2025-09-29T06:28:31Z,208
Media Asset,3591452,"SUPER TRUCK_S2_EP 49_DRIVING LESSON, INTERRUPTED","SUPER TRUCK_S2_EP 49_DRIVING LESSON, INTERRUPTED",Toonz Media,287440000,2025-09-29T06:28:11Z,208
Media Asset,3591451,SUPER TRUCK_S2_EP 45_RACETRACK HIGH JINKS,SUPER TRUCK_S2_EP 45_RACETRACK HIGH JINKS,Toonz Media,285200000,2025-09-29T06:28:11Z,208
Media Asset,3591450,SUPER TRUCK_S2_EP 46_TRICK-OR TREAT THEFT,SUPER TRUCK_S2_EP 46_TRICK-OR TREAT THEFT,Toonz Media,299880000,2025-09-29T06:28:11Z,208
Media Asset,3591449,SUPER TRUCK_S2_EP 51_HONEST RACE,SUPER TRUCK_S2_EP 51_HONEST RACE,Toonz Media,304680000,2025-09-29T06:28:05Z,208
Media Asset,3591448,SUPER TRUCK_S2_EP 47_IRTHDAY PARTY KINDNESS,SUPER TRUCK_S2_EP 47_IRTHDAY PARTY KINDNESS,Toonz Media,257360000,2025-09-29T06:27:50Z,208
Media Asset,3591447,04-01-18  OUR GUEST DR VICTORIA DEMENOVA,04-01-18  OUR GUEST DR VICTORIA DEMENOVA,PB-Archives-A,814915875,2025-09-29T06:27:44Z,208
Media Asset,3591446,SUPER TRUCK_S2_EP 44_CROCODILE ON THE LAM,SUPER TRUCK_S2_EP 44_CROCODILE ON THE LAM,Toonz Media,243960000,2025-09-29T06:27:36Z,208
Media Asset,3591445,SUPER TRUCK_S2_EP 43_SUNGLASSES PURSUIT,SUPER TRUCK_S2_EP 43_SUNGLASSES PURSUIT,Toonz Media,286760000,2025-09-29T06:27:31Z,208
Media Asset,3591444,SUPER TRUCK_S2_EP 41_ACTING OUT,SUPER TRUCK_S2_EP 41_ACTING OUT,Toonz Media,243240000,2025-09-29T06:26:34Z,208
Media Asset,3591443,SUPER TRUCK_S2_EP 39_LEARNING TO SHARE,SUPER TRUCK_S2_EP 39_LEARNING TO SHARE,Toonz Media,260520000,2025-09-29T06:26:30Z,208
Media Asset,3591442,SUPER TRUCK_S2_EP 35_LOST IN THE MAZE,SUPER TRUCK_S2_EP 35_LOST IN THE MAZE,Toonz Media,275280000,2025-09-29T06:26:25Z,208
Media Asset,3591441,SUPER TRUCK_S2_EP 37_HALLOWEEN MYSTERY,SUPER TRUCK_S2_EP 37_HALLOWEEN MYSTERY,Toonz Media,256840000,2025-09-29T06:26:21Z,208
Media Asset,3591440,SUPER TRUCK_S2_EP 30_ELECTION DAY MYSTERY,SUPER TRUCK_S2_EP 30_ELECTION DAY MYSTERY,Toonz Media,271200000,2025-09-29T06:26:15Z,208
Media Asset,3591439,SUPER TRUCK_S2_EP 32_ROCKET RESCUE,SUPER TRUCK_S2_EP 32_ROCKET RESCUE,Toonz Media,242800000,2025-09-29T06:26:15Z,208
Media Asset,3591438,SUPER TRUCK_S2_EP 42_LATE TO SCHOOL,SUPER TRUCK_S2_EP 42_LATE TO SCHOOL,Toonz Media,253840000,2025-09-29T06:26:05Z,208
Media Asset,3591437,SUPER TRUCK_S2_EP 36_NO PLACE FOR GAMES,SUPER TRUCK_S2_EP 36_NO PLACE FOR GAMES,Toonz Media,266720000,2025-09-29T06:25:11Z,208
Media Asset,3591436,SUPER TRUCK_S2_EP 34_OVER THE BRIDGE,SUPER TRUCK_S2_EP 34_OVER THE BRIDGE,Toonz Media,270240000,2025-09-29T06:24:40Z,208
Media Asset,3591435,SUPER TRUCK_S2_EP 29_READY TO ROLL,SUPER TRUCK_S2_EP 29_READY TO ROLL,Toonz Media,245400000,2025-09-29T06:24:35Z,208
Media Asset,3591434,SUPER TRUCK_S2_EP 40_SAFEGUARDING THE FARM,SUPER TRUCK_S2_EP 40_SAFEGUARDING THE FARM,Toonz Media,242800000,2025-09-29T06:24:35Z,208
Media Asset,3591433,SUPER TRUCK_S2_EP 31_WAKE-UP CALL,SUPER TRUCK_S2_EP 31_WAKE-UP CALL,Toonz Media,244280000,2025-09-29T06:24:20Z,208
Media Asset,3591432,SUPER TRUCK_S2_EP 38_SWEET AND SPOOKY SHENANIGANS,SUPER TRUCK_S2_EP 38_SWEET AND SPOOKY SHENANIGANS,Toonz Media,301960000,2025-09-29T06:23:55Z,208
Media Asset,3591431,SUPER TRUCK_S2_EP 33_BIRTHDAY CAKE CALAMITY,SUPER TRUCK_S2_EP 33_BIRTHDAY CAKE CALAMITY,Toonz Media,306320000,2025-09-29T06:23:50Z,208
Media Asset,3591430,SUPER TRUCK_S2_EP 28_TYRE RECOVERY,SUPER TRUCK_S2_EP 28_TYRE RECOVERY,Toonz Media,271320000,2025-09-29T06:23:50Z,208
Media Asset,3591429,SUPER TRUCK_S2_EP 23_SETTLING DOWN FOR SCHOOL,SUPER TRUCK_S2_EP 23_SETTLING DOWN FOR SCHOOL,Toonz Media,240440000,2025-09-29T06:23:14Z,208
Media Asset,3591428,SUPER TRUCK_S2_EP 21_SPOOKY SCHOOL DAY,SUPER TRUCK_S2_EP 21_SPOOKY SCHOOL DAY,Toonz Media,271760000,2025-09-29T06:23:10Z,208
Media Asset,3591427,SUPER TRUCK_S2_EP 25_COCONUT HEADACHE,SUPER TRUCK_S2_EP 25_COCONUT HEADACHE,Toonz Media,270800000,2025-09-29T06:23:04Z,208
Media Asset,3591426,"SUPER TRUCK_S2_EP 19_UP, UP AND AWAY","SUPER TRUCK_S2_EP 19_UP, UP AND AWAY",Toonz Media,273440000,2025-09-29T06:23:00Z,208
Media Asset,3591425,SUPER TRUCK_S2_EP 17_CAKE DELIVERY,SUPER TRUCK_S2_EP 17_CAKE DELIVERY,Toonz Media,270200000,2025-09-29T06:22:35Z,208
Media Asset,3591424,SUPER TRUCK_S2_EP 18_SUPER COOLDOWN,SUPER TRUCK_S2_EP 18_SUPER COOLDOWN,Toonz Media,318720000,2025-09-29T06:22:14Z,208
Media Asset,3591423,SUPER TRUCK_S2_EP 26_LEARNING TO RECYCLE,SUPER TRUCK_S2_EP 26_LEARNING TO RECYCLE,Toonz Media,244200000,2025-09-29T06:21:50Z,208
Media Asset,3591422,SUPER TRUCK_S2_EP 27_HOT AIR BALLOON CHASE,SUPER TRUCK_S2_EP 27_HOT AIR BALLOON CHASE,Toonz Media,270040000,2025-09-29T06:21:50Z,208
Media Asset,3591421,SUPER TRUCK_S2_EP 20_FARMYARD OLYMPICS,SUPER TRUCK_S2_EP 20_FARMYARD OLYMPICS,Toonz Media,241800000,2025-09-29T06:21:44Z,208
Media Asset,3591420,SUPER TRUCK_S2_EP 24_LITTLE PIRATE,SUPER TRUCK_S2_EP 24_LITTLE PIRATE,Toonz Media,315120000,2025-09-29T06:21:39Z,208
Media Asset,3591419,SUPER TRUCK_S2_EP 01_T-REX MENACE,SUPER TRUCK_S2_EP 01_T-REX MENACE,Toonz Media,282160000,2025-09-29T06:17:48Z,208
Media Asset,3590678,ALBELO RAJASTHNA ROLI AGARWAL,ALBELO RAJASTHNA ROLI AGARWAL,DD Rajasthan,3440240000,2025-09-29T05:45:11Z,208
Media Asset,3590677,ALBELO RAJASTHNA PARIS DESHMUKH,ALBELO RAJASTHNA PARIS DESHMUKH,DD Rajasthan,3123560000,2025-09-29T05:45:10Z,208
Media Asset,3590340,SUPER TRUCK_PROMO,SUPER TRUCK_PROMO,Toonz Media,31360000,2025-09-29T06:52:25Z,208
Media Asset,3590339,SUPER TRUCK_S1_EP 01_TUNNEL RACE,SUPER TRUCK_S1_EP 01_TUNNEL RACE,Toonz Media,310200000,2025-09-29T06:52:16Z,208
Media Asset,3590330,SUPER TRUCK_S2_EP 15_STUNT COMPETITION,SUPER TRUCK_S2_EP 15_STUNT COMPETITION,Toonz Media,311240000,2025-09-29T06:18:50Z,208
Media Asset,3590329,SUPER TRUCK_S2_EP 16_WIND POWER,SUPER TRUCK_S2_EP 16_WIND POWER,Toonz Media,269680000,2025-09-29T06:18:50Z,208
Media Asset,3590328,SUPER TRUCK_S2_EP 13_PIRATE DAY PARTY,SUPER TRUCK_S2_EP 13_PIRATE DAY PARTY,Toonz Media,270080000,2025-09-29T06:18:50Z,208
Media Asset,3590327,SUPER TRUCK_S2_EP 14_CONFETTI CLEAN-UP,SUPER TRUCK_S2_EP 14_CONFETTI CLEAN-UP,Toonz Media,252800000,2025-09-29T06:18:50Z,208
Media Asset,3590326,SUPER TRUCK_S2_EP 22_GARDENING LESSON,SUPER TRUCK_S2_EP 22_GARDENING LESSON,Toonz Media,270040000,2025-09-29T06:18:50Z,208
Media Asset,3590324,SUPER TRUCK_S2_EP 07_CANAL CHASE,SUPER TRUCK_S2_EP 07_CANAL CHASE,Toonz Media,315280000,2025-09-29T06:17:48Z,208
Media Asset,3590323,SUPER TRUCK_S2_EP 09_BIG WHEEL WOBBLE,SUPER TRUCK_S2_EP 09_BIG WHEEL WOBBLE,Toonz Media,271200000,2025-09-29T06:17:48Z,208
Media Asset,3590322,SUPER TRUCK_S2_EP 11_SPACE TRAVEL,SUPER TRUCK_S2_EP 11_SPACE TRAVEL,Toonz Media,269960000,2025-09-29T06:17:48Z,208
Media Asset,3590321,SUPER TRUCK_S2_EP 04_UNSTEADY DINOSAUR,SUPER TRUCK_S2_EP 04_UNSTEADY DINOSAUR,Toonz Media,254360000,2025-09-29T06:17:48Z,208
Media Asset,3590320,SUPER TRUCK_S2_EP 10_AMUSEMENT PARK FRIGHT,SUPER TRUCK_S2_EP 10_AMUSEMENT PARK FRIGHT,Toonz Media,244720000,2025-09-29T06:17:48Z,208
Media Asset,3590319,SUPER TRUCK_S2_EP 05_BALL PIT RESCUE,SUPER TRUCK_S2_EP 05_BALL PIT RESCUE,Toonz Media,314560000,2025-09-29T06:17:48Z,208
Media Asset,3590318,SUPER TRUCK_S2_EP 03_FLAT-OUT FIXED,SUPER TRUCK_S2_EP 03_FLAT-OUT FIXED,Toonz Media,314560000,2025-09-29T06:17:48Z,208
Media Asset,3590317,SUPER TRUCK_S2_EP 02_AFRAID OF HEIGHTS,SUPER TRUCK_S2_EP 02_AFRAID OF HEIGHTS,Toonz Media,271640000,2025-09-29T06:17:48Z,208
Media Asset,3590316,SUPER TRUCK_S2_EP 06_LITTLE HELPER,SUPER TRUCK_S2_EP 06_LITTLE HELPER,Toonz Media,315880000,2025-09-29T06:17:48Z,208
Media Asset,3590315,SUPER TRUCK_S2_EP 12_EXPLORING FOR TREASURE,SUPER TRUCK_S2_EP 12_EXPLORING FOR TREASURE,Toonz Media,270080000,2025-09-29T06:17:48Z,208
Media Asset,3590314,SUPER TRUCK_S2_EP 08_TREASURE HUNT,SUPER TRUCK_S2_EP 08_TREASURE HUNT,Toonz Media,252720000,2025-09-29T06:17:48Z,208
Media Asset,3590280,2609 DECODE SOCIAL FULL WAVES,2609 DECODE SOCIAL FULL WAVES,Decode,3325560000,2025-09-29T05:43:59Z,208
Media Asset,3588425,2709 DECODE SAT WEEKEND SOCIAL,2709 DECODE SAT WEEKEND SOCIAL,Decode,3404720000,2025-09-29T05:44:59Z,208
Media Asset,3588374,SUPER TRUCK_S1_EP 24_PANCAKE PROBLEM,SUPER TRUCK_S1_EP 24_PANCAKE PROBLEM,Toonz Media,318520000,2025-09-29T05:12:29Z,208
Media Asset,3588373,SUPER TRUCK_S1_EP 29_MOTHER'S DAY CUPCAKES,SUPER TRUCK_S1_EP 29_MOTHER'S DAY CUPCAKES,Toonz Media,264640000,2025-09-29T05:11:38Z,208
Media Asset,3588372,SUPER TRUCK_S1_EP 26_IT'S SHOWTIME,SUPER TRUCK_S1_EP 26_IT'S SHOWTIME,Toonz Media,323360000,2025-09-29T05:11:28Z,208
Media Asset,3588371,SUPER TRUCK_S1_EP 18_CHINESE NEW YEAR PARADE,SUPER TRUCK_S1_EP 18_CHINESE NEW YEAR PARADE,Toonz Media,321720000,2025-09-29T05:11:18Z,208
Media Asset,3588370,SUPER TRUCK_S1_EP 28_CLEAN RACE,SUPER TRUCK_S1_EP 28_CLEAN RACE,Toonz Media,278240000,2025-09-29T05:09:48Z,208
Media Asset,3588369,SUPER TRUCK_S1_EP 20_VALENTINE'S DAY DROP,SUPER TRUCK_S1_EP 20_VALENTINE'S DAY DROP,Toonz Media,316680000,2025-09-29T05:09:48Z,208
Media Asset,3588368,SUPER TRUCK_S1_EP 21_UNMASKING A GHOST,SUPER TRUCK_S1_EP 21_UNMASKING A GHOST,Toonz Media,316320000,2025-09-29T05:09:48Z,208
Media Asset,3588367,SUPER TRUCK_S1_EP 16_FIXING THE CHRISTMAS LIGHTS,SUPER TRUCK_S1_EP 16_FIXING THE CHRISTMAS LIGHTS,Toonz Media,318560000,2025-09-29T05:08:07Z,208
Media Asset,3588364,SUPER TRUCK_S1_EP 07_THE MISSING FROKLIFT,SUPER TRUCK_S1_EP 07_THE MISSING FROKLIFT,Toonz Media,321720000,2025-09-29T05:07:38Z,208
Media Asset,3588363,SUPER TRUCK_S1_EP 06_CANAL CLEAN-UP,SUPER TRUCK_S1_EP 06_CANAL CLEAN-UP,Toonz Media,317240000,2025-09-29T05:07:38Z,208
Media Asset,3588362,SUPER TRUCK_S1_EP 04_PROTECTING THE PARK,SUPER TRUCK_S1_EP 04_PROTECTING THE PARK,Toonz Media,307560000,2025-09-29T05:07:38Z,208
Media Asset,3588361,SUPER TRUCK_S1_EP 10_UNDER THE WEATHER,SUPER TRUCK_S1_EP 10_UNDER THE WEATHER,Toonz Media,312440000,2025-09-29T05:07:38Z,208
Media Asset,3588360,SUPER TRUCK_S1_EP 12_TOO MUCH ICE CREAM,SUPER TRUCK_S1_EP 12_TOO MUCH ICE CREAM,Toonz Media,318920000,2025-09-29T05:07:38Z,208
Media Asset,3588359,SUPER TRUCK_S1_EP 13_TAKING WHAT ISN'T OURS,SUPER TRUCK_S1_EP 13_TAKING WHAT ISN'T OURS,Toonz Media,320720000,2025-09-29T05:07:38Z,208
Media Asset,3588358,SUPER TRUCK_S1_EP 17_FATHER'S DAY BANNER,SUPER TRUCK_S1_EP 17_FATHER'S DAY BANNER,Toonz Media,298320000,2025-09-29T05:07:38Z,208
Media Asset,3588357,SUPER TRUCK_S1_EP 15_LEARNING TO FLY,SUPER TRUCK_S1_EP 15_LEARNING TO FLY,Toonz Media,318600000,2025-09-29T05:07:38Z,208
Media Asset,3588356,SUPER TRUCK_S1_EP 14_CHRISTMAS TREE RESCUE,SUPER TRUCK_S1_EP 14_CHRISTMAS TREE RESCUE,Toonz Media,313640000,2025-09-29T05:07:38Z,208
Media Asset,3588355,SUPER TRUCK_S1_EP 09_WHEELS ON THE GROUND,SUPER TRUCK_S1_EP 09_WHEELS ON THE GROUND,Toonz Media,308600000,2025-09-29T05:07:38Z,208
Media Asset,3588354,SUPER TRUCK_S1_EP 05_SPRINGING INTO ACTION,SUPER TRUCK_S1_EP 05_SPRINGING INTO ACTION,Toonz Media,308200000,2025-09-29T05:07:38Z,208
Media Asset,3588353,SUPER TRUCK_S1_EP 11_MISPLACED PRESENTS,SUPER TRUCK_S1_EP 11_MISPLACED PRESENTS,Toonz Media,315920000,2025-09-29T05:07:38Z,208
Media Asset,3588352,SUPER TRUCK_S1_EP 08_SAVING THE SCHOOL TRIP,SUPER TRUCK_S1_EP 08_SAVING THE SCHOOL TRIP,Toonz Media,319160000,2025-09-29T05:07:38Z,208
Media Asset,3588350,SUPER TRUCK_S1_EP 03_RUNAWAY TRACTOR,SUPER TRUCK_S1_EP 03_RUNAWAY TRACTOR,Toonz Media,316040000,2025-09-29T05:06:36Z,208
Media Asset,3588348,SUPER TRUCK_S1_EP 02_MAKING WAVES,SUPER TRUCK_S1_EP 02_MAKING WAVES,Toonz Media,311880000,2025-09-29T05:06:35Z,208
Media Asset,3588346,MANN KI BAAT_Episode126,MANN KI BAAT_Episode126,DD News,1863920000,2025-09-29T04:57:27Z,208
Media Asset,3588345,2809 DECODE SUN WEEKEND SOCIAL,2809 DECODE SUN WEEKEND SOCIAL,Decode,3105640000,2025-09-29T04:48:31Z,208
Media Asset,3588335,Achyutam Keshavam_MIR,Achyutam Keshavam_MIR,PB-Archives-A,290000000,2025-09-27T12:35:01Z,208
Media Asset,3587993,SUPER TRUCK_S1_EP 52_CLEARING THE LOGJAM,SUPER TRUCK_S1_EP 52_CLEARING THE LOGJAM,Toonz Media,321440000,2025-09-29T05:17:51Z,208
Media Asset,3587992,SUPER TRUCK_S1_EP 51_CHOCOLATE WHODUNNIT,SUPER TRUCK_S1_EP 51_CHOCOLATE WHODUNNIT,Toonz Media,311160000,2025-09-29T05:17:11Z,208
Media Asset,3587991,SUPER TRUCK_S1_EP 44_WATER DELIVERY,SUPER TRUCK_S1_EP 44_WATER DELIVERY,Toonz Media,319800000,2025-09-29T05:17:01Z,208
Media Asset,3587990,SUPER TRUCK_S1_EP 50_SOGGY BALL PIT,SUPER TRUCK_S1_EP 50_SOGGY BALL PIT,Toonz Media,271520000,2025-09-29T05:17:01Z,208
Media Asset,3587989,SUPER TRUCK_S1_EP 48_RUBBER DUCK BLOCKAGE,SUPER TRUCK_S1_EP 48_RUBBER DUCK BLOCKAGE,Toonz Media,279640000,2025-09-29T05:16:50Z,208
Media Asset,3587988,SUPER TRUCK_S1_EP 45_ROLLAWAY PASTRY,SUPER TRUCK_S1_EP 45_ROLLAWAY PASTRY,Toonz Media,290360000,2025-09-29T05:16:40Z,208
Media Asset,3587987,SUPER TRUCK_S1_EP 47_TOY RESCUE,SUPER TRUCK_S1_EP 47_TOY RESCUE,Toonz Media,280760000,2025-09-29T05:16:40Z,208
Media Asset,3587986,SUPER TRUCK_S1_EP 41_CHOCOLATE BELLYACHE,SUPER TRUCK_S1_EP 41_CHOCOLATE BELLYACHE,Toonz Media,279080000,2025-09-29T05:16:30Z,208
Media Asset,3587985,SUPER TRUCK_S1_EP 39_BRAIN FREEZE,SUPER TRUCK_S1_EP 39_BRAIN FREEZE,Toonz Media,283920000,2025-09-29T05:16:30Z,208
Media Asset,3587984,SUPER TRUCK_S1_EP 46_DRIBBLING THROUGH TRAFFIC,SUPER TRUCK_S1_EP 46_DRIBBLING THROUGH TRAFFIC,Toonz Media,280600000,2025-09-29T05:16:30Z,208
Media Asset,3587983,SUPER TRUCK_S1_EP 34_CHERRY BLOSSOM RESCUE,SUPER TRUCK_S1_EP 34_CHERRY BLOSSOM RESCUE,Toonz Media,284240000,2025-09-29T05:15:50Z,208
Media Asset,3587982,SUPER TRUCK_S1_EP 35_A BIT OF MAGIC,SUPER TRUCK_S1_EP 35_A BIT OF MAGIC,Toonz Media,271240000,2025-09-29T05:15:29Z,208
Media Asset,3587981,SUPER TRUCK_S1_EP 36_ROADWAY CONGESTION,SUPER TRUCK_S1_EP 36_ROADWAY CONGESTION,Toonz Media,319200000,2025-09-29T05:15:09Z,208
Media Asset,3587980,SUPER TRUCK_S1_EP 38_SONGKRAN WATER JET,SUPER TRUCK_S1_EP 38_SONGKRAN WATER JET,Toonz Media,317560000,2025-09-29T05:14:59Z,208
Media Asset,3587979,SUPER TRUCK_S1_EP 37_HEROES HELPING HEROES,SUPER TRUCK_S1_EP 37_HEROES HELPING HEROES,Toonz Media,326240000,2025-09-29T05:14:59Z,208
Media Asset,3587978,SUPER TRUCK_S1_EP 43_CANAL RESCUE,SUPER TRUCK_S1_EP 43_CANAL RESCUE,Toonz Media,319760000,2025-09-29T05:13:39Z,208
Media Asset,3587977,SUPER TRUCK_S1_EP 40_GLUEY SUPER LOOP,SUPER TRUCK_S1_EP 40_GLUEY SUPER LOOP,Toonz Media,320320000,2025-09-29T05:13:29Z,208
Media Asset,3587976,SUPER TRUCK_S1_EP 49_HIDE-AND-SEEK MISHAP,SUPER TRUCK_S1_EP 49_HIDE-AND-SEEK MISHAP,Toonz Media,323960000,2025-09-29T05:13:29Z,208
Media Asset,3587975,SUPER TRUCK_S1_EP 42_EASTER EGG HUNT,SUPER TRUCK_S1_EP 42_EASTER EGG HUNT,Toonz Media,318680000,2025-09-29T05:13:19Z,208
Media Asset,3587974,SUPER TRUCK_S1_EP 33_MARBLE ROADBLOCK,SUPER TRUCK_S1_EP 33_MARBLE ROADBLOCK,Toonz Media,326400000,2025-09-29T05:13:19Z,208
Media Asset,3587973,SUPER TRUCK_S1_EP 31_BUBBLE TROUBLE,SUPER TRUCK_S1_EP 31_BUBBLE TROUBLE,Toonz Media,321400000,2025-09-29T05:13:09Z,208
Media Asset,3587972,SUPER TRUCK_S1_EP 32_ROGUE PINATA,SUPER TRUCK_S1_EP 32_ROGUE PINATA,Toonz Media,319360000,2025-09-29T05:12:59Z,208
Media Asset,3587971,"SUPER TRUCK_S1_EP 23_SPEEDING UP, SLOWING DOWN","SUPER TRUCK_S1_EP 23_SPEEDING UP, SLOWING DOWN",Toonz Media,321560000,2025-09-29T05:12:59Z,208
Media Asset,3587970,SUPER TRUCK_S1_EP 22_GIANT DRILL TO THE RESCUE,SUPER TRUCK_S1_EP 22_GIANT DRILL TO THE RESCUE,Toonz Media,319360000,2025-09-29T05:12:38Z,208
Media Asset,3587969,SUPER TRUCK_S1_EP 27_SAVING SAINT PATRICK'S DAY,SUPER TRUCK_S1_EP 27_SAVING SAINT PATRICK'S DAY,Toonz Media,305640000,2025-09-29T05:12:29Z,208
Media Asset,3587968,SUPER TRUCK_S1_EP 19_STUCK IN CEMENT,SUPER TRUCK_S1_EP 19_STUCK IN CEMENT,Toonz Media,322200000,2025-09-29T05:12:29Z,208
Media Asset,3587967,SUPER TRUCK_S1_EP 25_SWEET LESSON IN RESPECT,SUPER TRUCK_S1_EP 25_SWEET LESSON IN RESPECT,Toonz Media,314880000,2025-09-29T05:11:48Z,208
Media Asset,3587966,SUPER TRUCK_S1_EP 30_HAY ON THE RACETRACK,SUPER TRUCK_S1_EP 30_HAY ON THE RACETRACK,Toonz Media,317560000,2025-09-29T05:11:38Z,208
Media Asset,3587957,Rupam Dehi_Edit,Rupam Dehi_Edit,PB-Archives-A,229729500,2025-09-27T15:27:03Z,208
Media Asset,3587944,The one who breaks the all_MIR,The one who breaks the all_MIR,PB-Archives-A,185360000,2025-09-27T12:47:46Z,208
Media Asset,3587943,Mahatma Gandhi's 156th birth anniversary,Mahatma Gandhi's 156th birth anniversary,PB-Archives-A,52059138,2025-09-27T09:14:49Z,208
Media Asset,3587941,DND-HR-VOH-2309-PART-11-SARPANCH-5-PKGS-PM-HBD-DND,DND-HR-VOH-2309-PART-11-SARPANCH-5-PKGS-PM-HBD-DND,PB-Archives-A,901320000,2025-09-27T08:14:38Z,208
Media Asset,3587260,4fdc63bb-65ba-4a21-81dd-fb54a6503f3f.mp4,4fdc63bb-65ba-4a21-81dd-fb54a6503f3f.mp4,PB-Archives-A,268560000,2025-09-27T05:46:29Z,208
Media Asset,3587087,9610ba9e-cda1-4fb4-a5a2-d3642a41bd79.mp4,9610ba9e-cda1-4fb4-a5a2-d3642a41bd79.mp4,PB-Archives-A,199560000,2025-09-27T05:45:21Z,208
Media Asset,3586090,6442a6bd-85dd-44ba-a43c-9938c8442b9f.mp4,6442a6bd-85dd-44ba-a43c-9938c8442b9f.mp4,PB-Archives-A,586710998,2025-09-26T12:53:56Z,208
Media Asset,3586089,509dd459-d528-4832-a3fd-4f6f0f984e9e.mp4,509dd459-d528-4832-a3fd-4f6f0f984e9e.mp4,PB-Archives-A,605438005,2025-09-26T12:53:55Z,208
Media Asset,3586088,ee1dcde6-e1c2-4ae9-aea9-e646ce6a151e.mp4,ee1dcde6-e1c2-4ae9-aea9-e646ce6a151e.mp4,PB-Archives-A,561227007,2025-09-26T12:53:55Z,208
Media Asset,3586087,ab25143f-c9f1-4f80-b2fe-7ae4079c9adb.mp4,ab25143f-c9f1-4f80-b2fe-7ae4079c9adb.mp4,PB-Archives-A,614947007,2025-09-26T12:53:33Z,208
Media Asset,3586086,ed44a473-a829-472b-8cff-82793565d246.mp4,ed44a473-a829-472b-8cff-82793565d246.mp4,PB-Archives-A,587961995,2025-09-26T12:53:31Z,208
Media Asset,3586085,0feadb9b-c821-49d8-8a94-9293bdca770a.mp4,0feadb9b-c821-49d8-8a94-9293bdca770a.mp4,PB-Archives-A,614780998,2025-09-26T12:53:31Z,208
Media Asset,3586084,125f168c-5f14-4d86-9298-534afe85e232.mp4,125f168c-5f14-4d86-9298-534afe85e232.mp4,PB-Archives-A,599557007,2025-09-26T12:53:25Z,208
Media Asset,3586083,ac797b37-607f-424e-8ca5-3af4951566d2.mp4,ac797b37-607f-424e-8ca5-3af4951566d2.mp4,PB-Archives-A,611819002,2025-09-26T12:53:08Z,208
Media Asset,3585903,713db9b9-7d01-448f-8483-0f3a127b8763.mp4,713db9b9-7d01-448f-8483-0f3a127b8763.mp4,PB-Archives-A,475140998,2025-09-26T12:53:56Z,208
Media Asset,3585902,bda180dd-5fdd-430b-a9a8-94f592de3f89.mp4,bda180dd-5fdd-430b-a9a8-94f592de3f89.mp4,PB-Archives-A,588046009,2025-09-26T12:53:55Z,208
Media Asset,3585901,b07c7e85-dfad-43a3-8898-187182a88562.mp4,b07c7e85-dfad-43a3-8898-187182a88562.mp4,PB-Archives-A,579411995,2025-09-26T12:53:50Z,208
Media Asset,3585900,898fbfc7-9a38-44d4-9026-8d01ed3264ec.mp4,898fbfc7-9a38-44d4-9026-8d01ed3264ec.mp4,PB-Archives-A,595470000,2025-09-26T12:53:43Z,208
Media Asset,3585899,f5b37be3-f093-4caa-b698-3d8c6d2cf251.mp4,f5b37be3-f093-4caa-b698-3d8c6d2cf251.mp4,PB-Archives-A,566190000,2025-09-26T12:53:33Z,208
Media Asset,3585898,28c4e59f-46e2-4a6a-a7a3-d7e40d7c5f07.mp4,28c4e59f-46e2-4a6a-a7a3-d7e40d7c5f07.mp4,PB-Archives-A,601059002,2025-09-26T12:53:31Z,208
Media Asset,3585897,d93f020a-8292-4eb2-86a8-166d3ed3fdf7.mp4,d93f020a-8292-4eb2-86a8-166d3ed3fdf7.mp4,PB-Archives-A,520143991,2025-09-26T12:53:31Z,208
Media Asset,3585896,78a00e01-364f-4748-ac77-bbca4ada5d1d.mp4,78a00e01-364f-4748-ac77-bbca4ada5d1d.mp4,PB-Archives-A,588420998,2025-09-26T12:53:11Z,208
Media Asset,3584766,Devi,Devi,PB-Archives-A,195720000,2025-09-27T03:53:59Z,208
Media Asset,3584765,Aigiri Nandini,Aigiri Nandini,PB-Archives-A,241080000,2025-09-27T03:39:53Z,208
Media Asset,3584753,Final Epi- 12 My experiment with the truth Mahatma Gandhi,Final Epi- 12 My experiment with the truth Mahatma Gandhi,PB-Archives-A,595469875,2025-09-26T12:51:36Z,208
Media Asset,3584752,Final Epi- 04 My experiment with the truth Mahatma Gandhi,Final Epi- 04 My experiment with the truth Mahatma Gandhi,PB-Archives-A,566190625,2025-09-26T12:51:36Z,208
Media Asset,3584751,Final Epi- 13 My experiment with the truth Mahatma Gandhi,Final Epi- 13 My experiment with the truth Mahatma Gandhi,PB-Archives-A,601058792,2025-09-26T12:51:36Z,208
Media Asset,3584750,Final Epi- 05 My experiment with the truth Mahatma Gandhi,Final Epi- 05 My experiment with the truth Mahatma Gandhi,PB-Archives-A,605438167,2025-09-26T12:51:36Z,208
Media Asset,3584749,Final Epi- 09 My experiment with the truth Mahatma Gandhi,Final Epi- 09 My experiment with the truth Mahatma Gandhi,PB-Archives-A,561227333,2025-09-26T12:51:36Z,208
Media Asset,3584748,Final Epi- 06 My experiment with the truth Mahatma Gandhi,Final Epi- 06 My experiment with the truth Mahatma Gandhi,PB-Archives-A,614780833,2025-09-26T12:51:36Z,208
Media Asset,3584747,Final Epi- 02 My experiment with the truth Mahatma Gandhi,Final Epi- 02 My experiment with the truth Mahatma Gandhi,PB-Archives-A,586711125,2025-09-26T12:51:36Z,208
Media Asset,3584746,Final Epi- 08 My experiment with the truth Mahatma Gandhi,Final Epi- 08 My experiment with the truth Mahatma Gandhi,PB-Archives-A,614947667,2025-09-26T12:51:36Z,208
Media Asset,3584745,Final Epi- 01 My experiment with the truth Mahatma Gandhi,Final Epi- 01 My experiment with the truth Mahatma Gandhi,PB-Archives-A,588045792,2025-09-26T12:51:36Z,208
Media Asset,3584744,Final Epi- 14 My experiment with the truth Mahatma Gandhi,Final Epi- 14 My experiment with the truth Mahatma Gandhi,PB-Archives-A,475141333,2025-09-26T12:51:36Z,208
Media Asset,3584743,Final Epi- 07 My experiment with the truth Mahatma Gandhi,Final Epi- 07 My experiment with the truth Mahatma Gandhi,PB-Archives-A,579412167,2025-09-26T12:51:36Z,208
Media Asset,3584742,Final Epi- 10 My experiment with the truth Mahatma Gandhi,Final Epi- 10 My experiment with the truth Mahatma Gandhi,PB-Archives-A,587962375,2025-09-26T12:51:36Z,208
Media Asset,3584741,Final Epi- 15 My experiment with the truth Mahatma Gandhi,Final Epi- 15 My experiment with the truth Mahatma Gandhi,PB-Archives-A,520144625,2025-09-26T12:51:36Z,208
Media Asset,3584733,Inheritance_LGP LOGO_EN,Inheritance_LGP LOGO_EN,Lions Gate,108920000,2025-09-26T11:31:34Z,208
Media Asset,3584728,Shakthi E147,Shakthi E147,DD Podhigai (Chennai),1417960000,2025-09-26T09:53:19Z,208
Media Asset,3584714,ALBELO RAJASTHNA PANKAJ SINGH,ALBELO RAJASTHNA PANKAJ SINGH,DD Rajasthan,3803920000,2025-09-26T09:45:21Z,208
Media Asset,3584713,Rambo Last Blood_REMOVED SEP,Rambo Last Blood_REMOVED SEP,Lions Gate,71450000,2025-09-26T09:42:08Z,208
Media Asset,3584712,30SEC_LGP LOGO_League Of Gods,30SEC_LGP LOGO_League Of Gods,Lions Gate,27375000,2025-09-26T09:40:05Z,208
Media Asset,3584711,Mahila Svavlamban Ek Kadam Vikas Ki Aur (MAMTA RANA) Ep-05,Mahila Svavlamban Ek Kadam Vikas Ki Aur (MAMTA RANA) Ep-05,DD Kisan,1458280000,2025-09-26T09:25:28Z,208
Media Asset,3584710,Mahila Swavlamban Ek Kadam Vikas Ki Aur(SHYAMA DEVI) Ep-04,Mahila Swavlamban Ek Kadam Vikas Ki Aur(SHYAMA DEVI) Ep-04,DD Kisan,1459640000,2025-09-26T09:24:31Z,208
Media Asset,3584709,Mahila Svavlamban Ek Kadam Vikas Ki Aur (KEEMA DEVI)Ep-03,Mahila Svavlamban Ek Kadam Vikas Ki Aur (KEEMA DEVI)Ep-03,DD Kisan,1474680000,2025-09-26T09:23:34Z,208
Media Asset,3584708,Mahila Svavlamban Ek Kadam Vikas Ki Aur (SUMITRA DEVI)Ep-02,Mahila Svavlamban Ek Kadam Vikas Ki Aur (SUMITRA DEVI)Ep-02,DD Kisan,1456080000,2025-09-26T09:22:11Z,208
Media Asset,3584707,Mahila Svavlamban  Ek Kadam Vikas Ki Aur Ep-11 Rupinder kaur,Mahila Svavlamban  Ek Kadam Vikas Ki Aur Ep-11 Rupinder kaur,DD Kisan,1473240000,2025-09-26T09:16:17Z,208
Media Asset,3584706,Mahila Svavlamban  Ek Kadam Vikas Ki Aur Ep-10 Marami Kalita,Mahila Svavlamban  Ek Kadam Vikas Ki Aur Ep-10 Marami Kalita,DD Kisan,1443200000,2025-09-26T09:15:24Z,208
Media Asset,3583780,Dhan Puraaye_Trilok,Dhan Puraaye_Trilok,PB-Archives-A,268584000,2025-09-27T05:45:27Z,208
Media Asset,3583779,Veena Dhaarini_Trilok,Veena Dhaarini_Trilok,PB-Archives-A,199584000,2025-09-27T05:44:22Z,208
Media Asset,3583752,Final Epi- 11 My experiment with the truth Mahatma Gandhi,Final Epi- 11 My experiment with the truth Mahatma Gandhi,PB-Archives-A,599557292,2025-09-26T12:51:36Z,208
Media Asset,3583751,Final Epi- 03 My experiment with the truth Mahatma Gandhi,Final Epi- 03 My experiment with the truth Mahatma Gandhi,PB-Archives-A,588421167,2025-09-26T12:51:36Z,208
Media Asset,3583750,Final Epi- 16 My experiment with the truth Mahatma Gandhi,Final Epi- 16 My experiment with the truth Mahatma Gandhi,PB-Archives-A,611819542,2025-09-26T12:51:36Z,208
Media Asset,3583737,AamchiAnanyaEp104,AamchiAnanyaEp104,DD Mumbai,1341280000,2025-09-26T12:41:32Z,208
Media Asset,3583733,HEJJARU_DD_FINAL_1920-1080_REVISION2,HEJJARU_DD_FINAL_1920-1080_REVISION2,Gagana Enterprises,6979000000,2025-09-26T12:29:17Z,208
Media Asset,3583724,Shakthi E149,Shakthi E149,DD Podhigai (Chennai),1416440000,2025-09-26T10:14:59Z,208
Media Asset,3583722,Shakthi E148,Shakthi E148,DD Podhigai (Chennai),1420400000,2025-09-26T10:00:17Z,208
Media Asset,3583719,Mahila Svavlamban Ek Kadam Vikas Ki Aur (AMRITA)Ep-01,Mahila Svavlamban Ek Kadam Vikas Ki Aur (AMRITA)Ep-01,DD Kisan,1448040000,2025-09-26T09:09:53Z,208
Media Asset,3583718,Mahila Svavlamban  Ek Kadam Vikas Ki Aur Ep-09 SEEMA RANI,Mahila Svavlamban  Ek Kadam Vikas Ki Aur Ep-09 SEEMA RANI,DD Kisan,1442680000,2025-09-26T09:08:29Z,208
Media Asset,3583717,DND-HR-VOH-2409-PART-10-SARPANCH-5-PKGS-PM-HBD-DND,DND-HR-VOH-2409-PART-10-SARPANCH-5-PKGS-PM-HBD-DND,PB-Archives-A,889160000,2025-09-26T08:56:25Z,208
Media Asset,3583716,ALBELO RAJASTHNA MANDEEP RAMANA,ALBELO RAJASTHNA MANDEEP RAMANA,DD Rajasthan,3656080000,2025-09-26T08:55:01Z,208
Media Asset,3583715,ALBELO RAJASTHAN RAVINDRA UPADHYAY,ALBELO RAJASTHAN RAVINDRA UPADHYAY,DD Rajasthan,3761640000,2025-09-26T08:55:00Z,208
Media Asset,3583714,ALBELO RAJASTHAN PRIYA,ALBELO RAJASTHAN PRIYA,DD Rajasthan,3604240000,2025-09-26T08:53:59Z,208
Media Asset,3583713,ALBELO RAJASTHAN RASHMI UPPPAL,ALBELO RAJASTHAN RASHMI UPPPAL,DD Rajasthan,3543760000,2025-09-26T08:53:59Z,208
Media Asset,3583712,ALBELO RAJASTHAN MANOJ KUMAR SHARMA,ALBELO RAJASTHAN MANOJ KUMAR SHARMA,DD Rajasthan,3300680000,2025-09-26T08:52:59Z,208
Media Asset,3583711,ALBELO RAJASTHAN JYOTI TOMAR,ALBELO RAJASTHAN JYOTI TOMAR,DD Rajasthan,3641600000,2025-09-26T08:52:59Z,208
Media Asset,3583710,ALBELO RAJASTHAN DR TULIKA GUPTA,ALBELO RAJASTHAN DR TULIKA GUPTA,DD Rajasthan,3952000000,2025-09-26T08:52:59Z,208
Media Asset,3583709,ANAMOL KHAZAANA BHAAG 1,ANAMOL KHAZAANA BHAAG 1,DD Rajasthan,1565880000,2025-09-26T08:51:59Z,208
Media Asset,3583708,ALBELO RAJASRHAN RAGHUSHREE PODDAR,ALBELO RAJASRHAN RAGHUSHREE PODDAR,DD Rajasthan,3598040000,2025-09-26T08:51:59Z,208
Media Asset,3580815,Dhai Aakhar_Teasurer,Dhai Aakhar_Teasurer,Kabir Communications,160000000,2025-09-26T05:54:59Z,208
Media Asset,3580800,DND-HR-VOH-2309-PART-9-SARPANCH-5-PKGS-PM-HBD-DND,DND-HR-VOH-2309-PART-9-SARPANCH-5-PKGS-PM-HBD-DND,PB-Archives-A,886600000,2025-09-25T12:23:39Z,208
Media Asset,3580794,Dhai Aakhar_Treasure,Dhai Aakhar_Treasure,Kabir Communications,160000000,2025-09-25T10:32:50Z,208
Media Asset,3580792,HEJJARU_DD_FINAL_MOV_TEST,HEJJARU_DD_FINAL_MOV_TEST,Gagana Enterprises,126680000,2025-09-25T09:43:30Z,208
Media Asset,3580782,Mahila Svavlamban Ek Kadam Vikas Ki  Ep-08 (Poonam Prajapati),Mahila Svavlamban Ek Kadam Vikas Ki  Ep-08 (Poonam Prajapati),DD Kisan,1459280000,2025-09-25T08:53:31Z,208
Media Asset,3580781,Mahila Svavlamban Ek Kadam Vikas Ki Aur Ep-07 (PRIYANKA GUPTA),Mahila Svavlamban Ek Kadam Vikas Ki Aur Ep-07 (PRIYANKA GUPTA),DD Kisan,1455880000,2025-09-25T08:52:40Z,208
Media Asset,3580780,Mahila Svavlamban  Ek Kadam Vikas Ki Aur Ep-06 (Bhavri DEVI),Mahila Svavlamban  Ek Kadam Vikas Ki Aur Ep-06 (Bhavri DEVI),DD Kisan,1457920000,2025-09-25T08:48:46Z,208
Media Asset,3580760,KBR_EP_80_S2_MIX_MASTER OTT,KBR_EP_80_S2_MIX_MASTER OTT,Sagar World,1451000000,2025-09-25T07:13:24Z,208
Media Asset,3580759,KBR_EP_79_S2_MIX_MASTER OTT,KBR_EP_79_S2_MIX_MASTER OTT,Sagar World,1518000000,2025-09-25T07:13:23Z,208
Media Asset,3580758,KBR_EP_78_S2_MIX_MASTER OTT,KBR_EP_78_S2_MIX_MASTER OTT,Sagar World,1565000000,2025-09-25T07:12:24Z,208
Media Asset,3580214,India in motion_s0_E0,India in motion_s0_E0,DD National,11114000,2025-09-26T06:36:44Z,208
Media Asset,3580208,2509 DECODE SOCIAL FULL WAVES NEW,2509 DECODE SOCIAL FULL WAVES NEW,Decode,3334560000,2025-09-26T04:36:03Z,208
Media Asset,3577308,X & Y SONG 5,X & Y SONG 5,DDK BANGALORE,250320000,2025-09-25T04:57:28Z,208
Media Asset,3577307,X & Y SONG 3,X & Y SONG 3,DDK BANGALORE,190640000,2025-09-25T04:56:28Z,208
Media Asset,3577306,X & Y SONG 4,X & Y SONG 4,DDK BANGALORE,167960000,2025-09-25T04:56:28Z,208
Media Asset,3577305,X & Y SONG 2,X & Y SONG 2,DDK BANGALORE,145320000,2025-09-25T04:55:26Z,208
Media Asset,3577304,X & Y SONG 1,X & Y SONG 1,DDK BANGALORE,269760000,2025-09-25T04:54:26Z,208
Media Asset,3577303,RAKSHAKA Song 1,RAKSHAKA Song 1,DDK BANGALORE,214200000,2025-09-25T04:53:25Z,208
Media Asset,3577302,Arasayyana Prema Prasanga Song 2 Lyrics,Arasayyana Prema Prasanga Song 2 Lyrics,DDK BANGALORE,192240000,2025-09-25T04:53:25Z,208
Media Asset,3577301,Arasayyana Prema Prasanga Song 1 Lyrics,Arasayyana Prema Prasanga Song 1 Lyrics,DDK BANGALORE,229880000,2025-09-25T04:52:24Z,208
Media Asset,3577297,2409 DECODE SOCIAL FULL WAVES,2409 DECODE SOCIAL FULL WAVES,Decode,2914640000,2025-09-25T04:03:36Z,208
Media Asset,3577284,Shakthi E146,Shakthi E146,DD Podhigai (Chennai),1456000000,2025-09-24T10:35:18Z,208
Media Asset,3577283,Shakthi E145,Shakthi E145,DD Podhigai (Chennai),1423600000,2025-09-24T10:28:25Z,208
Media Asset,3577282,Shakthi E144 Final,Shakthi E144 Final,DD Podhigai (Chennai),1446240000,2025-09-24T10:22:03Z,208
Media Asset,3577279,TGICS EP 05 MIX MASTER WAVES V02,TGICS EP 05 MIX MASTER WAVES V02,DD Sport,2558000000,2025-09-24T09:56:38Z,208
Media Asset,3577278,TGICS EP 04 MIX MASTER WAVES V03,TGICS EP 04 MIX MASTER WAVES V03,DD Sport,2577000000,2025-09-24T09:56:38Z,208
Media Asset,3577250,DND-HR-VOH-1909-PART-8-SARPANCH-5-PKGS-PM-HBD-DND,DND-HR-VOH-1909-PART-8-SARPANCH-5-PKGS-PM-HBD-DND,DD National,1024520000,2025-09-24T09:04:47Z,208
Media Asset,3577239,HEJJARU TRAILER FULL,HEJJARU TRAILER FULL,Gagana Enterprises,139000000,2025-09-24T07:21:54Z,208
Media Asset,3577227,HEJJARU_DD_FINAL,HEJJARU_DD_FINAL,Gagana Enterprises,6979000000,2025-09-24T04:55:58Z,208
Media Asset,3577225,2309 DECODE SOCIAL FULL WAVES,2309 DECODE SOCIAL FULL WAVES,Decode,3278080000,2025-09-24T04:35:30Z,208
Media Asset,3577224,DND-HR-VOH-1809-PART-7-SARPANCH-5-PKGS-PM-HBD-DND,DND-HR-VOH-1809-PART-7-SARPANCH-5-PKGS-PM-HBD-DND,PB-Archives-A,979760000,2025-09-24T04:32:00Z,208
Media Asset,3577223,DND-HR-PROG-2309-PM-HBD-WISHES-INT,DND-HR-PROG-2309-PM-HBD-WISHES-INT,PB-Archives-A,1403760000,2025-09-24T04:32:00Z,208
Media Asset,3577221,Dhai Aakhar_Trailer,Dhai Aakhar_Trailer,Kabir Communications,160000000,2025-09-23T14:11:48Z,208
Media Asset,3576998,dea9c949-4d15-4560-9c54-9bc08bcb9a94.mp4,dea9c949-4d15-4560-9c54-9bc08bcb9a94.mp4,PB-Archives-A,3507599002,2025-09-24T08:35:25Z,208
Media Asset,3576900,Shakthi E143,Shakthi E143,DD Podhigai (Chennai),1411520000,2025-09-24T10:13:58Z,208
Media Asset,3576849,ZUBEEN GARG INTERVIEW BY AKASHVANI GUWAHATI,ZUBEEN GARG INTERVIEW BY AKASHVANI GUWAHATI,PB-Archives-A,3507600000,2025-09-24T08:33:09Z,208
Media Asset,3576832,Shakthi E142,Shakthi E142,DD Podhigai (Chennai),1432880000,2025-09-24T06:09:54Z,208
Media Asset,3576828,DND-HR-PROG-2309-PM-HBD-WISHES-INT-MIR,DND-HR-PROG-2309-PM-HBD-WISHES-INT-MIR,PB-Archives-A,1403760000,2025-09-24T05:01:26Z,208
Media Asset,3576826,FAUJI02_EP_125_MASTER OTT,FAUJI02_EP_125_MASTER OTT,Fauji2.0,1312120000,2025-09-23T11:02:29Z,208
Media Asset,3576824,Laut Ke Aae Mere Meet Ep-52,Laut Ke Aae Mere Meet Ep-52,DD Kisan,1384120000,2025-09-23T10:40:42Z,208
Media Asset,3576822,Laut Ke Aae Mere Meet Ep-51,Laut Ke Aae Mere Meet Ep-51,DD Kisan,1338880000,2025-09-23T10:29:47Z,208
Media Asset,3576821,Laut Ke Aae Mere Meet Ep-50,Laut Ke Aae Mere Meet Ep-50,DD Kisan,1406240000,2025-09-23T10:28:55Z,208
Media Asset,3576820,Laut Ke Aae Mere Meet Ep-49,Laut Ke Aae Mere Meet Ep-49,DD Kisan,1493600000,2025-09-23T10:28:03Z,208
Media Asset,3576816,Laut Ke Aae Mere Meet Ep-48,Laut Ke Aae Mere Meet Ep-48,DD Kisan,1336480000,2025-09-23T10:22:41Z,208
Media Asset,3573581,FAUJI02_EP_124_MASTER OTT,FAUJI02_EP_124_MASTER OTT,Fauji2.0,1309040000,2025-09-23T10:19:11Z,208
Media Asset,3573580,FAUJI02_EP_123_MASTER OTT,FAUJI02_EP_123_MASTER OTT,Fauji2.0,1311040000,2025-09-23T10:18:10Z,208
Media Asset,3573579,FAUJI02_EP_122_MASTER OTT,FAUJI02_EP_122_MASTER OTT,Fauji2.0,1327120000,2025-09-23T10:18:10Z,208
Media Asset,3573578,FAUJI02_EP_121_MASTER OTT,FAUJI02_EP_121_MASTER OTT,Fauji2.0,1330080000,2025-09-23T10:17:10Z,208
Media Asset,3573570,Laut Ke Aae Mere Meet Ep-44,Laut Ke Aae Mere Meet Ep-44,DD Kisan,1375680000,2025-09-23T09:33:07Z,208
Media Asset,3573557,MIDNIGHTY2021,MIDNIGHTY2021,Lions Gate,67160000,2025-09-23T09:25:18Z,208
Media Asset,3573556,The Piper_30 SEC LGP,The Piper_30 SEC LGP,Lions Gate,30000000,2025-09-23T09:25:18Z,208
Media Asset,3573555,LateNightWithTheDevil 30 secs LGP,LateNightWithTheDevil 30 secs LGP,Lions Gate,30030000,2025-09-23T09:25:18Z,208
Media Asset,3573554,Demonic 30Sec LGP,Demonic 30Sec LGP,Lions Gate,30030000,2025-09-23T09:25:17Z,208
Media Asset,3573536,ZWR_S1_EP12,ZWR_S1_EP12,Zindagi Live,2206040000,2025-09-23T08:51:58Z,208
Media Asset,3573535,ZWR_S1_EP10,ZWR_S1_EP10,Zindagi Live,1802720000,2025-09-23T08:51:58Z,208
Media Asset,3573534,ZWR_S1_EP11,ZWR_S1_EP11,Zindagi Live,1240080000,2025-09-23T08:51:58Z,208
Media Asset,3573533,ZWR_S1_EP9,ZWR_S1_EP9,Zindagi Live,1335160000,2025-09-23T08:51:58Z,208
Media Asset,3573532,ZWR_S3_EP3,ZWR_S3_EP3,Zindagi Live,684292063,2025-09-23T08:50:58Z,208
Media Asset,3573531,ZWR_S1_EP4,ZWR_S1_EP4,Zindagi Live,853890612,2025-09-23T08:50:58Z,208
Media Asset,3573530,ZWR_S1_EP6,ZWR_S1_EP6,Zindagi Live,862920000,2025-09-23T08:50:58Z,208
Media Asset,3573529,ZWR_S1_EP7,ZWR_S1_EP7,Zindagi Live,1068160000,2025-09-23T08:50:58Z,208
Media Asset,3573528,ZWR_S1_EP5,ZWR_S1_EP5,Zindagi Live,1830440000,2025-09-23T08:50:58Z,208
Media Asset,3573527,ZWR_S1_EP8,ZWR_S1_EP8,Zindagi Live,1365800000,2025-09-23T08:50:58Z,208
Media Asset,3573526,ZWR_S1_EP1,ZWR_S1_EP1,Zindagi Live,1795343673,2025-09-23T08:49:57Z,208
Media Asset,3573510,Shakthi E141 Rev,Shakthi E141 Rev,DD Podhigai (Chennai),1444520000,2025-09-23T07:19:14Z,208
Media Asset,3572561,Laut Ke Aae Mere Meet Ep-47,Laut Ke Aae Mere Meet Ep-47,DD Kisan,1387800000,2025-09-23T09:38:47Z,208
Media Asset,3572559,Laut Ke Aae Mere Meet Ep-46,Laut Ke Aae Mere Meet Ep-46,DD Kisan,1393680000,2025-09-23T09:37:53Z,208
Media Asset,3572557,Laut Ke Aae Mere Meet Ep-45,Laut Ke Aae Mere Meet Ep-45,DD Kisan,1373480000,2025-09-23T09:36:45Z,208
Media Asset,3572523,ZWR_S1_EP2,ZWR_S1_EP2,Zindagi Live,1091000000,2025-09-23T08:49:57Z,208
Media Asset,3572512,FALLY2022,FALLY2022,Lions Gate,146920000,2025-09-23T07:14:45Z,208
Media Asset,3572511,Adrift 30 secs LGP_WITH ALCHOHOL WARNING,Adrift 30 secs LGP_WITH ALCHOHOL WARNING,Lions Gate,29446083,2025-09-23T07:14:45Z,208
Media Asset,3572508,Shakthi E140 rev,Shakthi E140 rev,DD Podhigai (Chennai),1453400000,2025-09-23T07:12:11Z,208
Media Asset,3572504,Replicas 30 secs LGP,Replicas 30 secs LGP,Lions Gate,30030000,2025-09-23T07:02:41Z,208
Media Asset,3572503,Shakthi E136 Final,Shakthi E136 Final,DD Podhigai (Chennai),1444680000,2025-09-23T07:00:47Z,208
Media Asset,3572480,DND-HR-2009-PM-HBD-CEO-DOCUMENTRY-SURAJ-DND,DND-HR-2009-PM-HBD-CEO-DOCUMENTRY-SURAJ-DND,PB-Archives-A,1194720000,2025-09-23T04:44:44Z,208
Media Asset,3572479,2209 DECODE SOCIAL FULL WAVES,2209 DECODE SOCIAL FULL WAVES,Decode,3309400000,2025-09-23T04:44:20Z,208
Media Asset,3569684,2c6eb643-4a73-48a5-8854-4a4d4a975c77.mp4,2c6eb643-4a73-48a5-8854-4a4d4a975c77.mp4,PB-Archives-A,15650000,2025-09-22T05:10:46Z,208
Media Asset,3569602,2109-1900 E NARENDRA MODI – SWA SE SAMAGRA TAK EPI-02_reencoded,2109-1900 E NARENDRA MODI – SWA SE SAMAGRA TAK EPI-02_reencoded,PB-Archives-A,2800800000,2025-09-22T11:23:41Z,208
Media Asset,3569599,47 METERSDOWNUNCAGEDY_LGP,47 METERSDOWNUNCAGEDY_LGP,Lions Gate,27240000,2025-09-22T11:08:58Z,208
Media Asset,3569597,DND-HR-VOH-1809-PART-6-SARPANCH-5-PKGS-PM-HBD-DND,DND-HR-VOH-1809-PART-6-SARPANCH-5-PKGS-PM-HBD-DND,PB-Archives-A,1031000000,2025-09-22T10:32:31Z,208
Media Asset,3569596,DND-HR-VOH-1709-PART-5-SARPANCH-5-PKGS-PM-HBD-DND,DND-HR-VOH-1709-PART-5-SARPANCH-5-PKGS-PM-HBD-DND,PB-Archives-A,989080000,2025-09-22T10:27:04Z,208
Media Asset,3569594,2009-1900 E NARENDRA MODI – SWA SE SAMAGRA TAK EPI-01N_reencoded,2009-1900 E NARENDRA MODI – SWA SE SAMAGRA TAK EPI-01N_reencoded,PB-Archives-A,2949440000,2025-09-22T10:07:30Z,208
Media Asset,3569580,Shakthi E141 Final,Shakthi E141 Final,DD Podhigai (Chennai),1444520000,2025-09-22T06:31:44Z,208
Media Asset,3569576,Navratri,Navratri,PB-Archives-A,15650249,2025-09-22T05:09:51Z,208
Media Asset,3569563,2109 DECODE SOCIAL WAVES,2109 DECODE SOCIAL WAVES,Decode,3143560000,2025-09-22T04:40:17Z,208
Media Asset,3569562,2009 SAT SPL SOCIAL MEDIA,2009 SAT SPL SOCIAL MEDIA,Decode,3409120000,2025-09-22T04:40:17Z,208
Media Asset,3568729,Shakthi E138Rev,Shakthi E138Rev,DD Podhigai (Chennai),1435560000,2025-09-23T07:06:05Z,208
Media Asset,3568728,Hellboy trailer_hindi,Hellboy trailer_hindi,Lions Gate,120840000,2025-09-23T07:02:42Z,208
Media Asset,3568727,Hunter Killer 30 Sec_Hindi,Hunter Killer 30 Sec_Hindi,Lions Gate,30613917,2025-09-23T07:02:42Z,208
Media Asset,3568689,DHAI_AAKHAR_FF_UHD_STEREO_20250917,DHAI_AAKHAR_FF_UHD_STEREO_20250917,Kabir Communications,5875584000,2025-09-22T08:17:06Z,208
Media Asset,3568039,457eecc6-53f8-4edc-970f-c880c990dc80.mp4,457eecc6-53f8-4edc-970f-c880c990dc80.mp4,PB-Archives-A,159196009,2025-09-20T12:47:32Z,208
Media Asset,3568038,e77da046-3a55-4f8f-8fec-df7f5f1acc45.mp4,e77da046-3a55-4f8f-8fec-df7f5f1acc45.mp4,PB-Archives-A,190194649,2025-09-20T12:47:32Z,208
Media Asset,3568037,4312af5a-4946-4153-a575-40ba83bce4c9.mp4,4312af5a-4946-4153-a575-40ba83bce4c9.mp4,PB-Archives-A,157291973,2025-09-20T12:47:32Z,208
Media Asset,3568036,cc2a56d2-0d63-442a-83d1-d46faee8dc5c.mp4,cc2a56d2-0d63-442a-83d1-d46faee8dc5c.mp4,PB-Archives-A,44164354,2025-09-20T12:47:25Z,208
Media Asset,3568035,4e8bb900-7195-4a41-8fc2-b3f59eedd4da.mp4,4e8bb900-7195-4a41-8fc2-b3f59eedd4da.mp4,PB-Archives-A,174637279,2025-09-20T12:47:25Z,208
Media Asset,3567108,ba90ef18-d3df-4604-8b17-c25add3f7bad.mp4,ba90ef18-d3df-4604-8b17-c25add3f7bad.mp4,PB-Archives-A,213530703,2025-09-20T12:47:32Z,208
Media Asset,3567107,1f63de45-dd2c-406a-a81b-a107e30fe699.mp4,1f63de45-dd2c-406a-a81b-a107e30fe699.mp4,PB-Archives-A,190844807,2025-09-20T12:47:25Z,208
Media Asset,3567106,64f4ce4d-eda9-4d12-ab6f-a8c53d9ff6b4.mp4,64f4ce4d-eda9-4d12-ab6f-a8c53d9ff6b4.mp4,PB-Archives-A,227091156,2025-09-20T12:47:25Z,208
Media Asset,3567105,6f863912-f62c-4064-9370-457fff38463e.mp4,6f863912-f62c-4064-9370-457fff38463e.mp4,PB-Archives-A,140596825,2025-09-20T12:47:19Z,208
Media Asset,3565968,"शर नवदरग सततरम _ Navratri - Day-9  नवरतर - नवम, मत सदधदतर सतत","शर नवदरग सततरम _ Navratri - Day-9  नवरतर - नवम, मत सदधदतर सतत",PB-Archives-A,157309388,2025-09-20T12:46:13Z,208
Media Asset,3565967,"शर नवदरग सततरम _ Navratri - Day-4  नवरतर - चतरथ, मत कषमड सतत","शर नवदरग सततरम _ Navratri - Day-4  नवरतर - चतरथ, मत कषमड सतत",PB-Archives-A,159216327,2025-09-20T12:46:13Z,208
Media Asset,3565966,"शर नवदरग सततरम _ Navratri - Day-8  नवरतर - अषटम, मत महगर सतत","शर नवदरग सततरम _ Navratri - Day-8  नवरतर - अषटम, मत महगर सतत",PB-Archives-A,227108571,2025-09-20T12:46:13Z,208
Media Asset,3565965,"शर नवदरग सततरम _ Navratri - Day -2  नवरतर - दवतय, मत  बरहमचरण सतत","शर नवदरग सततरम _ Navratri - Day -2  नवरतर - दवतय, मत  बरहमचरण सतत",PB-Archives-A,190850612,2025-09-20T12:46:13Z,208
Media Asset,3565964,"शर नवदरग सततरम _ Navratri - Day-6  नवरतर - षषठ, मत कतययन सतत","शर नवदरग सततरम _ Navratri - Day-6  नवरतर - षषठ, मत कतययन सतत",PB-Archives-A,190197551,2025-09-20T12:46:13Z,208
Media Asset,3565963,"शर नवदरग सततरम _ Navratri - Day-3  नवरतर - ततय, मत चनदरघट सतत","शर नवदरग सततरम _ Navratri - Day-3  नवरतर - ततय, मत चनदरघट सतत",PB-Archives-A,213551020,2025-09-20T12:46:13Z,208
Media Asset,3565962,"शर नवदरग सततरम _ Navratri - Day-7  नवरतर - सपतम, मत कलरतर सतत","शर नवदरग सततरम _ Navratri - Day-7  नवरतर - सपतम, मत कलरतर सतत",PB-Archives-A,174654694,2025-09-20T12:46:13Z,208
Media Asset,3565961,"शर नवदरग सततरम _ Navratri - Day-5  नवरतर - पचम, मत सकदमत सतत","शर नवदरग सततरम _ Navratri - Day-5  नवरतर - पचम, मत सकदमत सतत",PB-Archives-A,140617143,2025-09-20T12:46:13Z,208
Media Asset,3565960,"शर नवदरग सततरम _ Navratri - Day-1  नवरतर - परतपद, मत शलपतर सतत","शर नवदरग सततरम _ Navratri - Day-1  नवरतर - परतपद, मत शलपतर सतत",PB-Archives-A,44173061,2025-09-20T12:46:13Z,208
Media Asset,3565959,2109-1900 E NARENDRA MODI – SWA SE SAMAGRA TAK EPI-02,2109-1900 E NARENDRA MODI – SWA SE SAMAGRA TAK EPI-02,PB-Archives-A,2800760000,2025-09-20T12:38:37Z,208
Media Asset,3565957,2009-1900 E NARENDRA MODI – SWA SE SAMAGRA TAK EPI-01N,2009-1900 E NARENDRA MODI – SWA SE SAMAGRA TAK EPI-01N,PB-Archives-A,2949440000,2025-09-20T12:20:09Z,208
Media Asset,3565936,1909 DECODE SOCIAL FULL WAVES,1909 DECODE SOCIAL FULL WAVES,Decode,3444320000,2025-09-20T10:54:42Z,208
Media Asset,3565908,RNU CHANDIGARH DOCUMENTARY,RNU CHANDIGARH DOCUMENTARY,PB-Archives-A,1872120000,2025-09-20T08:50:26Z,208
Media Asset,3565873,Modi Documentary RNU HYD 20-9-2025,Modi Documentary RNU HYD 20-9-2025,PB-Archives-A,1978640000,2025-09-20T11:55:10Z,208
Media Asset,3565861,DOCUMENTRY MP KE MAN MAE MODI,DOCUMENTRY MP KE MAN MAE MODI,PB-Archives-A,1470440000,2025-09-20T10:16:18Z,208
Media Asset,3565850,MODI _BIRTH DAY_2025 Wp,MODI _BIRTH DAY_2025 Wp,PB-Archives-A,1529360000,2025-09-20T09:52:24Z,208
Media Asset,3563259,DND-HR-VOH-1709-PART-4-SARPANCH-5-PKGS-PM-HBD-DND_1,DND-HR-VOH-1709-PART-4-SARPANCH-5-PKGS-PM-HBD-DND_1,PB-Archives-A,984680000,2025-09-20T07:14:42Z,208
Media Asset,3563248,PM DOCUMENTRY FOR RNU AHMEDABAD,PM DOCUMENTRY FOR RNU AHMEDABAD,PB-Archives-A,2809480000,2025-09-20T06:57:21Z,208
Media Asset,3563239,( RNU IMPHAL) PM MODI  SPECIAL FOCUS ON DEVELOPMENT OF MANIPUR,( RNU IMPHAL) PM MODI  SPECIAL FOCUS ON DEVELOPMENT OF MANIPUR,PB-Archives-A,2915240000,2025-09-20T05:53:13Z,208
Media Asset,3563237,Meghalaya - Celebrating Prime MinisterNarendra Modi's 75th Birthday,Meghalaya - Celebrating Prime MinisterNarendra Modi's 75th Birthday,PB-Archives-A,1530680000,2025-09-20T05:48:53Z,208
Media Asset,3563235,Maharashtra aani modi_marathi_3rd final,Maharashtra aani modi_marathi_3rd final,PB-Archives-A,2920280000,2025-09-20T05:34:44Z,208
Media Asset,3563233,MODI-O-BANGLA DD KOLKATA Documentary,MODI-O-BANGLA DD KOLKATA Documentary,PB-Archives-A,1635562667,2025-09-20T05:27:05Z,208
Media Asset,3563232,Andhrapradesh Telugu Under the leadership of Prime Minister Narendra Modi - Andhra Pradesh as a symbol of Development - A Special Story,Andhrapradesh Telugu Under the leadership of Prime Minister Narendra Modi - Andhra Pradesh as a symbol of Development - A Special Story,PB-Archives-A,3118800000,2025-09-20T05:27:05Z,208
Media Asset,3563223,RNU Shimla PM Modi program,RNU Shimla PM Modi program,PB-Archives-A,1615240000,2025-09-20T05:20:34Z,208
Media Asset,3563222,RNU Lucknow show1- Namo Namah,RNU Lucknow show1- Namo Namah,PB-Archives-A,1620053333,2025-09-20T05:18:24Z,208
Media Asset,3563221,RNU Lucknow Show2- 75 Saal 75 Faisale,RNU Lucknow Show2- 75 Saal 75 Faisale,PB-Archives-A,1469973333,2025-09-20T05:18:24Z,208
Media Asset,3563060, Karmyog - FINAL 4K.mov, Karmyog - FINAL 4K.mov,DD National,,2025-09-19T16:24:36Z,208
Media Asset,3561344,JALANDHAR_RNU_PM_BIRTHDAY_DOCUMENTARY,JALANDHAR_RNU_PM_BIRTHDAY_DOCUMENTARY,PB-Archives-A,1438440000,2025-09-20T07:41:51Z,208
Media Asset,3561321,RNU Jaipur PM MODI PROGRAM,RNU Jaipur PM MODI PROGRAM,PB-Archives-A,1677200000,2025-09-20T05:22:44Z,208
Media Asset,3561319,PM DOCU ASSAMESE 17-09 SOCIAL MEDIA,PM DOCU ASSAMESE 17-09 SOCIAL MEDIA,PB-Archives-A,2102720000,2025-09-20T05:16:14Z,208
Media Asset,3561297,Karmyog - FINAL 4K,Karmyog - FINAL 4K,PB-Archives-A,1702080000,2025-09-19T12:40:39Z,208
Media Asset,3561288,Mera Gaon Aaj_S0_E0,Mera Gaon Aaj_S0_E0,PB-Archives-A,11114000,2025-09-19T12:39:34Z,208
Media Asset,3561269,Namo Birthday_EP_02_HINDI MASTER updated,Namo Birthday_EP_02_HINDI MASTER updated,PB-Archives-A,2867000000,2025-09-19T11:10:08Z,208
Media Asset,3561267,HR-PROG-1709-SANKALP-KI-SHAKTI-SUSHASAN-KA-SAMARTHYA,HR-PROG-1709-SANKALP-KI-SHAKTI-SUSHASAN-KA-SAMARTHYA,PB-Archives-A,1473080000,2025-09-19T10:58:11Z,208
Media Asset,3561266,Shakthi E140 Final,Shakthi E140 Final,DD Podhigai (Chennai),1453400000,2025-09-19T10:31:56Z,208
Media Asset,3561265,Shakthi E138 Final,Shakthi E138 Final,DD Podhigai (Chennai),1435560000,2025-09-19T10:26:36Z,208
Media Asset,3560776,CJH_Hindi_Stereo.mp4,CJH_Hindi_Stereo.mp4,PB-Archives-A,,2025-09-19T07:30:05Z,208
Media Asset,3558713,HINDI UTTRAKHAND DOCUMENTRY ON PM MODI,HINDI UTTRAKHAND DOCUMENTRY ON PM MODI,PB-Archives-A,830000000,2025-09-19T12:19:53Z,208
Media Asset,3558712,Tamil_PM BIRTHDAY DOCUMENTRY TAMIL - SEP 2025-002,Tamil_PM BIRTHDAY DOCUMENTRY TAMIL - SEP 2025-002,PB-Archives-A,1696720000,2025-09-19T12:14:26Z,208
Media Asset,3558711,EP 01 HINDI FINAL MASTER updated,EP 01 HINDI FINAL MASTER updated,PB-Archives-A,3015000000,2025-09-19T12:13:20Z,208
Media Asset,3558710,RNU Bengaluru_Modi Naadina Dhwani_Documentary-003,RNU Bengaluru_Modi Naadina Dhwani_Documentary-003,PB-Archives-A,1612560000,2025-09-19T12:02:27Z,208
Media Asset,3558708,PM MODI PROGRAM EDITED NEW FINAL-001,PM MODI PROGRAM EDITED NEW FINAL-001,PB-Archives-A,1677200000,2025-09-19T11:56:58Z,208
Media Asset,3558706,DND-HR-1909-PM-HBD-GLOBAL-STATESMAN-DND-AMIT-DND-TILL-PM-BIRTHDAY,DND-HR-1909-PM-HBD-GLOBAL-STATESMAN-DND-AMIT-DND-TILL-PM-BIRTHDAY,PB-Archives-A,1438080000,2025-09-19T11:43:56Z,208
Media Asset,3558704,PM MALAYALAM DOCUMENTRY-007,PM MALAYALAM DOCUMENTRY-007,PB-Archives-A,1330640000,2025-09-19T11:40:41Z,208
Media Asset,3558694,Shakthi E141,Shakthi E141,DD Podhigai (Chennai),1444520000,2025-09-19T09:24:34Z,208
Media Asset,3558693,Bhakti Dhara - Navratri Special - Mata Ki Bhet----ARDGDVC-3011251,Bhakti Dhara - Navratri Special - Mata Ki Bhet----ARDGDVC-3011251,PB-Archives-A,1353040000,2025-09-19T09:15:44Z,208
Media Asset,3558690,DND-HR-VOH-1509-FINAL-PART-1-SARPANCH-5-PKGS-PM-HBD-DND-COPYS,DND-HR-VOH-1509-FINAL-PART-1-SARPANCH-5-PKGS-PM-HBD-DND-COPYS,PB-Archives-A,840760000,2025-09-19T08:27:51Z,208
Media Asset,3558688,DND-HR-VOH-1509-FINAL-PART-1-SARPANCH-5-PKGS-PM-HBD-DND_copy,DND-HR-VOH-1509-FINAL-PART-1-SARPANCH-5-PKGS-PM-HBD-DND_copy,PB-Archives-A,840760000,2025-09-19T08:19:08Z,208
Media Asset,3558687,DND-HR-VOH-1509-PART-3-SARPANCH-5-PKGS-PM-HBD-DND,DND-HR-VOH-1509-PART-3-SARPANCH-5-PKGS-PM-HBD-DND,PB-Archives-A,831680000,2025-09-19T07:51:54Z,208
Media Asset,3558686,DND-HR-VOH-1509-FINAL-PART-2-SARPANCH-5-PKGS-PM-HBD-DND,DND-HR-VOH-1509-FINAL-PART-2-SARPANCH-5-PKGS-PM-HBD-DND,PB-Archives-A,934440000,2025-09-19T07:50:48Z,208
Media Asset,3558681,Laut Ke Aae Mere Meet Ep-43,Laut Ke Aae Mere Meet Ep-43,DD Kisan,1363800000,2025-09-19T06:23:13Z,208
Media Asset,3558680,Laut Ke Aae Mere Meet Ep-42,Laut Ke Aae Mere Meet Ep-42,DD Kisan,1435160000,2025-09-19T06:22:25Z,208
Media Asset,3558679,Laut Ke Aae Mere Meet Ep-41,Laut Ke Aae Mere Meet Ep-41,DD Kisan,1382840000,2025-09-19T06:20:18Z,208
Media Asset,3558678,Laut Ke Aae Mere Meet Ep-40,Laut Ke Aae Mere Meet Ep-40,DD Kisan,1384120000,2025-09-19T06:17:12Z,208
Media Asset,3558665,Doc 14,Doc 14,DD National,211080000,2025-09-19T05:32:51Z,208
Media Asset,3558664,Doc 12,Doc 12,DD National,223120000,2025-09-19T05:31:48Z,208
Media Asset,3558663,Doc 11,Doc 11,DD National,251800000,2025-09-19T05:30:45Z,208
Media Asset,3558662,Aviation 9,Aviation 9,DD National,238720000,2025-09-19T05:30:45Z,208
Media Asset,3558661,Aviation 8,Aviation 8,DD National,266360000,2025-09-19T05:29:42Z,208
Media Asset,3558660,Aviation 6,Aviation 6,DD National,255600000,2025-09-19T05:29:42Z,208
Media Asset,3558659,Aviation 7,Aviation 7,DD National,239960000,2025-09-19T05:29:42Z,208
Media Asset,3558658,Aviation 5,Aviation 5,DD National,253400000,2025-09-19T05:28:39Z,208
Media Asset,3558657,Aviation 2,Aviation 2,DD National,275440000,2025-09-19T05:28:39Z,208
Media Asset,3558655,Laut Ke Aae Mere Meet Ep-39,Laut Ke Aae Mere Meet Ep-39,DD Kisan,1450920000,2025-09-19T05:26:06Z,208
Media Asset,3558654,Laut Ke Aae Mere Meet Ep-38,Laut Ke Aae Mere Meet Ep-38,DD Kisan,1421200000,2025-09-19T05:25:12Z,208
Media Asset,3558653,Laut Ke Aae Mere Meet Ep-37,Laut Ke Aae Mere Meet Ep-37,DD Kisan,1421440000,2025-09-19T05:20:55Z,208
Media Asset,3558646,1809 DECODE SOCIAL FULL WAVES,1809 DECODE SOCIAL FULL WAVES,Decode,3366280000,2025-09-19T04:57:39Z,208
Media Asset,3558644,TVC 12 ayodhya airport_,TVC 12 ayodhya airport_,DD National,53560000,2025-09-18T11:08:45Z,208
Media Asset,3558643,TVC 10 Coastal Road_,TVC 10 Coastal Road_,DD National,59800000,2025-09-18T11:07:42Z,208
Media Asset,3558642,TVC 9 Gati Shakti_,TVC 9 Gati Shakti_,DD National,63720000,2025-09-18T11:06:39Z,208
Media Asset,3558641,TVC 8 D-M Expressway_,TVC 8 D-M Expressway_,DD National,61560000,2025-09-18T11:06:39Z,208
Media Asset,3558640,TVC 7 Dhola Sadiya Bridge_,TVC 7 Dhola Sadiya Bridge_,DD National,58160000,2025-09-18T11:05:35Z,208
Media Asset,3558639,TVC 6 Trans Harbour_,TVC 6 Trans Harbour_,DD National,42760000,2025-09-18T11:05:35Z,208
Media Asset,3558638,TVC 5 Modern rail bridges_,TVC 5 Modern rail bridges_,DD National,43840000,2025-09-18T11:04:33Z,208
Media Asset,3558637,TVC 3 Amrit Stations_,TVC 3 Amrit Stations_,DD National,58960000,2025-09-18T11:03:30Z,208
Media Asset,3558636,TVC 4 Namo Bharat_,TVC 4 Namo Bharat_,DD National,60760000,2025-09-18T11:03:29Z,208
Media Asset,3558635,TV 2 Vande Bharat_,TV 2 Vande Bharat_,DD National,59320000,2025-09-18T11:01:23Z,208
Media Asset,3558634,TVC 1-Chenab Bridge_,TVC 1-Chenab Bridge_,DD National,66320000,2025-09-18T11:00:21Z,208
Media Asset,3558583,TGICS EP 06 MIX MASTER WAVES,TGICS EP 06 MIX MASTER WAVES,DD Sport,2630000000,2025-09-18T11:46:03Z,208
Media Asset,3557306,CJH Hindi Trailer ProRes (1),CJH Hindi Trailer ProRes (1),PB-Archives-A,60000000,2025-09-19T07:23:26Z,208
Media Asset,3557304,Shakthi E140,Shakthi E140,DD Podhigai (Chennai),1453440000,2025-09-19T07:17:37Z,208
Media Asset,3557303,CJH-Multiple-Audio,CJH-Multiple-Audio,PB-Archives-A,1860680000,2025-09-19T07:15:56Z,208
Media Asset,3557302,Shakthi E139,Shakthi E139,DD Podhigai (Chennai),1437720000,2025-09-19T07:12:02Z,208
Media Asset,3557301,Shakthi E138,Shakthi E138,DD Podhigai (Chennai),1435600000,2025-09-19T07:06:46Z,208
Media Asset,3557299,Aviation 4,Aviation 4,DD National,234400000,2025-09-19T05:41:17Z,208
Media Asset,3557298,Aviation 10,Aviation 10,DD National,269640000,2025-09-19T05:41:17Z,208
Media Asset,3557297,Aviation 3,Aviation 3,DD National,256840000,2025-09-19T05:41:17Z,208
Media Asset,3557296,Aviation 1,Aviation 1,DD National,241320000,2025-09-19T05:41:17Z,208
Media Asset,3557287,Doc 32,Doc 32,DD National,282800000,2025-09-19T05:40:14Z,208
Media Asset,3557286,Doc 33,Doc 33,DD National,264040000,2025-09-19T05:40:14Z,208
Media Asset,3557285,Doc 34,Doc 34,DD National,275760000,2025-09-19T05:40:14Z,208
Media Asset,3557284,Doc 30,Doc 30,DD National,267960000,2025-09-19T05:39:11Z,208
Media Asset,3557283,Doc 28,Doc 28,DD National,245000000,2025-09-19T05:39:11Z,208
Media Asset,3557282,Doc 29,Doc 29,DD National,183000000,2025-09-19T05:39:11Z,208
Media Asset,3557281,Doc 31,Doc 31,DD National,314400000,2025-09-19T05:39:11Z,208
Media Asset,3557280,Doc 26,Doc 26,DD National,262760000,2025-09-19T05:38:07Z,208
Media Asset,3557279,Doc 25,Doc 25,DD National,243680000,2025-09-19T05:38:07Z,208
Media Asset,3557278,Doc 27,Doc 27,DD National,228600000,2025-09-19T05:38:07Z,208
Media Asset,3557277,Doc 22,Doc 22,DD National,318080000,2025-09-19T05:37:04Z,208
Media Asset,3557276,Doc 24,Doc 24,DD National,263200000,2025-09-19T05:37:04Z,208
Media Asset,3557275,Doc 23,Doc 23,DD National,245120000,2025-09-19T05:37:04Z,208
Media Asset,3557274,Doc 21,Doc 21,DD National,248280000,2025-09-19T05:36:01Z,208
Media Asset,3557273,Doc 20,Doc 20,DD National,237440000,2025-09-19T05:36:01Z,208
Media Asset,3557272,Doc 19,Doc 19,DD National,239800000,2025-09-19T05:34:57Z,208
Media Asset,3557271,Doc 18,Doc 18,DD National,246040000,2025-09-19T05:34:57Z,208
Media Asset,3557270,Doc 16,Doc 16,DD National,279760000,2025-09-19T05:33:55Z,208
Media Asset,3557269,Doc 17,Doc 17,DD National,262640000,2025-09-19T05:33:55Z,208
Media Asset,3557268,Doc 13,Doc 13,DD National,321880000,2025-09-19T05:32:51Z,208
Media Asset,3557267,Doc 15,Doc 15,DD National,169680000,2025-09-19T05:32:51Z,208
Media Asset,3557264,Shakthi E137,Shakthi E137,DD Podhigai (Chennai),1443680000,2025-09-18T12:14:06Z,208
Media Asset,3557263,Shakthi E136,Shakthi E136,DD Podhigai (Chennai),1444680000,2025-09-18T12:07:36Z,208
Media Asset,3557248,TGICS EP 03 MIX MASTER WAVES,TGICS EP 03 MIX MASTER WAVES,DD Sport,2582000000,2025-09-18T11:21:59Z,208
Media Asset,3557246,TVC 13 Digi Yatra_,TVC 13 Digi Yatra_,DD National,54080000,2025-09-18T11:08:45Z,208
Media Asset,3557245,TVC 14 New Airports_,TVC 14 New Airports_,DD National,59280000,2025-09-18T11:08:45Z,208
Media Asset,3557244,TVC 15 Udan Scheme_,TVC 15 Udan Scheme_,DD National,52640000,2025-09-18T11:08:45Z,208
Media Asset,3557243,TVC 11 Donyi Polo_,TVC 11 Donyi Polo_,DD National,59440000,2025-09-18T11:07:42Z,208
Media Asset,3554757,RAILWAYS EP1,RAILWAYS EP1,DD National,2203880000,2025-09-17T10:46:21Z,208
Media Asset,3554748,Future of India Ep 4,Future of India Ep 4,DD National,1321880000,2025-09-17T10:36:54Z,208
Media Asset,3554747,Aviation Ep3,Aviation Ep3,DD National,1360440000,2025-09-17T10:33:44Z,208
Media Asset,3554727,AamchiAnanyaEp29,AamchiAnanyaEp29,DD Mumbai,1465640000,2025-09-17T10:02:46Z,208
Media Asset,3554697,KBR_EP_77_S2_MIX_MASTER OTT,KBR_EP_77_S2_MIX_MASTER OTT,Sagar World,1599960000,2025-09-17T09:03:19Z,208
Media Asset,3554696,KBR_EP_76_S2_MIX_MASTER OTT,KBR_EP_76_S2_MIX_MASTER OTT,Sagar World,1462000000,2025-09-17T09:02:18Z,208
Media Asset,3554695,KBR_EP_75_S2_MIX_MASTER OTT,KBR_EP_75_S2_MIX_MASTER OTT,Sagar World,1486000000,2025-09-17T09:02:18Z,208
Media Asset,3553380,Anuradha Paudwal--Navratri Ke Nau Din Aaye,Anuradha Paudwal--Navratri Ke Nau Din Aaye,PB-Archives-A,362600000,2025-09-18T09:02:27Z,208
Media Asset,3553379,09955K,09955K,PB-Archives-A,1328000000,2025-09-18T08:58:06Z,208
Media Asset,3553378,Navratri Spl - Amarjit Singh Bulee,Navratri Spl - Amarjit Singh Bulee,PB-Archives-A,1272160000,2025-09-18T08:39:35Z,208
Media Asset,3553377,Navratri Spl - Narendra Chanchal,Navratri Spl - Narendra Chanchal,PB-Archives-A,1483040000,2025-09-18T08:39:35Z,208
Media Asset,3553373,SunoKahani_Chitrakathi_Epp015_Reupload,SunoKahani_Chitrakathi_Epp015_Reupload,DD Mumbai,1339040000,2025-09-18T07:45:24Z,208
Media Asset,3553339,1709 DECODE SOCIAL FULL WAVES,1709 DECODE SOCIAL FULL WAVES,Decode,3298240000,2025-09-18T04:50:06Z,208
Media Asset,3553330,ROADS EP 2,ROADS EP 2,DD National,1706080000,2025-09-17T10:57:54Z,208
Media Asset,3553324,AamchiAnanyaEp30,AamchiAnanyaEp30,DD Mumbai,1486960000,2025-09-17T10:17:15Z,208
Media Asset,3553314,Ganesh Visarjan 2025 OTT Rev,Ganesh Visarjan 2025 OTT Rev,DD Mumbai,10775680000,2025-09-17T09:39:15Z,208
Media Asset,3553308,KBR_EP_73_S2_MIX_MASTER OTT,KBR_EP_73_S2_MIX_MASTER OTT,Sagar World,1483000000,2025-09-17T09:01:18Z,208
Media Asset,3553307,KBR_EP_74_S2_MIX_MASTER OTT,KBR_EP_74_S2_MIX_MASTER OTT,Sagar World,1473400000,2025-09-17T09:01:18Z,208
Media Asset,3550739,TGICS_PROMO_01,TGICS_PROMO_01,DD Sport,50600000,2025-09-17T08:05:51Z,208
Media Asset,3547244,Laut Ke Aae Mere Meet Ep-36,Laut Ke Aae Mere Meet Ep-36,DD Kisan,1384880000,2025-09-16T11:18:37Z,208
Media Asset,3547243,Laut Ke Aae Mere Meet Ep-35,Laut Ke Aae Mere Meet Ep-35,DD Kisan,1389560000,2025-09-16T11:17:16Z,208
Media Asset,3547242,Laut Ke Aae Mere Meet Ep-34,Laut Ke Aae Mere Meet Ep-34,DD Kisan,1400800000,2025-09-16T11:05:04Z,208
Media Asset,3547241,Laut Ke Aae Mere Meet Ep-33,Laut Ke Aae Mere Meet Ep-33,DD Kisan,1420800000,2025-09-16T11:04:14Z,208
Media Asset,3547240,Laut Ke Aae Mere Meet Ep-32,Laut Ke Aae Mere Meet Ep-32,DD Kisan,1379040000,2025-09-16T10:53:01Z,208
Media Asset,3547231,Laut Ke Aae Mere Meet Ep-31,Laut Ke Aae Mere Meet Ep-31,DD Kisan,1392920000,2025-09-16T10:52:11Z,208
Media Asset,3547230,Laut Ke Aae Mere Meet Ep-30,Laut Ke Aae Mere Meet Ep-30,DD Kisan,1375120000,2025-09-16T10:39:38Z,208
Media Asset,3547229,Laut Ke Aae Mere Meet Ep-29,Laut Ke Aae Mere Meet Ep-29,DD Kisan,1420000000,2025-09-16T10:38:42Z,208
Media Asset,3547228,Laut Ke Aae Mere Meet Ep-28,Laut Ke Aae Mere Meet Ep-28,DD Kisan,1454520000,2025-09-16T10:23:36Z,208
Media Asset,3547227,Laut Ke Aae Mere Meet Ep-27,Laut Ke Aae Mere Meet Ep-27,DD Kisan,1390280000,2025-09-16T10:19:09Z,208
Media Asset,3546297,1609 DECODE SOCIAL FULL WAVES,1609 DECODE SOCIAL FULL WAVES,Decode,3270840000,2025-09-17T04:52:10Z,208
Media Asset,3546296,TGICS EP 02 MIX MASTER WAVES_V01,TGICS EP 02 MIX MASTER WAVES_V01,DD Sport,2619000000,2025-09-17T04:46:07Z,208
Media Asset,3543382,Zinda Itihaas_Showmeta,Zinda Itihaas_Showmeta,PB-Archives-A,11114000,2025-09-16T09:22:59Z,208
Media Asset,3543371,TGICS_WAVES_PROMO_169_WITH_LOGO_V01,TGICS_WAVES_PROMO_169_WITH_LOGO_V01,DD Sport,43200000,2025-09-16T08:25:15Z,208
Media Asset,3543368,CJH Hindi Trailer ProRes,CJH Hindi Trailer ProRes,PB-Archives-A,60000000,2025-09-16T07:28:53Z,208
Media Asset,3543292,Laut Ke Aae Mere Meet Ep-24,Laut Ke Aae Mere Meet Ep-24,DD Kisan,1428680000,2025-09-15T08:47:24Z,208
Media Asset,3543291,Laut Ke Aae Mere Meet Ep-23,Laut Ke Aae Mere Meet Ep-23,DD Kisan,1387480000,2025-09-15T08:46:13Z,208
Media Asset,3542546,1509 DECODE SOCIAL FULL WAVES,1509 DECODE SOCIAL FULL WAVES,Decode,3453960000,2025-09-16T04:56:11Z,208
Media Asset,3542517,Laut Ke Aae Mere Meet Ep-22,Laut Ke Aae Mere Meet Ep-22,DD Kisan,1391320000,2025-09-15T09:26:41Z,208
Media Asset,3542516,Laut Ke Aae Mere Meet Ep-21,Laut Ke Aae Mere Meet Ep-21,DD Kisan,1405840000,2025-09-15T09:25:43Z,208
Media Asset,3542514,Laut Ke Aae Mere Meet Ep-20,Laut Ke Aae Mere Meet Ep-20,DD Kisan,1391720000,2025-09-15T09:24:22Z,208
Media Asset,3542513,Laut Ke Aae Mere Meet Ep-19,Laut Ke Aae Mere Meet Ep-19,DD Kisan,1392920000,2025-09-15T09:20:02Z,208
Media Asset,3542507,Laut Ke Aae Mere Meet Ep-26,Laut Ke Aae Mere Meet Ep-26,DD Kisan,1404680000,2025-09-15T09:02:21Z,208
Media Asset,3542506,Laut Ke Aae Mere Meet Ep-25,Laut Ke Aae Mere Meet Ep-25,DD Kisan,1448320000,2025-09-15T09:01:31Z,208
Media Asset,3542499,CJH Hindi ProRes,CJH Hindi ProRes,PB-Archives-A,1860680000,2025-09-15T07:02:48Z,208
Media Asset,3542476,1409 DECODE SUN WEEKEND SOCIAL,1409 DECODE SUN WEEKEND SOCIAL,Decode,3236920000,2025-09-15T05:16:46Z,208
Media Asset,3542475,1309 DECODE SAT WEEKEND SOCIAL,1309 DECODE SAT WEEKEND SOCIAL,Decode,2985480000,2025-09-15T05:00:42Z,208
Media Asset,3542474,1209 DECODE SOCIAL FULL WAVES,1209 DECODE SOCIAL FULL WAVES,Decode,3478680000,2025-09-15T04:59:42Z,208
Media Asset,3539909,KBR_EP_69_S2_MIX_MASTER OTT,KBR_EP_69_S2_MIX_MASTER OTT,Sagar World,1555000000,2025-09-12T08:42:51Z,208
Media Asset,3539889,Budget Kudumbam Episode 189,Budget Kudumbam Episode 189,DD Podhigai (Chennai),1372080000,2025-09-11T09:26:04Z,208
Media Asset,3539887,Budget Kudumbam Episode 187,Budget Kudumbam Episode 187,DD Podhigai (Chennai),1355240000,2025-09-11T07:09:55Z,208
Media Asset,3539879,Budget Kudumbam Episode 186,Budget Kudumbam Episode 186,DD Podhigai (Chennai),1388520000,2025-09-11T07:04:40Z,208
Media Asset,3539857,TGICS EP 01 MIX MASTER WAVES_V02,TGICS EP 01 MIX MASTER WAVES_V02,DD Sport,2589000000,2025-09-11T05:24:20Z,208
Media Asset,3539855,1009 DECODE SOCIAL FULL WAVES,1009 DECODE SOCIAL FULL WAVES,Decode,3166240000,2025-09-11T05:17:28Z,208
Media Asset,3539852,KBR_EP_68_S2_MIX_MASTER OTT,KBR_EP_68_S2_MIX_MASTER OTT,Sagar World,1525000000,2025-09-10T12:46:51Z,208
Media Asset,3539850,KBR_EP_70_S2_MIX_MASTER OTT,KBR_EP_70_S2_MIX_MASTER OTT,Sagar World,1569000000,2025-09-10T12:45:51Z,208
Media Asset,3539848,KBR_EP_71_S2_MIX_MASTER OTT,KBR_EP_71_S2_MIX_MASTER OTT,Sagar World,1554000000,2025-09-10T12:44:51Z,208
Media Asset,3539233,1109 DECODE SOCIAL FULL WAVES,1109 DECODE SOCIAL FULL WAVES,Decode,2974840000,2025-09-12T05:44:27Z,208
Media Asset,3539201,Budget Kudumbam Episode 188,Budget Kudumbam Episode 188,DD Podhigai (Chennai),1387840000,2025-09-11T07:15:25Z,208
Media Asset,3539162,The Expendables 3_Hindi_,The Expendables 3_Hindi_,Lions Gate,115320000,2025-09-10T12:07:11Z,208
Media Asset,3539161,HITMAN's WIFE's BODYGUARD,HITMAN's WIFE's BODYGUARD,Lions Gate,60560500,2025-09-10T12:06:14Z,208
Media Asset,3536110,KBR_EP_72_S2_MIX_MASTER OTT,KBR_EP_72_S2_MIX_MASTER OTT,Sagar World,1546000000,2025-09-10T12:43:50Z,208
Media Asset,3536030,Podcast0,Podcast0,PB-Archives-A,11114000,2025-09-10T05:49:19Z,208
Media Asset,3536024,0909 DECODE SOCIAL FULL WAVES,0909 DECODE SOCIAL FULL WAVES,Decode,3181040000,2025-09-10T05:13:03Z,208
Media Asset,3535500,MaitraHeTaalSuranche_VijayChavan_Rev_Part1,MaitraHeTaalSuranche_VijayChavan_Rev_Part1,DD Mumbai,2936760000,2025-09-10T10:28:06Z,208
Media Asset,3535482,FAUJI02_EP_115_MASTER OTT,FAUJI02_EP_115_MASTER OTT,Fauji2.0,1345040000,2025-09-10T09:18:22Z,208
Media Asset,3535481,FAUJI02_EP_113_MASTER OTT,FAUJI02_EP_113_MASTER OTT,Fauji2.0,1306080000,2025-09-10T09:18:22Z,208
Media Asset,3535480,FAUJI02_EP_114_MASTER OTT,FAUJI02_EP_114_MASTER OTT,Fauji2.0,1324720000,2025-09-10T09:17:22Z,208
Media Asset,3535479,FAUJI02_EP_120_MASTER OTT,FAUJI02_EP_120_MASTER OTT,Fauji2.0,1301080000,2025-09-10T09:10:25Z,208
Media Asset,3535478,FAUJI02_EP_119_MASTER OTT,FAUJI02_EP_119_MASTER OTT,Fauji2.0,1303120000,2025-09-10T09:10:20Z,208
Media Asset,3535477,FAUJI02_EP_117_MASTER OTT,FAUJI02_EP_117_MASTER OTT,Fauji2.0,1314040000,2025-09-10T09:10:14Z,208
Media Asset,3535476,FAUJI02_EP_118_MASTER OTT,FAUJI02_EP_118_MASTER OTT,Fauji2.0,1307040000,2025-09-10T09:10:06Z,208
Media Asset,3535475,FAUJI02_EP_116_MASTER OTT,FAUJI02_EP_116_MASTER OTT,Fauji2.0,1296760000,2025-09-10T09:09:18Z,208
Media Asset,3535474,05_GREENLAND_HINDI_30 SEC LGP,05_GREENLAND_HINDI_30 SEC LGP,Lions Gate,30000000,2025-09-10T09:03:54Z,208
Media Asset,3535456,Budget Kudumbam Episode 185,Budget Kudumbam Episode 185,DD Podhigai (Chennai),1377680000,2025-09-10T06:21:51Z,208
Media Asset,3535441,Budget Kudumbam Episode 184,Budget Kudumbam Episode 184,DD Podhigai (Chennai),1369160000,2025-09-09T11:50:35Z,208
Media Asset,3535440,Budget Kudumbam Episode 183,Budget Kudumbam Episode 183,DD Podhigai (Chennai),1384360000,2025-09-09T11:45:40Z,208
Media Asset,3535439,Budget Kudumbam Episode 181,Budget Kudumbam Episode 181,DD Podhigai (Chennai),1369400000,2025-09-09T11:40:53Z,208
Media Asset,3535438,Budget Kudumbam E182,Budget Kudumbam E182,DD Podhigai (Chennai),1382200000,2025-09-09T11:35:37Z,208
Media Asset,3535430,Laut Ke Aae Mere Meet Ep-18,Laut Ke Aae Mere Meet Ep-18,DD Kisan,1421600000,2025-09-09T10:33:27Z,208
Media Asset,3535429,Laut Ke Aae Mere Meet Ep-17,Laut Ke Aae Mere Meet Ep-17,DD Kisan,1402080000,2025-09-09T10:32:35Z,208
Media Asset,3535427,Laut Ke Aae Mere Meet Ep-16,Laut Ke Aae Mere Meet Ep-16,DD Kisan,1343360000,2025-09-09T10:28:36Z,208
Media Asset,3535426,Cyber Crime Ki Duniya Bach Ke Rehna Epi -30 (Influencer) Part 2,Cyber Crime Ki Duniya Bach Ke Rehna Epi -30 (Influencer) Part 2,DD National,1663595271,2025-09-09T09:51:09Z,208
Media Asset,3535414,Cyber Crime Ki Duniya Bach Ke Rehna Epi -28 (Cancel Marriage) Part 2,Cyber Crime Ki Duniya Bach Ke Rehna Epi -28 (Cancel Marriage) Part 2,DD National,1732530800,2025-09-09T09:32:21Z,208
Media Asset,3535413,Cyber Crime Ki Duniya Bach Ke Rehna Epi - 12 (Massage Parlour),Cyber Crime Ki Duniya Bach Ke Rehna Epi - 12 (Massage Parlour),DD National,1416715300,2025-09-09T09:32:21Z,208
Media Asset,3535412,Cyber Crime Ki Duniya Bach Ke Rehna Epi -29 (Influencer) Part 1,Cyber Crime Ki Duniya Bach Ke Rehna Epi -29 (Influencer) Part 1,DD National,1655887567,2025-09-09T09:32:21Z,208
Media Asset,3535411,Cyber Crime Ki Duniya Bach Ke Rehna Epi -22 (Missing House) Part 2,Cyber Crime Ki Duniya Bach Ke Rehna Epi -22 (Missing House) Part 2,DD National,1632631000,2025-09-09T09:31:19Z,208
Media Asset,3535410,Cyber Crime Ki Duniya Bach Ke Rehna Epi -27 (Cancel Marriage) Part 1,Cyber Crime Ki Duniya Bach Ke Rehna Epi -27 (Cancel Marriage) Part 1,DD National,1840538708,2025-09-09T09:31:19Z,208
Media Asset,3535409,Cyber Crime Ki Duniya Bach Ke Rehna Epi -23 (job scam) Part 1,Cyber Crime Ki Duniya Bach Ke Rehna Epi -23 (job scam) Part 1,DD National,1567666104,2025-09-09T09:31:19Z,208
Media Asset,3535408,Cyber Crime Ki Duniya Bach Ke Rehna Epi -24 (job scam) Part 2,Cyber Crime Ki Duniya Bach Ke Rehna Epi -24 (job scam) Part 2,DD National,1771102667,2025-09-09T09:31:19Z,208
Media Asset,3535407,Cyber Crime Ki Duniya Bach Ke Rehna Epi -26 (Income Tax) Part 2,Cyber Crime Ki Duniya Bach Ke Rehna Epi -26 (Income Tax) Part 2,DD National,1580145233,2025-09-09T09:31:19Z,208
Media Asset,3535406,Cyber Crime Ki Duniya Bach Ke Rehna Epi -25 (Income Tax) Part 1,Cyber Crime Ki Duniya Bach Ke Rehna Epi -25 (Income Tax) Part 1,DD National,1624889938,2025-09-09T09:31:19Z,208
Media Asset,3535405,Cyber Crime Ki Duniya Bach Ke Rehna Epi -16 (Long Distance Relationship) Part 2,Cyber Crime Ki Duniya Bach Ke Rehna Epi -16 (Long Distance Relationship) Part 2,DD National,1707072042,2025-09-09T09:30:15Z,208
Media Asset,3535404,Cyber Crime Ki Duniya Bach Ke Rehna Epi -17 & 18 (Hotel Hack),Cyber Crime Ki Duniya Bach Ke Rehna Epi -17 & 18 (Hotel Hack),DD National,3181978800,2025-09-09T09:30:15Z,208
Media Asset,3532774,Cyber Crime Ki Duniya Bach Ke Rehna Epi -20 (QR SCAM) Part 2,Cyber Crime Ki Duniya Bach Ke Rehna Epi -20 (QR SCAM) Part 2,DD National,1675740733,2025-09-09T09:30:15Z,208
Media Asset,3532749,KoshishSeKamiyabiTak_S3_E0,KoshishSeKamiyabiTak_S3_E0,DD Mumbai,10000000,2025-09-09T06:48:24Z,208
Media Asset,3532747,HR-PROG-3007-WAVES-PM-JAYA-DND,HR-PROG-3007-WAVES-PM-JAYA-DND,PB-Archives-A,6275720000,2025-09-09T06:36:50Z,208
Media Asset,3532740,KoshishSeKamiyabiTak_S2_E0,KoshishSeKamiyabiTak_S2_E0,DD Mumbai,10000000,2025-09-09T06:24:12Z,208
Media Asset,3532720,HR-0709-DECODE-SUN-SPL-WAVES,HR-0709-DECODE-SUN-SPL-WAVES,Decode,2978760000,2025-09-08T05:04:39Z,208
Media Asset,3532719,0609 DECODE SAT WEEKEND SOCIAL-FULL WAVES,0609 DECODE SAT WEEKEND SOCIAL-FULL WAVES,Decode,3194640000,2025-09-08T05:03:39Z,208
Media Asset,3532718,0509 DECODE SOCIAL FULL WAVES,0509 DECODE SOCIAL FULL WAVES,Decode,3207680000,2025-09-06T07:52:29Z,208
Media Asset,3532717,0409 DECODE SOCIAL FULL WAVES,0409 DECODE SOCIAL FULL WAVES,Decode,3444040000,2025-09-06T07:48:29Z,208
Media Asset,3532712,Ganeshotsav in NagpurTV Report,Ganeshotsav in NagpurTV Report,DD Mumbai,1337160000,2025-09-05T11:04:52Z,208
Media Asset,3532708,Ganeshotsav in Pune TV Report,Ganeshotsav in Pune TV Report,DD Mumbai,1351040000,2025-09-05T10:43:20Z,208
Media Asset,3532695,Maitraheshabdsuranche_Shobha Joshi_Part01,Maitraheshabdsuranche_Shobha Joshi_Part01,DD Mumbai,3255640000,2025-09-05T06:41:41Z,208
Media Asset,3532693,Laut Ke Aae Mere Meet Ep-15,Laut Ke Aae Mere Meet Ep-15,DD Kisan,1403280000,2025-09-04T12:42:33Z,208
Media Asset,3532692,Laut Ke Aae Mere Meet Ep-14,Laut Ke Aae Mere Meet Ep-14,DD Kisan,1386040000,2025-09-04T12:41:42Z,208
Media Asset,3532691,Laut Ke Aae Mere Meet Ep-13,Laut Ke Aae Mere Meet Ep-13,DD Kisan,1421320000,2025-09-04T12:40:50Z,208
Media Asset,3532690,Laut Ke Aae Mere Meet Ep-12,Laut Ke Aae Mere Meet Ep-12,DD Kisan,1397560000,2025-09-04T12:39:13Z,208
Media Asset,3532689,Laut Ke Aae Mere Meet Ep-11,Laut Ke Aae Mere Meet Ep-11,DD Kisan,1436240000,2025-09-04T12:36:07Z,208
Media Asset,3532688,Laut Ke Aae Mere Meet Ep-10,Laut Ke Aae Mere Meet Ep-10,DD Kisan,1397640000,2025-09-04T12:13:24Z,208
Media Asset,3532687,Laut Ke Aae Mere Meet Ep-09,Laut Ke Aae Mere Meet Ep-09,DD Kisan,1376880000,2025-09-04T12:12:02Z,208
Media Asset,3532682,Laut Ke Aae Mere Meet Ep-08,Laut Ke Aae Mere Meet Ep-08,DD Kisan,1379080000,2025-09-04T11:54:55Z,208
Media Asset,3532681,Laut Ke Aae Mere Meet Ep-07,Laut Ke Aae Mere Meet Ep-07,DD Kisan,1402000000,2025-09-04T11:53:17Z,208
Media Asset,3532679,Laut Ke Aae Mere Meet Ep-06,Laut Ke Aae Mere Meet Ep-06,DD Kisan,1401400000,2025-09-04T11:51:27Z,208
Media Asset,3530656,Cyber Crime Ki Duniya Bach Ke Rehna Epi -21 (Missing House) Part 1,Cyber Crime Ki Duniya Bach Ke Rehna Epi -21 (Missing House) Part 1,DD National,1630128500,2025-09-09T09:30:15Z,208
Media Asset,3530655,Cyber Crime Ki Duniya Bach Ke Rehna Epi -15 (Long Distance Relationship) Part 1,Cyber Crime Ki Duniya Bach Ke Rehna Epi -15 (Long Distance Relationship) Part 1,DD National,1508139967,2025-09-09T09:30:15Z,208
Media Asset,3530654,Cyber Crime Ki Duniya Bach Ke Rehna Epi -19 (QR SCAM) Part 1,Cyber Crime Ki Duniya Bach Ke Rehna Epi -19 (QR SCAM) Part 1,DD National,1700965938,2025-09-09T09:30:15Z,208
Media Asset,3530626,0809 DECODE SOCIAL FULL WAVES,0809 DECODE SOCIAL FULL WAVES,Decode,3299360000,2025-09-09T05:11:35Z,208
Media Asset,3530622,Budget Kudumbam Episode 180,Budget Kudumbam Episode 180,DD Podhigai (Chennai),1440080000,2025-09-08T09:35:52Z,208
Media Asset,3530619,Budget Kudumbam Episode 179,Budget Kudumbam Episode 179,DD Podhigai (Chennai),1424880000,2025-09-08T09:26:34Z,208
Media Asset,3530618,Budget Kudumbam Episode 178,Budget Kudumbam Episode 178,DD Podhigai (Chennai),1422760000,2025-09-08T09:21:29Z,208
Media Asset,3530617,Budget Kudumbam Episode 177,Budget Kudumbam Episode 177,DD Podhigai (Chennai),1384320000,2025-09-08T09:16:15Z,208
Media Asset,3530616,Budget Kudumbam Episode 176,Budget Kudumbam Episode 176,DD Podhigai (Chennai),1423920000,2025-09-08T09:11:40Z,208
Media Asset,3530597,Ganeshotsav in Mumbai TV Report,Ganeshotsav in Mumbai TV Report,DD Mumbai,1395400000,2025-09-05T08:27:44Z,208
Media Asset,3530572,FINAL PODCAST JAVED SIR,FINAL PODCAST JAVED SIR,PB-Archives-A,2967914667,2025-09-04T11:14:05Z,208
Media Asset,3530571,"Shri Prataprao Jadhav, Hon'ble Union Minister in The Akashvani Podcast _ 11 Years of Seva","Shri Prataprao Jadhav, Hon'ble Union Minister in The Akashvani Podcast _ 11 Years of Seva",PB-Archives-A,1816682812,2025-09-04T11:14:05Z,208
Media Asset,3530570,"The Akashvani Podcast with Ms Urmila Gupta, IIS (Retd)","The Akashvani Podcast with Ms Urmila Gupta, IIS (Retd)",PB-Archives-A,1518747574,2025-09-04T11:14:05Z,208
Media Asset,3530568,The Akashvani Podcast with #NASA Astronaut Mike Massimino,The Akashvani Podcast with #NASA Astronaut Mike Massimino,PB-Archives-A,833689252,2025-09-04T11:11:54Z,208
Media Asset,3530565,Shakthi E131,Shakthi E131,DD Podhigai (Chennai),1447720000,2025-09-04T10:17:04Z,208
Media Asset,3530562,Sakthi E132,Sakthi E132,DD Podhigai (Chennai),1436800000,2025-09-04T10:11:05Z,208
Media Asset,3529698,The Akashvani Podcast with ANUP JALOTA (1),The Akashvani Podcast with ANUP JALOTA (1),PB-Archives-A,2654923175,2025-09-04T11:09:42Z,208
Media Asset,3529697,The 80's of Akashvani _ The Akashvani Podcast with Ms Neelima Harjal,The 80's of Akashvani _ The Akashvani Podcast with Ms Neelima Harjal,PB-Archives-A,1474072600,2025-09-04T11:08:34Z,208
Media Asset,3529696,The Akashvani Podcast with Deepa Malik,The Akashvani Podcast with Deepa Malik,PB-Archives-A,2582082177,2025-09-04T11:08:34Z,208
Media Asset,3529695,Shekhar Suman in The Akashvani Podcast,Shekhar Suman in The Akashvani Podcast,PB-Archives-A,4310970340,2025-09-04T11:08:34Z,208
Media Asset,3529686,"Shri Harsh Malhotra, Hon'ble Union Minister in The Akashvani Podcast _ 11 Years of Seva","Shri Harsh Malhotra, Hon'ble Union Minister in The Akashvani Podcast _ 11 Years of Seva",PB-Archives-A,3055328073,2025-09-04T11:07:28Z,208
Media Asset,3529685,"Shri Jual Oram, Hon'ble Union Minister in The Akashvani Podcast _ 11 Years of Seva","Shri Jual Oram, Hon'ble Union Minister in The Akashvani Podcast _ 11 Years of Seva",PB-Archives-A,2499163719,2025-09-04T11:07:28Z,208
Media Asset,3529684,Shri Kiren Rijiju in 'The Akashvani Podcast'  _ 11 years of government,Shri Kiren Rijiju in 'The Akashvani Podcast'  _ 11 years of government,PB-Archives-A,2792338866,2025-09-04T11:07:28Z,208
Media Asset,3529683,"Shri Jyotiraditya Scindia, Union Minister in The Akashvani Podcast_Post Office's Business Model 2025","Shri Jyotiraditya Scindia, Union Minister in The Akashvani Podcast_Post Office's Business Model 2025",PB-Archives-A,2091421315,2025-09-04T11:05:14Z,208
Media Asset,3529682,"Anupriya Patel, Hon'ble Union Minister in The Akashvani Podcast _ 11 Years of Seva","Anupriya Patel, Hon'ble Union Minister in The Akashvani Podcast _ 11 Years of Seva",PB-Archives-A,2410045533,2025-09-04T11:05:13Z,208
Media Asset,3529680,MaitraHeShabdSuranche_DrVikasKashalkar_Part1_Rev,MaitraHeShabdSuranche_DrVikasKashalkar_Part1_Rev,DD Mumbai,3085560000,2025-09-04T10:37:10Z,208
Media Asset,3529679,Shakthi E135,Shakthi E135,DD Podhigai (Chennai),1421520000,2025-09-04T10:35:11Z,208
Media Asset,3529678,Anadi_The_Enternal_Sprit_Of_Bharat-Part4,Anadi_The_Enternal_Sprit_Of_Bharat-Part4,PB-Archives-A,1656766667,2025-09-04T10:28:49Z,208
Media Asset,3529677,Anadi_The_Enternal_Sprit_Of_Bharat-Part3,Anadi_The_Enternal_Sprit_Of_Bharat-Part3,PB-Archives-A,1599934667,2025-09-04T10:28:49Z,208
Media Asset,3529676,Shakthi E134,Shakthi E134,DD Podhigai (Chennai),1425160000,2025-09-04T10:28:05Z,208
Media Asset,3529673,Shakthi E133,Shakthi E133,DD Podhigai (Chennai),1429640000,2025-09-04T10:21:59Z,208
Media Asset,3529665,KoshishSeKamiyabiTak_S1 E0,KoshishSeKamiyabiTak_S1 E0,DD Mumbai,10000000,2025-09-04T09:40:26Z,208
Media Asset,3529660,KBR_EP_63_S2_MIX_MASTER OTT,KBR_EP_63_S2_MIX_MASTER OTT,Sagar World,1415000000,2025-09-04T09:29:39Z,208
Media Asset,3529659,MaitraHeShabdSuranche_DevdattaSable_Part1_Rev,MaitraHeShabdSuranche_DevdattaSable_Part1_Rev,DD Mumbai,3237480000,2025-09-04T09:23:03Z,208
Media Asset,3527187,06_MEGASNAKE,06_MEGASNAKE,Lions Gate,115520000,2025-09-04T06:42:38Z,208
Media Asset,3527184,07_Last Breath_15se_LGP,07_Last Breath_15se_LGP,Lions Gate,15041667,2025-09-04T06:42:36Z,208
Media Asset,3527159,KBR_EP_67_S2_MIX_MASTER OTT,KBR_EP_67_S2_MIX_MASTER OTT,Sagar World,1484000000,2025-09-04T04:58:08Z,208
Media Asset,3527158,KBR_EP_65_S2_MIX_MASTER OTT,KBR_EP_65_S2_MIX_MASTER OTT,Sagar World,1516000000,2025-09-04T04:57:08Z,208
Media Asset,3527157,KBR_EP_66_S2_MIX_MASTER OTT,KBR_EP_66_S2_MIX_MASTER OTT,Sagar World,1627000000,2025-09-04T04:57:08Z,208
Media Asset,3527156,KBR_EP_64_S2_MIX_MASTER OTT,KBR_EP_64_S2_MIX_MASTER OTT,Sagar World,1487000000,2025-09-04T04:56:07Z,208
Media Asset,3526268,0903 DECODE SOCIAL FULL WAVES,0903 DECODE SOCIAL FULL WAVES,Decode,3061000000,2025-09-04T05:21:11Z,208
Media Asset,3526240,KoshishSeKamiyabiTak_S0_E0,KoshishSeKamiyabiTak_S0_E0,DD Mumbai,10000000,2025-09-03T11:40:37Z,208
Media Asset,3523557,UPAHAR EP-1,UPAHAR EP-1,DDK Guwahati,1494920000,2025-09-03T10:04:04Z,208
Media Asset,3523556,POKHI URI JAAI EP -2,POKHI URI JAAI EP -2,DDK Guwahati,1468960000,2025-09-03T10:04:04Z,208
Media Asset,3523555,ARUNODOI,ARUNODOI,DDK Guwahati,1572720000,2025-09-03T10:04:04Z,208
Media Asset,3523554,UPAHAR EP-2,UPAHAR EP-2,DDK Guwahati,1570600000,2025-09-03T10:04:04Z,208
Media Asset,3523553,NOTUN JONAK EP 3,NOTUN JONAK EP 3,DDK Guwahati,1369360000,2025-09-03T10:03:06Z,208
Media Asset,3523552,POKHI URI JAAI EP -1,POKHI URI JAAI EP -1,DDK Guwahati,1437960000,2025-09-03T10:03:06Z,208
Media Asset,3523551,NOTUN JONAK EP 2,NOTUN JONAK EP 2,DDK Guwahati,1356680000,2025-09-03T10:03:06Z,208
Media Asset,3523550,TORA,TORA,DDK Guwahati,1583920000,2025-09-03T10:03:06Z,208
Media Asset,3523549,NOTUN JONAK EP 1,NOTUN JONAK EP 1,DDK Guwahati,1313560000,2025-09-03T10:02:03Z,208
Media Asset,3523538,Jallosh Gajananacha Utsav Anandacha,Jallosh Gajananacha Utsav Anandacha,DD Mumbai,2975120000,2025-09-03T08:51:55Z,208
Media Asset,3523495,RangaYeiVo_ShashikantWadke,RangaYeiVo_ShashikantWadke,DD Mumbai,2726440000,2025-09-03T06:35:17Z,208
Media Asset,3522168,GAURAVMOI OITITJYA RANGIA-  ITIHASHE RINGIYAI MATE,GAURAVMOI OITITJYA RANGIA-  ITIHASHE RINGIYAI MATE,DDK Guwahati,2880680000,2025-09-03T10:28:38Z,208
Media Asset,3522165,WESTERN MUSIC BY ECHOES IN ENTROPY,WESTERN MUSIC BY ECHOES IN ENTROPY,DDK Guwahati,1433720000,2025-09-03T10:15:13Z,208
Media Asset,3522132,Anadi_The_Enternal_Sprit_Of_Bharat-Part2,Anadi_The_Enternal_Sprit_Of_Bharat-Part2,PB-Archives-A,1578400000,2025-09-03T08:39:30Z,208
Media Asset,3522072,Laut Ke Aae Mere Meet Ep-05,Laut Ke Aae Mere Meet Ep-05,DD Kisan,1430720000,2025-09-02T10:37:05Z,208
Media Asset,3520233,Makal,Makal,DDK Thiruvananthapuram,3796160000,2025-09-03T05:19:50Z,208
Media Asset,3520232,GandhijiKeralakkarayiloode,GandhijiKeralakkarayiloode,DDK Thiruvananthapuram,744040000,2025-09-03T05:18:49Z,208
Media Asset,3520231,KathakaliRavanavijayamPart02,KathakaliRavanavijayamPart02,DDK Thiruvananthapuram,2122000000,2025-09-03T05:17:49Z,208
Media Asset,3520230,Kargil@ 20,Kargil@ 20,DDK Thiruvananthapuram,1139280000,2025-09-03T05:17:49Z,208
Media Asset,3520229,KathakaliRavanavijayamPart01,KathakaliRavanavijayamPart01,DDK Thiruvananthapuram,4198640000,2025-09-03T05:15:48Z,208
Media Asset,3520228,0209 DECODE SOCIAL FULL WAVES,0209 DECODE SOCIAL FULL WAVES,Decode,3199400000,2025-09-03T05:07:29Z,208
Media Asset,3520206,THE HITMANS BODYGUARD HINDI 1 MINLGP,THE HITMANS BODYGUARD HINDI 1 MINLGP,Lions Gate,60602000,2025-09-02T11:10:37Z,208
Media Asset,3520205,The imitation game 30 secs LGP,The imitation game 30 secs LGP,Lions Gate,30030000,2025-09-02T11:09:37Z,208
Media Asset,3520204,BIG_GAME_30Secs_LGP,BIG_GAME_30Secs_LGP,Lions Gate,30000000,2025-09-02T11:09:37Z,208
Media Asset,3520188,Mere Desh Ki Dharti EP 50,Mere Desh Ki Dharti EP 50,DD Kisan,1408600000,2025-09-01T12:40:11Z,208
Media Asset,3520186,Mere Desh Ki Dharti EP 49,Mere Desh Ki Dharti EP 49,DD Kisan,1306000000,2025-09-01T12:34:31Z,208
Media Asset,3520185,Mere Desh Ki Dharti EP 48,Mere Desh Ki Dharti EP 48,DD Kisan,1356520000,2025-09-01T12:33:26Z,208
Media Asset,3520184,Mere Desh Ki Dharti EP 47,Mere Desh Ki Dharti EP 47,DD Kisan,1378320000,2025-09-01T12:23:11Z,208
Media Asset,3520182,Mere Desh Ki Dharti EP 46,Mere Desh Ki Dharti EP 46,DD Kisan,1339360000,2025-09-01T12:17:38Z,208
Media Asset,3520181,Mere Desh Ki Dharti EP 45,Mere Desh Ki Dharti EP 45,DD Kisan,1435560000,2025-09-01T11:59:14Z,208
Media Asset,3520180,Mere Desh Ki Dharti EP 44,Mere Desh Ki Dharti EP 44,DD Kisan,1340240000,2025-09-01T11:57:55Z,208
Media Asset,3520179,Mere Desh Ki Dharti EP 43,Mere Desh Ki Dharti EP 43,DD Kisan,1398000000,2025-09-01T11:44:25Z,208
Media Asset,3520178,Mere Desh Ki Dharti Ep 30,Mere Desh Ki Dharti Ep 30,DD Kisan,1499880000,2025-09-01T11:37:21Z,208
Media Asset,3520177,Mere Desh Ki Dharti EP 29,Mere Desh Ki Dharti EP 29,DD Kisan,1371720000,2025-09-01T11:36:21Z,208
Media Asset,3520176,Mere Desh Ki Dharti EP 28,Mere Desh Ki Dharti EP 28,DD Kisan,1355720000,2025-09-01T11:35:24Z,208
Media Asset,3520175,Mere Desh Ki Dharti EP 27,Mere Desh Ki Dharti EP 27,DD Kisan,1405560000,2025-09-01T11:34:26Z,208
Media Asset,3520166,EP- 56 MIX MASTER SARDAR THE GAME CHANGER,EP- 56 MIX MASTER SARDAR THE GAME CHANGER,DD National,1454640000,2025-09-01T10:18:05Z,208
Media Asset,3520165,EP- 51 MIX MASTER SARDAR THE GAME CHANGER,EP- 51 MIX MASTER SARDAR THE GAME CHANGER,DD National,1643880000,2025-09-01T10:18:05Z,208
Media Asset,3520164,EP- 55 MIX MASTER SARDAR THE GAME CHANGER,EP- 55 MIX MASTER SARDAR THE GAME CHANGER,DD National,1464160000,2025-09-01T10:18:05Z,208
Media Asset,3520163,EP- 57 MIX MASTER SARDAR THE GAME CHANGER,EP- 57 MIX MASTER SARDAR THE GAME CHANGER,DD National,1478360000,2025-09-01T10:18:05Z,208
Media Asset,3520162,EP- 52 MIX MASTER SARDAR THE GAME CHANGER,EP- 52 MIX MASTER SARDAR THE GAME CHANGER,DD National,1545560000,2025-09-01T10:18:05Z,208
Media Asset,3520161,EP- 54MIX MASTER SARDAR THE GAME CHANGER,EP- 54MIX MASTER SARDAR THE GAME CHANGER,DD National,1433680000,2025-09-01T10:18:05Z,208
Media Asset,3517728,Laut Ke Aae Mere Meet Ep-04,Laut Ke Aae Mere Meet Ep-04,DD Kisan,1483440000,2025-09-02T10:36:11Z,208
Media Asset,3517727,Laut Ke Aae Mere Meet Ep-03,Laut Ke Aae Mere Meet Ep-03,DD Kisan,1388680000,2025-09-02T10:35:17Z,208
Media Asset,3517726,Laut Ke Aae Mere Meet Ep-02,Laut Ke Aae Mere Meet Ep-02,DD Kisan,1491120000,2025-09-02T10:34:20Z,208
Media Asset,3517724,Laut Ke Aae Mere Meet Ep-01,Laut Ke Aae Mere Meet Ep-01,DD Kisan,1377680000,2025-09-02T10:28:51Z,208
Media Asset,3517712,Anadi_The_Enternal_Sprit_Of_Bharat-Part1,Anadi_The_Enternal_Sprit_Of_Bharat-Part1,PB-Archives-A,1760840000,2025-09-02T08:36:26Z,208
Media Asset,3517705,MaitraHeTaalSuranche_S0_E0,MaitraHeTaalSuranche_S0_E0,DD Mumbai,10040000,2025-09-02T06:54:37Z,208
Media Asset,3517698,Meera (Edited) 1st Sept,Meera (Edited) 1st Sept,PB-Archives-A,6167720000,2025-09-02T05:44:26Z,208
Media Asset,3517693,0109 DECODE SOCIAL FULL WAVES,0109 DECODE SOCIAL FULL WAVES,Decode,3420800000,2025-09-02T05:04:02Z,208
Media Asset,3517692,Mere Desh Ki Dharti EP 52,Mere Desh Ki Dharti EP 52,DD Kisan,1430880000,2025-09-01T12:42:05Z,208
Media Asset,3517691,Mere Desh Ki Dharti EP 51,Mere Desh Ki Dharti EP 51,DD Kisan,1392320000,2025-09-01T12:41:08Z,208
Media Asset,3517688,Mere Desh Ki Dharti EP 26,Mere Desh Ki Dharti EP 26,DD Kisan,1320680000,2025-09-01T11:29:09Z,208
Media Asset,3517685,Mere Desh Ki Dharti EP 25,Mere Desh Ki Dharti EP 25,DD Kisan,1348600000,2025-09-01T11:20:28Z,208
Media Asset,3517681,EP- 62 MIX MASTER SARDAR THE GAME CHANGER,EP- 62 MIX MASTER SARDAR THE GAME CHANGER,DD National,1613400000,2025-09-01T10:27:21Z,208
Media Asset,3517679,EP- 63 MIX MASTER SARDAR THE GAME CHANGER,EP- 63 MIX MASTER SARDAR THE GAME CHANGER,DD National,1693800000,2025-09-01T10:25:58Z,208
Media Asset,3517678,EP- 60 MIX MASTER SARDAR THE GAME CHANGER,EP- 60 MIX MASTER SARDAR THE GAME CHANGER,DD National,1420560000,2025-09-01T10:25:52Z,208
Media Asset,3517677,EP- 61 MIX MASTER SARDAR THE GAME CHANGER,EP- 61 MIX MASTER SARDAR THE GAME CHANGER,DD National,1487280000,2025-09-01T10:25:52Z,208
Media Asset,3517676,EP- 58 MIX MASTER SARDAR THE GAME CHANGER,EP- 58 MIX MASTER SARDAR THE GAME CHANGER,DD National,1514080000,2025-09-01T10:25:37Z,208
Media Asset,3517675,EP- 53MIX MASTER SARDAR THE GAME CHANGER,EP- 53MIX MASTER SARDAR THE GAME CHANGER,DD National,1539760000,2025-09-01T10:25:27Z,208
Media Asset,3517674,EP- 59 MIX MASTER SARDAR THE GAME CHANGER,EP- 59 MIX MASTER SARDAR THE GAME CHANGER,DD National,1486840000,2025-09-01T10:25:07Z,208
Media Asset,3517672,JAHAN CHAND REHTA HEI EP-51,JAHAN CHAND REHTA HEI EP-51,DD National,1472960000,2025-09-01T10:14:49Z,208
Media Asset,3517671,JAHAN CHAND REHTA HEI EP-48,JAHAN CHAND REHTA HEI EP-48,DD National,1468640000,2025-09-01T10:14:49Z,208
Media Asset,3517670,JAHAN CHAND REHTA HEI EP-50,JAHAN CHAND REHTA HEI EP-50,DD National,1415160000,2025-09-01T10:14:49Z,208
Media Asset,3517663,Musical_Performances_of_Malaysia_Indonesia_and_Mexico,Musical_Performances_of_Malaysia_Indonesia_and_Mexico,PB-Archives-A,2400440000,2025-09-01T09:57:36Z,208
Media Asset,3517660,Pachpan Khambe Lal Deewarein_Showmeta,Pachpan Khambe Lal Deewarein_Showmeta,PB-Archives-A,11114000,2025-09-01T09:53:16Z,208
Media Asset,3517655,Sarojini E100,Sarojini E100,DD Podhigai (Chennai),1454920000,2025-09-01T08:37:33Z,208
Media Asset,3517654,Sarojini E99,Sarojini E99,DD Podhigai (Chennai),1458200000,2025-09-01T08:32:33Z,208
Media Asset,3517653,Sarojini E98,Sarojini E98,DD Podhigai (Chennai),1458440000,2025-09-01T08:27:30Z,208
Media Asset,3517642,MANN_KI_BAAT_31082025,MANN_KI_BAAT_31082025,DD News,1883880000,2025-09-01T06:06:53Z,208
Media Asset,3517636,3008 DECODE SAT WEEKEND SOCIAL,3008 DECODE SAT WEEKEND SOCIAL,Decode,3160120000,2025-09-01T04:36:30Z,208
Media Asset,3516213,EP- 47 MIX MASTER SARDAR THE GAME CHANGER,EP- 47 MIX MASTER SARDAR THE GAME CHANGER,DD National,1533640000,2025-09-01T10:16:54Z,208
Media Asset,3516212,EP- 46 MIX MASTER SARDAR THE GAME CHANGER,EP- 46 MIX MASTER SARDAR THE GAME CHANGER,DD National,1459080000,2025-09-01T10:16:54Z,208
Media Asset,3516211,EP- 50 MIX MASTER SARDAR THE GAME CHANGER,EP- 50 MIX MASTER SARDAR THE GAME CHANGER,DD National,1540080000,2025-09-01T10:16:54Z,208
Media Asset,3516210,EP- 48 MIX MASTER SARDAR THE GAME CHANGER,EP- 48 MIX MASTER SARDAR THE GAME CHANGER,DD National,1584720000,2025-09-01T10:16:54Z,208
Media Asset,3516209,EP- 49 MIX MASTER SARDAR THE GAME CHANGER,EP- 49 MIX MASTER SARDAR THE GAME CHANGER,DD National,1467680000,2025-09-01T10:16:54Z,208
Media Asset,3516206,JAHAN CHAND REHTA HEI EP-47,JAHAN CHAND REHTA HEI EP-47,DD National,1439440000,2025-09-01T10:14:50Z,208
Media Asset,3516205,JAHAN CHAND REHTA HEI EP-49,JAHAN CHAND REHTA HEI EP-49,DD National,1485000000,2025-09-01T10:14:50Z,208
Media Asset,3516204,JAHAN CHAND REHTA HEI EP-52,JAHAN CHAND REHTA HEI EP-52,DD National,1476200000,2025-09-01T10:14:50Z,208
Media Asset,3516185,Siddhivinayak Mandir Aarti aani Darshan,Siddhivinayak Mandir Aarti aani Darshan,DD Mumbai,1606440000,2025-09-01T07:53:05Z,208
